ano,codigo_bairro_2010,bairro,faccao,area_bairro_m2,area_faccao_bairro_m2,percentual_area_bairro
2010,330455705001,Centro,ADA,5999470.914,0.0,0.0
2010,330455705001,Centro,CV,5999470.914,0.0,0.0
2010,330455705001,Centro,Milicia,5999470.914,0.0,0.0
2010,330455705001,Centro,TCP,5999470.914,0.0,0.0
2010,330455705002,Gamboa,ADA,1136868.144,0.0,0.0
2010,330455705002,Gamboa,CV,1136868.144,108806.99,9.570766
2010,330455705002,Gamboa,Milicia,1136868.144,0.0,0.0
2010,330455705002,Gamboa,TCP,1136868.144,0.0,0.0
2010,330455705003,Santo Cristo,ADA,1672344.478,0.0,0.0
2010,330455705003,Santo Cristo,CV,1672344.478,39947.24,2.388697
2010,330455705003,Santo Cristo,Milicia,1672344.478,0.0,0.0
2010,330455705003,Santo Cristo,TCP,1672344.478,0.0,0.0
2010,330455705004,Caju,ADA,5067155.95,198991.955,3.927094
2010,330455705004,Caju,CV,5067155.95,56895.643,1.122832
2010,330455705004,Caju,Milicia,5067155.95,0.0,0.0
2010,330455705004,Caju,TCP,5067155.95,133.316,0.002631
2010,330455705005,Catumbi,ADA,632389.034,125202.931,19.798403
2010,330455705005,Catumbi,CV,632389.034,22591.987,3.572482
2010,330455705005,Catumbi,Milicia,632389.034,0.0,0.0
2010,330455705005,Catumbi,TCP,632389.034,0.0,0.0
2010,330455705006,Rio Comprido,ADA,3330278.597,100900.255,3.029784
2010,330455705006,Rio Comprido,CV,3330278.597,369329.522,11.090049
2010,330455705006,Rio Comprido,Milicia,3330278.597,0.0,0.0
2010,330455705006,Rio Comprido,TCP,3330278.597,0.0,0.0
2010,330455705007,Cidade Nova,ADA,936691.34,0.0,0.0
2010,330455705007,Cidade Nova,CV,936691.34,0.187,2e-05
2010,330455705007,Cidade Nova,Milicia,936691.34,0.0,0.0
2010,330455705007,Cidade Nova,TCP,936691.34,0.0,0.0
2010,330455705008,Estácio,ADA,914078.001,92917.141,10.165122
2010,330455705008,Estácio,CV,914078.001,65448.463,7.160052
2010,330455705008,Estácio,Milicia,914078.001,0.0,0.0
2010,330455705008,Estácio,TCP,914078.001,0.0,0.0
2010,330455705009,Flamengo,ADA,1652155.006,23906.883,1.447012
2010,330455705009,Flamengo,CV,1652155.006,0.0,0.0
2010,330455705009,Flamengo,Milicia,1652155.006,0.0,0.0
2010,330455705009,Flamengo,TCP,1652155.006,0.0,0.0
2010,330455705010,Glória,ADA,1125643.202,0.0,0.0
2010,330455705010,Glória,CV,1125643.202,13.885,0.001234
2010,330455705010,Glória,Milicia,1125643.202,0.0,0.0
2010,330455705010,Glória,TCP,1125643.202,0.0,0.0
2010,330455705011,Laranjeiras,ADA,2488268.891,370.463,0.014888
2010,330455705011,Laranjeiras,CV,2488268.891,72703.449,2.921849
2010,330455705011,Laranjeiras,Milicia,2488268.891,0.0,0.0
2010,330455705011,Laranjeiras,TCP,2488268.891,0.0,0.0
2010,330455705012,Catete,ADA,690904.333,0.0,0.0
2010,330455705012,Catete,CV,690904.333,44946.383,6.505442
2010,330455705012,Catete,Milicia,690904.333,0.0,0.0
2010,330455705012,Catete,TCP,690904.333,0.0,0.0
2010,330455705013,Cosme Velho,ADA,933880.948,0.0,0.0
2010,330455705013,Cosme Velho,CV,933880.948,96808.358,10.366242
2010,330455705013,Cosme Velho,Milicia,933880.948,0.0,0.0
2010,330455705013,Cosme Velho,TCP,933880.948,0.0,0.0
2010,330455705014,Botafogo,ADA,4793518.99,181.399,0.003784
2010,330455705014,Botafogo,CV,4793518.99,108620.422,2.265985
2010,330455705014,Botafogo,Milicia,4793518.99,0.0,0.0
2010,330455705014,Botafogo,TCP,4793518.99,0.0,0.0
2010,330455705015,Urca,ADA,2443671.98,0.0,0.0
2010,330455705015,Urca,CV,2443671.98,0.0,0.0
2010,330455705015,Urca,Milicia,2443671.98,0.0,0.0
2010,330455705015,Urca,TCP,2443671.98,0.0,0.0
2010,330455705016,Humaitá,ADA,1068177.754,0.0,0.0
2010,330455705016,Humaitá,CV,1068177.754,5547.437,0.519337
2010,330455705016,Humaitá,Milicia,1068177.754,0.0,0.0
2010,330455705016,Humaitá,TCP,1068177.754,0.0,0.0
2010,330455705017,Leme,ADA,1017046.998,0.0,0.0
2010,330455705017,Leme,CV,1017046.998,154956.837,15.235956
2010,330455705017,Leme,Milicia,1017046.998,0.0,0.0
2010,330455705017,Leme,TCP,1017046.998,0.0,0.0
2010,330455705018,Copacabana,ADA,4201270.477,0.0,0.0
2010,330455705018,Copacabana,CV,4201270.477,211677.279,5.038411
2010,330455705018,Copacabana,Milicia,4201270.477,0.0,0.0
2010,330455705018,Copacabana,TCP,4201270.477,0.0,0.0
2010,330455705019,Ipanema,ADA,3060078.202,0.0,0.0
2010,330455705019,Ipanema,CV,3060078.202,46130.548,1.507496
2010,330455705019,Ipanema,Milicia,3060078.202,0.0,0.0
2010,330455705019,Ipanema,TCP,3060078.202,0.0,0.0
2010,330455705020,Leblon,ADA,2118156.856,11750.6,0.554756
2010,330455705020,Leblon,CV,2118156.856,0.0,0.0
2010,330455705020,Leblon,Milicia,2118156.856,0.0,0.0
2010,330455705020,Leblon,TCP,2118156.856,0.0,0.0
2010,330455705021,Lagoa,ADA,5193577.874,5.53,0.000106
2010,330455705021,Lagoa,CV,5193577.874,845.013,0.01627
2010,330455705021,Lagoa,Milicia,5193577.874,0.0,0.0
2010,330455705021,Lagoa,TCP,5193577.874,0.0,0.0
2010,330455705022,Jardim Botânico,ADA,2817694.6,0.0,0.0
2010,330455705022,Jardim Botânico,CV,2817694.6,0.0,0.0
2010,330455705022,Jardim Botânico,Milicia,2817694.6,0.0,0.0
2010,330455705022,Jardim Botânico,TCP,2817694.6,0.0,0.0
2010,330455705023,Gávea,ADA,2733785.645,31232.71,1.142471
2010,330455705023,Gávea,CV,2733785.645,0.0,0.0
2010,330455705023,Gávea,Milicia,2733785.645,0.0,0.0
2010,330455705023,Gávea,TCP,2733785.645,0.0,0.0
2010,330455705024,Vidigal,ADA,1781818.869,248487.879,13.945743
2010,330455705024,Vidigal,CV,1781818.869,0.0,0.0
2010,330455705024,Vidigal,Milicia,1781818.869,0.0,0.0
2010,330455705024,Vidigal,TCP,1781818.869,0.0,0.0
2010,330455705025,São Conrado,ADA,6668231.159,39173.886,0.58747
2010,330455705025,São Conrado,CV,6668231.159,0.0,0.0
2010,330455705025,São Conrado,Milicia,6668231.159,0.0,0.0
2010,330455705025,São Conrado,TCP,6668231.159,0.0,0.0
2010,330455705026,São Cristóvão,ADA,3794648.396,0.0,0.0
2010,330455705026,São Cristóvão,CV,3794648.396,321993.36,8.48546
2010,330455705026,São Cristóvão,Milicia,3794648.396,0.0,0.0
2010,330455705026,São Cristóvão,TCP,3794648.396,17826.627,0.469783
2010,330455705027,Mangueira,ADA,965517.733,0.0,0.0
2010,330455705027,Mangueira,CV,965517.733,356854.481,36.95991
2010,330455705027,Mangueira,Milicia,965517.733,0.0,0.0
2010,330455705027,Mangueira,TCP,965517.733,0.0,0.0
2010,330455705028,Benfica,ADA,1803020.832,1136.645,0.063041
2010,330455705028,Benfica,CV,1803020.832,180222.661,9.995595
2010,330455705028,Benfica,Milicia,1803020.832,0.0,0.0
2010,330455705028,Benfica,TCP,1803020.832,4753.938,0.263665
2010,330455705029,Praça da Bandeira,ADA,759082.679,0.0,0.0
2010,330455705029,Praça da Bandeira,CV,759082.679,0.0,0.0
2010,330455705029,Praça da Bandeira,Milicia,759082.679,0.0,0.0
2010,330455705029,Praça da Bandeira,TCP,759082.679,0.0,0.0
2010,330455705030,Tijuca,ADA,9943019.197,19227.095,0.193373
2010,330455705030,Tijuca,CV,9943019.197,761805.774,7.661715
2010,330455705030,Tijuca,Milicia,9943019.197,0.0,0.0
2010,330455705030,Tijuca,TCP,9943019.197,85166.149,0.856542
2010,330455705031,Alto da Boa Vista,ADA,31327174.846,0.0,0.0
2010,330455705031,Alto da Boa Vista,CV,31327174.846,214619.037,0.685089
2010,330455705031,Alto da Boa Vista,Milicia,31327174.846,2479.521,0.007915
2010,330455705031,Alto da Boa Vista,TCP,31327174.846,0.0,0.0
2010,330455705032,Maracanã,ADA,1618236.441,0.0,0.0
2010,330455705032,Maracanã,CV,1618236.441,6310.973,0.389991
2010,330455705032,Maracanã,Milicia,1618236.441,0.0,0.0
2010,330455705032,Maracanã,TCP,1618236.441,0.0,0.0
2010,330455705033,Vila Isabel,ADA,3335039.051,271270.393,8.13395
2010,330455705033,Vila Isabel,CV,3335039.051,0.0,0.0
2010,330455705033,Vila Isabel,Milicia,3335039.051,0.0,0.0
2010,330455705033,Vila Isabel,TCP,3335039.051,0.0,0.0
2010,330455705034,Andaraí,ADA,2288826.412,0.0,0.0
2010,330455705034,Andaraí,CV,2288826.412,313983.204,13.718087
2010,330455705034,Andaraí,Milicia,2288826.412,0.0,0.0
2010,330455705034,Andaraí,TCP,2288826.412,0.0,0.0
2010,330455705035,Grajaú,ADA,5666000.278,0.0,0.0
2010,330455705035,Grajaú,CV,5666000.278,262375.008,4.630692
2010,330455705035,Grajaú,Milicia,5666000.278,0.0,0.0
2010,330455705035,Grajaú,TCP,5666000.278,0.0,0.0
2010,330455705036,Manguinhos,ADA,2904792.726,157.016,0.005405
2010,330455705036,Manguinhos,CV,2904792.726,376244.55,12.952544
2010,330455705036,Manguinhos,Milicia,2904792.726,65755.991,2.263707
2010,330455705036,Manguinhos,TCP,2904792.726,0.437,1.5e-05
2010,330455705037,Bonsucesso,ADA,2246914.385,0.0,0.0
2010,330455705037,Bonsucesso,CV,2246914.385,40041.623,1.782072
2010,330455705037,Bonsucesso,Milicia,2246914.385,0.0,0.0
2010,330455705037,Bonsucesso,TCP,2246914.385,226.526,0.010082
2010,330455705038,Ramos,ADA,2803461.571,0.0,0.0
2010,330455705038,Ramos,CV,2803461.571,296736.912,10.584661
2010,330455705038,Ramos,Milicia,2803461.571,741044.949,26.433212
2010,330455705038,Ramos,TCP,2803461.571,0.0,0.0
2010,330455705039,Olaria,ADA,3777725.993,0.0,0.0
2010,330455705039,Olaria,CV,3777725.993,770200.103,20.387929
2010,330455705039,Olaria,Milicia,3777725.993,226215.576,5.988141
2010,330455705039,Olaria,TCP,3777725.993,0.0,0.0
2010,330455705040,Penha,ADA,5667327.123,0.0,0.0
2010,330455705040,Penha,CV,5667327.123,1157894.877,20.431058
2010,330455705040,Penha,Milicia,5667327.123,52428.385,0.925099
2010,330455705040,Penha,TCP,5667327.123,0.0,0.0
2010,330455705041,Penha Circular,ADA,4750762.719,0.0,0.0
2010,330455705041,Penha Circular,CV,4750762.719,583683.859,12.286108
2010,330455705041,Penha Circular,Milicia,4750762.719,237547.031,5.000187
2010,330455705041,Penha Circular,TCP,4750762.719,0.0,0.0
2010,330455705042,Brás de Pina,ADA,3512571.928,0.0,0.0
2010,330455705042,Brás de Pina,CV,3512571.928,163522.551,4.655351
2010,330455705042,Brás de Pina,Milicia,3512571.928,1106915.732,31.51297
2010,330455705042,Brás de Pina,TCP,3512571.928,11254.778,0.320414
2010,330455705043,Cordovil,ADA,3753939.247,0.0,0.0
2010,330455705043,Cordovil,CV,3753939.247,326675.008,8.702192
2010,330455705043,Cordovil,Milicia,3753939.247,225515.056,6.007424
2010,330455705043,Cordovil,TCP,3753939.247,0.0,0.0
2010,330455705044,Parada de Lucas,ADA,2297621.975,0.0,0.0
2010,330455705044,Parada de Lucas,CV,2297621.975,7297.798,0.317624
2010,330455705044,Parada de Lucas,Milicia,2297621.975,11710.614,0.509684
2010,330455705044,Parada de Lucas,TCP,2297621.975,259072.176,11.275666
2010,330455705045,Vigário Geral,ADA,3417305.816,0.0,0.0
2010,330455705045,Vigário Geral,CV,3417305.816,321721.571,9.41448
2010,330455705045,Vigário Geral,Milicia,3417305.816,0.0,0.0
2010,330455705045,Vigário Geral,TCP,3417305.816,161716.907,4.732293
2010,330455705046,Jardim América,ADA,1948170.717,0.0,0.0
2010,330455705046,Jardim América,CV,1948170.717,209897.526,10.774083
2010,330455705046,Jardim América,Milicia,1948170.717,0.0,0.0
2010,330455705046,Jardim América,TCP,1948170.717,0.0,0.0
2010,330455705047,São Francisco Xavier,ADA,665866.707,0.0,0.0
2010,330455705047,São Francisco Xavier,CV,665866.707,8657.787,1.300228
2010,330455705047,São Francisco Xavier,Milicia,665866.707,0.0,0.0
2010,330455705047,São Francisco Xavier,TCP,665866.707,0.0,0.0
2010,330455705048,Rocha,ADA,1195663.72,0.0,0.0
2010,330455705048,Rocha,CV,1195663.72,0.0,0.0
2010,330455705048,Rocha,Milicia,1195663.72,0.0,0.0
2010,330455705048,Rocha,TCP,1195663.72,0.0,0.0
2010,330455705049,Riachuelo,ADA,1007501.654,0.0,0.0
2010,330455705049,Riachuelo,CV,1007501.654,0.0,0.0
2010,330455705049,Riachuelo,Milicia,1007501.654,0.0,0.0
2010,330455705049,Riachuelo,TCP,1007501.654,0.0,0.0
2010,330455705050,Sampaio,ADA,834065.511,0.0,0.0
2010,330455705050,Sampaio,CV,834065.511,29032.545,3.480847
2010,330455705050,Sampaio,Milicia,834065.511,0.0,0.0
2010,330455705050,Sampaio,TCP,834065.511,0.0,0.0
2010,330455705051,Engenho Novo,ADA,2670486.436,1106.168,0.041422
2010,330455705051,Engenho Novo,CV,2670486.436,522982.587,19.583795
2010,330455705051,Engenho Novo,Milicia,2670486.436,872.648,0.032677
2010,330455705051,Engenho Novo,TCP,2670486.436,0.0,0.0
2010,330455705052,Lins de Vasconcelos,ADA,2795375.736,0.0,0.0
2010,330455705052,Lins de Vasconcelos,CV,2795375.736,747280.068,26.732724
2010,330455705052,Lins de Vasconcelos,Milicia,2795375.736,0.0,0.0
2010,330455705052,Lins de Vasconcelos,TCP,2795375.736,0.0,0.0
2010,330455705053,Méier,ADA,2365369.616,0.0,0.0
2010,330455705053,Méier,CV,2365369.616,83586.886,3.533777
2010,330455705053,Méier,Milicia,2365369.616,252228.789,10.663399
2010,330455705053,Méier,TCP,2365369.616,0.0,0.0
2010,330455705054,Todos os Santos,ADA,1096583.584,0.0,0.0
2010,330455705054,Todos os Santos,CV,1096583.584,0.024,2e-06
2010,330455705054,Todos os Santos,Milicia,1096583.584,19935.691,1.817982
2010,330455705054,Todos os Santos,TCP,1096583.584,0.0,0.0
2010,330455705055,Cachambi,ADA,2184248.384,0.0,0.0
2010,330455705055,Cachambi,CV,2184248.384,24161.522,1.106171
2010,330455705055,Cachambi,Milicia,2184248.384,374144.338,17.129203
2010,330455705055,Cachambi,TCP,2184248.384,0.0,0.0
2010,330455705056,Engenho de Dentro,ADA,3860558.733,0.0,0.0
2010,330455705056,Engenho de Dentro,CV,3860558.733,389340.182,10.085073
2010,330455705056,Engenho de Dentro,Milicia,3860558.733,233678.271,6.052965
2010,330455705056,Engenho de Dentro,TCP,3860558.733,0.0,0.0
2010,330455705057,Água Santa,ADA,2443119.047,0.0,0.0
2010,330455705057,Água Santa,CV,2443119.047,8827.196,0.361308
2010,330455705057,Água Santa,Milicia,2443119.047,361612.995,14.801284
2010,330455705057,Água Santa,TCP,2443119.047,0.0,0.0
2010,330455705058,Encantado,ADA,1017956.092,0.0,0.0
2010,330455705058,Encantado,CV,1017956.092,5034.295,0.494549
2010,330455705058,Encantado,Milicia,1017956.092,690812.922,67.862743
2010,330455705058,Encantado,TCP,1017956.092,0.0,0.0
2010,330455705059,Piedade,ADA,3975814.299,129708.741,3.262445
2010,330455705059,Piedade,CV,3975814.299,0.0,0.0
2010,330455705059,Piedade,Milicia,3975814.299,2423980.931,60.968163
2010,330455705059,Piedade,TCP,3975814.299,0.0,0.0
2010,330455705060,Abolição,ADA,681919.203,119.689,0.017552
2010,330455705060,Abolição,CV,681919.203,0.0,0.0
2010,330455705060,Abolição,Milicia,681919.203,22204.089,3.256117
2010,330455705060,Abolição,TCP,681919.203,0.0,0.0
2010,330455705061,Pilares,ADA,1736724.672,115844.411,6.670281
2010,330455705061,Pilares,CV,1736724.672,197072.638,11.347374
2010,330455705061,Pilares,Milicia,1736724.672,134960.44,7.770975
2010,330455705061,Pilares,TCP,1736724.672,0.0,0.0
2010,330455705062,Vila Kosmos,ADA,1459829.177,0.0,0.0
2010,330455705062,Vila Kosmos,CV,1459829.177,712008.918,48.773441
2010,330455705062,Vila Kosmos,Milicia,1459829.177,199028.106,13.633657
2010,330455705062,Vila Kosmos,TCP,1459829.177,0.0,0.0
2010,330455705063,Vicente de Carvalho,ADA,1861712.205,511574.468,27.478708
2010,330455705063,Vicente de Carvalho,CV,1861712.205,201348.48,10.815231
2010,330455705063,Vicente de Carvalho,Milicia,1861712.205,0.0,0.0
2010,330455705063,Vicente de Carvalho,TCP,1861712.205,135.146,0.007259
2010,330455705064,Vila da Penha,ADA,1459935.08,0.0,0.0
2010,330455705064,Vila da Penha,CV,1459935.08,32.071,0.002197
2010,330455705064,Vila da Penha,Milicia,1459935.08,946.811,0.064853
2010,330455705064,Vila da Penha,TCP,1459935.08,0.0,0.0
2010,330455705065,Vista Alegre,ADA,543631.474,0.0,0.0
2010,330455705065,Vista Alegre,CV,543631.474,670.515,0.12334
2010,330455705065,Vista Alegre,Milicia,543631.474,0.0,0.0
2010,330455705065,Vista Alegre,TCP,543631.474,0.0,0.0
2010,330455705066,Irajá,ADA,7756434.911,45.121,0.000582
2010,330455705066,Irajá,CV,7756434.911,151035.744,1.947232
2010,330455705066,Irajá,Milicia,7756434.911,586583.422,7.562539
2010,330455705066,Irajá,TCP,7756434.911,276837.624,3.569135
2010,330455705067,Colégio,ADA,1977696.341,299461.218,15.141921
2010,330455705067,Colégio,CV,1977696.341,0.0,0.0
2010,330455705067,Colégio,Milicia,1977696.341,0.0,0.0
2010,330455705067,Colégio,TCP,1977696.341,184338.261,9.320858
2010,330455705068,Campinho,ADA,818895.95,0.0,0.0
2010,330455705068,Campinho,CV,818895.95,0.0,0.0
2010,330455705068,Campinho,Milicia,818895.95,532720.639,65.05352
2010,330455705068,Campinho,TCP,818895.95,0.0,0.0
2010,330455705069,Quintino Bocaiúva,ADA,4327748.625,16754.555,0.387143
2010,330455705069,Quintino Bocaiúva,CV,4327748.625,14658.333,0.338706
2010,330455705069,Quintino Bocaiúva,Milicia,4327748.625,1631851.221,37.706701
2010,330455705069,Quintino Bocaiúva,TCP,4327748.625,0.0,0.0
2010,330455705070,Cavalcanti,ADA,1841740.248,203441.199,11.04614
2010,330455705070,Cavalcanti,CV,1841740.248,986.873,0.053584
2010,330455705070,Cavalcanti,Milicia,1841740.248,281693.912,15.294986
2010,330455705070,Cavalcanti,TCP,1841740.248,0.0,0.0
2010,330455705071,Engenheiro Leal,ADA,666173.029,0.0,0.0
2010,330455705071,Engenheiro Leal,CV,666173.029,69779.759,10.47472
2010,330455705071,Engenheiro Leal,Milicia,666173.029,1763.485,0.264719
2010,330455705071,Engenheiro Leal,TCP,666173.029,70.042,0.010514
2010,330455705072,Cascadura,ADA,3007879.708,0.0,0.0
2010,330455705072,Cascadura,CV,3007879.708,2564.621,0.085263
2010,330455705072,Cascadura,Milicia,3007879.708,1631535.345,54.242041
2010,330455705072,Cascadura,TCP,3007879.708,0.0,0.0
2010,330455705073,Madureira,ADA,3784149.277,0.0,0.0
2010,330455705073,Madureira,CV,3784149.277,389860.938,10.302472
2010,330455705073,Madureira,Milicia,3784149.277,594467.118,15.709399
2010,330455705073,Madureira,TCP,3784149.277,191867.567,5.070296
2010,330455705074,Vaz Lobo,ADA,1053976.763,0.0,0.0
2010,330455705074,Vaz Lobo,CV,1053976.763,20201.915,1.916733
2010,330455705074,Vaz Lobo,Milicia,1053976.763,55959.691,5.309386
2010,330455705074,Vaz Lobo,TCP,1053976.763,111474.327,10.576545
2010,330455705075,Turiaçu,ADA,1312987.215,0.0,0.0
2010,330455705075,Turiaçu,CV,1312987.215,403763.083,30.751486
2010,330455705075,Turiaçu,Milicia,1312987.215,1663.177,0.126671
2010,330455705075,Turiaçu,TCP,1312987.215,0.0,0.0
2010,330455705076,Rocha Miranda,ADA,2931197.068,465.133,0.015868
2010,330455705076,Rocha Miranda,CV,2931197.068,661631.323,22.572052
2010,330455705076,Rocha Miranda,Milicia,2931197.068,61309.828,2.091631
2010,330455705076,Rocha Miranda,TCP,2931197.068,0.0,0.0
2010,330455705077,Honório Gurgel,ADA,1291655.929,0.0,0.0
2010,330455705077,Honório Gurgel,CV,1291655.929,138373.682,10.71289
2010,330455705077,Honório Gurgel,Milicia,1291655.929,54492.693,4.218824
2010,330455705077,Honório Gurgel,TCP,1291655.929,0.0,0.0
2010,330455705078,Oswaldo Cruz,ADA,2109374.788,0.0,0.0
2010,330455705078,Oswaldo Cruz,CV,2109374.788,6228.193,0.295263
2010,330455705078,Oswaldo Cruz,Milicia,2109374.788,107608.748,5.101452
2010,330455705078,Oswaldo Cruz,TCP,2109374.788,0.0,0.0
2010,330455705079,Bento Ribeiro,ADA,3148947.915,0.0,0.0
2010,330455705079,Bento Ribeiro,CV,3148947.915,8335.575,0.26471
2010,330455705079,Bento Ribeiro,Milicia,3148947.915,28303.593,0.898827
2010,330455705079,Bento Ribeiro,TCP,3148947.915,0.0,0.0
2010,330455705080,Marechal Hermes,ADA,3842053.359,0.0,0.0
2010,330455705080,Marechal Hermes,CV,3842053.359,249965.409,6.506037
2010,330455705080,Marechal Hermes,Milicia,3842053.359,210128.912,5.469183
2010,330455705080,Marechal Hermes,TCP,3842053.359,168.517,0.004386
2010,330455705081,Jacarepaguá,ADA,74749389.951,0.0,0.0
2010,330455705081,Jacarepaguá,CV,74749389.951,168960.468,0.226036
2010,330455705081,Jacarepaguá,Milicia,74749389.951,4840992.496,6.476297
2010,330455705081,Jacarepaguá,TCP,74749389.951,0.0,0.0
2010,330455705082,Anil,ADA,3773328.725,0.0,0.0
2010,330455705082,Anil,CV,3773328.725,14291.005,0.378737
2010,330455705082,Anil,Milicia,3773328.725,156371.224,4.144119
2010,330455705082,Anil,TCP,3773328.725,0.0,0.0
2010,330455705083,Gardênia Azul,ADA,949103.226,0.0,0.0
2010,330455705083,Gardênia Azul,CV,949103.226,111.158,0.011712
2010,330455705083,Gardênia Azul,Milicia,949103.226,771519.447,81.289308
2010,330455705083,Gardênia Azul,TCP,949103.226,0.0,0.0
2010,330455705084,Cidade de Deus,ADA,1390931.874,0.0,0.0
2010,330455705084,Cidade de Deus,CV,1390931.874,967965.011,69.591116
2010,330455705084,Cidade de Deus,Milicia,1390931.874,3724.898,0.267799
2010,330455705084,Cidade de Deus,TCP,1390931.874,0.0,0.0
2010,330455705085,Curicica,ADA,3339007.728,0.0,0.0
2010,330455705085,Curicica,CV,3339007.728,0.0,0.0
2010,330455705085,Curicica,Milicia,3339007.728,610841.605,18.294106
2010,330455705085,Curicica,TCP,3339007.728,0.0,0.0
2010,330455705086,Freguesia (Jacarepaguá),ADA,10108021.173,0.0,0.0
2010,330455705086,Freguesia (Jacarepaguá),CV,10108021.173,198270.079,1.961512
2010,330455705086,Freguesia (Jacarepaguá),Milicia,10108021.173,307754.921,3.04466
2010,330455705086,Freguesia (Jacarepaguá),TCP,10108021.173,0.0,0.0
2010,330455705087,Pechincha,ADA,3127046.955,0.0,0.0
2010,330455705087,Pechincha,CV,3127046.955,0.0,0.0
2010,330455705087,Pechincha,Milicia,3127046.955,83303.228,2.663958
2010,330455705087,Pechincha,TCP,3127046.955,0.0,0.0
2010,330455705088,Taquara,ADA,13409639.819,0.0,0.0
2010,330455705088,Taquara,CV,13409639.819,67125.828,0.500579
2010,330455705088,Taquara,Milicia,13409639.819,3010377.93,22.449357
2010,330455705088,Taquara,TCP,13409639.819,0.0,0.0
2010,330455705089,Tanque,ADA,5758334.63,0.0,0.0
2010,330455705089,Tanque,CV,5758334.63,0.0,0.0
2010,330455705089,Tanque,Milicia,5758334.63,1362373.871,23.659165
2010,330455705089,Tanque,TCP,5758334.63,0.0,0.0
2010,330455705090,Praça Seca,ADA,6556015.532,0.0,0.0
2010,330455705090,Praça Seca,CV,6556015.532,31299.925,0.477423
2010,330455705090,Praça Seca,Milicia,6556015.532,4108433.793,62.666627
2010,330455705090,Praça Seca,TCP,6556015.532,0.0,0.0
2010,330455705091,Vila Valqueire,ADA,4013527.509,0.0,0.0
2010,330455705091,Vila Valqueire,CV,4013527.509,0.0,0.0
2010,330455705091,Vila Valqueire,Milicia,4013527.509,540936.211,13.477825
2010,330455705091,Vila Valqueire,TCP,4013527.509,0.0,0.0
2010,330455705092,Deodoro,ADA,4683193.264,0.0,0.0
2010,330455705092,Deodoro,CV,4683193.264,45110.211,0.963236
2010,330455705092,Deodoro,Milicia,4683193.264,449.324,0.009594
2010,330455705092,Deodoro,TCP,4683193.264,208474.63,4.451549
2010,330455705093,Vila Militar,ADA,10520035.885,0.0,0.0
2010,330455705093,Vila Militar,CV,10520035.885,0.0,0.0
2010,330455705093,Vila Militar,Milicia,10520035.885,196470.046,1.86758
2010,330455705093,Vila Militar,TCP,10520035.885,0.0,0.0
2010,330455705094,Campo dos Afonsos,ADA,3173081.541,0.0,0.0
2010,330455705094,Campo dos Afonsos,CV,3173081.541,0.0,0.0
2010,330455705094,Campo dos Afonsos,Milicia,3173081.541,0.0,0.0
2010,330455705094,Campo dos Afonsos,TCP,3173081.541,0.0,0.0
2010,330455705095,Jardim Sulacap,ADA,7838000.908,0.0,0.0
2010,330455705095,Jardim Sulacap,CV,7838000.908,0.0,0.0
2010,330455705095,Jardim Sulacap,Milicia,7838000.908,15503.906,0.197804
2010,330455705095,Jardim Sulacap,TCP,7838000.908,0.0,0.0
2010,330455705096,Magalhães Bastos,ADA,2054160.612,87299.092,4.249867
2010,330455705096,Magalhães Bastos,CV,2054160.612,0.0,0.0
2010,330455705096,Magalhães Bastos,Milicia,2054160.612,344129.253,16.752792
2010,330455705096,Magalhães Bastos,TCP,2054160.612,44253.186,2.15432
2010,330455705097,Realengo,ADA,25902981.11,653701.768,2.523655
2010,330455705097,Realengo,CV,25902981.11,27699.798,0.106937
2010,330455705097,Realengo,Milicia,25902981.11,3428530.83,13.236047
2010,330455705097,Realengo,TCP,25902981.11,81393.906,0.314226
2010,330455705098,Padre Miguel,ADA,4845945.365,1044355.155,21.551113
2010,330455705098,Padre Miguel,CV,4845945.365,21766.829,0.449176
2010,330455705098,Padre Miguel,Milicia,4845945.365,338699.725,6.989343
2010,330455705098,Padre Miguel,TCP,4845945.365,0.0,0.0
2010,330455705099,Bangu,ADA,37830395.943,1435567.697,3.794747
2010,330455705099,Bangu,CV,37830395.943,2500393.086,6.609482
2010,330455705099,Bangu,Milicia,37830395.943,2993278.324,7.912363
2010,330455705099,Bangu,TCP,37830395.943,1351775.283,3.573252
2010,330455705100,Senador Camará,ADA,17294389.899,0.0,0.0
2010,330455705100,Senador Camará,CV,17294389.899,178696.798,1.033265
2010,330455705100,Senador Camará,Milicia,17294389.899,1287.138,0.007443
2010,330455705100,Senador Camará,TCP,17294389.899,2527379.818,14.613871
2010,330455705101,Santíssimo,ADA,8471414.284,0.0,0.0
2010,330455705101,Santíssimo,CV,8471414.284,0.0,0.0
2010,330455705101,Santíssimo,Milicia,8471414.284,1126536.889,13.298097
2010,330455705101,Santíssimo,TCP,8471414.284,407091.855,4.805477
2010,330455705102,Campo Grande,ADA,104874675.28,4416.944,0.004212
2010,330455705102,Campo Grande,CV,104874675.28,4205.162,0.00401
2010,330455705102,Campo Grande,Milicia,104874675.28,18901817.278,18.023243
2010,330455705102,Campo Grande,TCP,104874675.28,0.0,0.0
2010,330455705103,Senador Vasconcelos,ADA,6282463.302,0.0,0.0
2010,330455705103,Senador Vasconcelos,CV,6282463.302,0.0,0.0
2010,330455705103,Senador Vasconcelos,Milicia,6282463.302,656751.966,10.453733
2010,330455705103,Senador Vasconcelos,TCP,6282463.302,0.0,0.0
2010,330455705104,Inhoaíba,ADA,8246887.204,0.0,0.0
2010,330455705104,Inhoaíba,CV,8246887.204,231.804,0.002811
2010,330455705104,Inhoaíba,Milicia,8246887.204,3583718.561,43.455409
2010,330455705104,Inhoaíba,TCP,8246887.204,0.0,0.0
2010,330455705105,Cosmos,ADA,11341801.939,0.0,0.0
2010,330455705105,Cosmos,CV,11341801.939,0.0,0.0
2010,330455705105,Cosmos,Milicia,11341801.939,4630195.35,40.82416
2010,330455705105,Cosmos,TCP,11341801.939,0.0,0.0
2010,330455705106,Paciência,ADA,26711558.485,0.0,0.0
2010,330455705106,Paciência,CV,26711558.485,363748.436,1.361764
2010,330455705106,Paciência,Milicia,26711558.485,6111200.652,22.878488
2010,330455705106,Paciência,TCP,26711558.485,376.404,0.001409
2010,330455705107,Santa Cruz,ADA,123060884.941,0.0,0.0
2010,330455705107,Santa Cruz,CV,123060884.941,2738237.927,2.225108
2010,330455705107,Santa Cruz,Milicia,123060884.941,9237234.103,7.506231
2010,330455705107,Santa Cruz,TCP,123060884.941,769986.701,0.625696
2010,330455705108,Sepetiba,ADA,11867945.594,0.0,0.0
2010,330455705108,Sepetiba,CV,11867945.594,28187.346,0.237508
2010,330455705108,Sepetiba,Milicia,11867945.594,3949751.12,33.280833
2010,330455705108,Sepetiba,TCP,11867945.594,0.0,0.0
2010,330455705109,Ribeira,ADA,873943.13,0.0,0.0
2010,330455705109,Ribeira,CV,873943.13,0.0,0.0
2010,330455705109,Ribeira,Milicia,873943.13,0.0,0.0
2010,330455705109,Ribeira,TCP,873943.13,0.0,0.0
2010,330455705110,Zumbi,ADA,182858.391,0.0,0.0
2010,330455705110,Zumbi,CV,182858.391,0.0,0.0
2010,330455705110,Zumbi,Milicia,182858.391,0.0,0.0
2010,330455705110,Zumbi,TCP,182858.391,0.0,0.0
2010,330455705111,Cacuia,ADA,2145636.701,0.0,0.0
2010,330455705111,Cacuia,CV,2145636.701,0.0,0.0
2010,330455705111,Cacuia,Milicia,2145636.701,81029.907,3.776497
2010,330455705111,Cacuia,TCP,2145636.701,0.014,1e-06
2010,330455705112,Pitangueiras,ADA,619268.101,0.0,0.0
2010,330455705112,Pitangueiras,CV,619268.101,0.0,0.0
2010,330455705112,Pitangueiras,Milicia,619268.101,113639.068,18.350544
2010,330455705112,Pitangueiras,TCP,619268.101,0.0,0.0
2010,330455705113,Praia da Bandeira,ADA,332647.93,0.0,0.0
2010,330455705113,Praia da Bandeira,CV,332647.93,0.0,0.0
2010,330455705113,Praia da Bandeira,Milicia,332647.93,0.0,0.0
2010,330455705113,Praia da Bandeira,TCP,332647.93,0.0,0.0
2010,330455705114,Cocotá,ADA,579176.523,0.0,0.0
2010,330455705114,Cocotá,CV,579176.523,0.0,0.0
2010,330455705114,Cocotá,Milicia,579176.523,0.0,0.0
2010,330455705114,Cocotá,TCP,579176.523,729.966,0.126035
2010,330455705115,Bancários,ADA,1020691.23,57075.198,5.591818
2010,330455705115,Bancários,CV,1020691.23,0.0,0.0
2010,330455705115,Bancários,Milicia,1020691.23,227.211,0.022261
2010,330455705115,Bancários,TCP,1020691.23,92668.727,9.079017
2010,330455705116,Freguesia (Ilha do Governador),ADA,4109015.707,0.0,0.0
2010,330455705116,Freguesia (Ilha do Governador),CV,4109015.707,0.0,0.0
2010,330455705116,Freguesia (Ilha do Governador),Milicia,4109015.707,0.0,0.0
2010,330455705116,Freguesia (Ilha do Governador),TCP,4109015.707,229217.357,5.578401
2010,330455705117,Jardim Guanabara,ADA,3207591.058,0.0,0.0
2010,330455705117,Jardim Guanabara,CV,3207591.058,0.0,0.0
2010,330455705117,Jardim Guanabara,Milicia,3207591.058,0.0,0.0
2010,330455705117,Jardim Guanabara,TCP,3207591.058,13300.394,0.414654
2010,330455705118,Jardim Carioca,ADA,1569958.828,0.0,0.0
2010,330455705118,Jardim Carioca,CV,1569958.828,0.0,0.0
2010,330455705118,Jardim Carioca,Milicia,1569958.828,0.0,0.0
2010,330455705118,Jardim Carioca,TCP,1569958.828,125714.505,8.007503
2010,330455705119,Tauá,ADA,1617763.743,539.288,0.033335
2010,330455705119,Tauá,CV,1617763.743,0.0,0.0
2010,330455705119,Tauá,Milicia,1617763.743,49219.313,3.042429
2010,330455705119,Tauá,TCP,1617763.743,246104.47,15.212634
2010,330455705120,Moneró,ADA,532864.681,0.0,0.0
2010,330455705120,Moneró,CV,532864.681,0.0,0.0
2010,330455705120,Moneró,Milicia,532864.681,0.0,0.0
2010,330455705120,Moneró,TCP,532864.681,0.0,0.0
2010,330455705121,Portuguesa,ADA,1208445.694,0.0,0.0
2010,330455705121,Portuguesa,CV,1208445.694,0.0,0.0
2010,330455705121,Portuguesa,Milicia,1208445.694,0.0,0.0
2010,330455705121,Portuguesa,TCP,1208445.694,189073.847,15.646036
2010,330455705122,Galeão,ADA,18992288.329,0.0,0.0
2010,330455705122,Galeão,CV,18992288.329,341503.063,1.798114
2010,330455705122,Galeão,Milicia,18992288.329,0.0,0.0
2010,330455705122,Galeão,TCP,18992288.329,118171.304,0.622207
2010,330455705123,Cidade Universitária,ADA,4947976.897,0.0,0.0
2010,330455705123,Cidade Universitária,CV,4947976.897,0.0,0.0
2010,330455705123,Cidade Universitária,Milicia,4947976.897,0.0,0.0
2010,330455705123,Cidade Universitária,TCP,4947976.897,0.0,0.0
2010,330455705124,Guadalupe,ADA,3803468.412,0.0,0.0
2010,330455705124,Guadalupe,CV,3803468.412,283031.421,7.441403
2010,330455705124,Guadalupe,Milicia,3803468.412,1339433.586,35.216109
2010,330455705124,Guadalupe,TCP,3803468.412,447.12,0.011756
2010,330455705125,Anchieta,ADA,4330770.883,7.788,0.00018
2010,330455705125,Anchieta,CV,4330770.883,754819.737,17.429224
2010,330455705125,Anchieta,Milicia,4330770.883,1709933.628,39.483355
2010,330455705125,Anchieta,TCP,4330770.883,0.0,0.0
2010,330455705126,Parque Anchieta,ADA,3956592.823,0.0,0.0
2010,330455705126,Parque Anchieta,CV,3956592.823,34752.536,0.878345
2010,330455705126,Parque Anchieta,Milicia,3956592.823,108433.336,2.740574
2010,330455705126,Parque Anchieta,TCP,3956592.823,0.0,0.0
2010,330455705127,Ricardo de Albuquerque,ADA,2278207.357,0.0,0.0
2010,330455705127,Ricardo de Albuquerque,CV,2278207.357,520.649,0.022853
2010,330455705127,Ricardo de Albuquerque,Milicia,2278207.357,782322.368,34.339384
2010,330455705127,Ricardo de Albuquerque,TCP,2278207.357,0.0,0.0
2010,330455705128,Santa Teresa,ADA,5083505.53,84134.093,1.655041
2010,330455705128,Santa Teresa,CV,5083505.53,227200.117,4.469359
2010,330455705128,Santa Teresa,Milicia,5083505.53,3420.642,0.067289
2010,330455705128,Santa Teresa,TCP,5083505.53,0.0,0.0
2010,330455705129,Joá,ADA,1704745.172,0.0,0.0
2010,330455705129,Joá,CV,1704745.172,0.0,0.0
2010,330455705129,Joá,Milicia,1704745.172,0.0,0.0
2010,330455705129,Joá,TCP,1704745.172,0.0,0.0
2010,330455705130,Itanhangá,ADA,13103660.398,0.0,0.0
2010,330455705130,Itanhangá,CV,13103660.398,11378.926,0.086838
2010,330455705130,Itanhangá,Milicia,13103660.398,797050.885,6.082658
2010,330455705130,Itanhangá,TCP,13103660.398,0.0,0.0
2010,330455705131,Barra da Tijuca,ADA,49110465.087,0.0,0.0
2010,330455705131,Barra da Tijuca,CV,49110465.087,0.0,0.0
2010,330455705131,Barra da Tijuca,Milicia,49110465.087,6372.501,0.012976
2010,330455705131,Barra da Tijuca,TCP,49110465.087,0.0,0.0
2010,330455705132,Camorim,ADA,8382818.669,0.0,0.0
2010,330455705132,Camorim,CV,8382818.669,0.0,0.0
2010,330455705132,Camorim,Milicia,8382818.669,8818.537,0.105198
2010,330455705132,Camorim,TCP,8382818.669,0.0,0.0
2010,330455705133,Vargem Pequena,ADA,14217990.568,0.0,0.0
2010,330455705133,Vargem Pequena,CV,14217990.568,0.0,0.0
2010,330455705133,Vargem Pequena,Milicia,14217990.568,875271.851,6.156087
2010,330455705133,Vargem Pequena,TCP,14217990.568,0.0,0.0
2010,330455705134,Vargem Grande,ADA,39432003.265,0.0,0.0
2010,330455705134,Vargem Grande,CV,39432003.265,0.0,0.0
2010,330455705134,Vargem Grande,Milicia,39432003.265,386428.913,0.979988
2010,330455705134,Vargem Grande,TCP,39432003.265,0.0,0.0
2010,330455705135,Recreio dos Bandeirantes,ADA,31185606.999,0.0,0.0
2010,330455705135,Recreio dos Bandeirantes,CV,31185606.999,0.0,0.0
2010,330455705135,Recreio dos Bandeirantes,Milicia,31185606.999,1280342.619,4.105556
2010,330455705135,Recreio dos Bandeirantes,TCP,31185606.999,0.0,0.0
2010,330455705136,Grumari,ADA,9952429.072,0.0,0.0
2010,330455705136,Grumari,CV,9952429.072,0.0,0.0
2010,330455705136,Grumari,Milicia,9952429.072,0.0,0.0
2010,330455705136,Grumari,TCP,9952429.072,0.0,0.0
2010,330455705137,Coelho Neto,ADA,2502135.272,243468.131,9.730414
2010,330455705137,Coelho Neto,CV,2502135.272,9278.411,0.37082
2010,330455705137,Coelho Neto,Milicia,2502135.272,0.0,0.0
2010,330455705137,Coelho Neto,TCP,2502135.272,2176.029,0.086967
2010,330455705138,Acari,ADA,1585077.274,0.0,0.0
2010,330455705138,Acari,CV,1585077.274,0.0,0.0
2010,330455705138,Acari,Milicia,1585077.274,0.0,0.0
2010,330455705138,Acari,TCP,1585077.274,665407.277,41.979485
2010,330455705139,Barros Filho,ADA,1761486.011,535.102,0.030378
2010,330455705139,Barros Filho,CV,1761486.011,139473.385,7.917939
2010,330455705139,Barros Filho,Milicia,1761486.011,332489.455,18.875509
2010,330455705139,Barros Filho,TCP,1761486.011,0.0,0.0
2010,330455705140,Costa Barros,ADA,1854314.876,398806.658,21.506955
2010,330455705140,Costa Barros,CV,1854314.876,622947.484,33.594482
2010,330455705140,Costa Barros,Milicia,1854314.876,0.0,0.0
2010,330455705140,Costa Barros,TCP,1854314.876,0.0,0.0
2010,330455705141,Pavuna,ADA,8250574.787,922455.834,11.180504
2010,330455705141,Pavuna,CV,8250574.787,1131396.532,13.712942
2010,330455705141,Pavuna,Milicia,8250574.787,1122163.611,13.601036
2010,330455705141,Pavuna,TCP,8250574.787,35433.18,0.429463
2010,330455705142,Guaratiba,ADA,135062990.914,157986.888,0.116973
2010,330455705142,Guaratiba,CV,135062990.914,0.0,0.0
2010,330455705142,Guaratiba,Milicia,135062990.914,6561075.904,4.85779
2010,330455705142,Guaratiba,TCP,135062990.914,0.0,0.0
2010,330455705143,Barra de Guaratiba,ADA,9977019.052,0.0,0.0
2010,330455705143,Barra de Guaratiba,CV,9977019.052,0.0,0.0
2010,330455705143,Barra de Guaratiba,Milicia,9977019.052,0.0,0.0
2010,330455705143,Barra de Guaratiba,TCP,9977019.052,0.0,0.0
2010,330455705144,Pedra de Guaratiba,ADA,3641094.955,0.0,0.0
2010,330455705144,Pedra de Guaratiba,CV,3641094.955,0.0,0.0
2010,330455705144,Pedra de Guaratiba,Milicia,3641094.955,624491.586,17.151203
2010,330455705144,Pedra de Guaratiba,TCP,3641094.955,0.0,0.0
2010,330455705145,Higienópolis,ADA,1151794.312,0.0,0.0
2010,330455705145,Higienópolis,CV,1151794.312,11302.359,0.981283
2010,330455705145,Higienópolis,Milicia,1151794.312,53335.91,4.63068
2010,330455705145,Higienópolis,TCP,1151794.312,0.0,0.0
2010,330455705146,Jacaré,ADA,904148.125,0.0,0.0
2010,330455705146,Jacaré,CV,904148.125,64709.921,7.157004
2010,330455705146,Jacaré,Milicia,904148.125,0.0,0.0
2010,330455705146,Jacaré,TCP,904148.125,0.0,0.0
2010,330455705147,Maria da Graça,ADA,874970.376,0.0,0.0
2010,330455705147,Maria da Graça,CV,874970.376,294.941,0.033709
2010,330455705147,Maria da Graça,Milicia,874970.376,0.0,0.0
2010,330455705147,Maria da Graça,TCP,874970.376,0.0,0.0
2010,330455705148,Del Castilho,ADA,1383449.914,0.0,0.0
2010,330455705148,Del Castilho,CV,1383449.914,21055.936,1.521988
2010,330455705148,Del Castilho,Milicia,1383449.914,426826.745,30.852345
2010,330455705148,Del Castilho,TCP,1383449.914,0.0,0.0
2010,330455705149,Inhaúma,ADA,3496464.039,0.0,0.0
2010,330455705149,Inhaúma,CV,3496464.039,339198.823,9.701196
2010,330455705149,Inhaúma,Milicia,3496464.039,786887.526,22.505237
2010,330455705149,Inhaúma,TCP,3496464.039,0.0,0.0
2010,330455705150,Engenho da Rainha,ADA,2257186.131,0.0,0.0
2010,330455705150,Engenho da Rainha,CV,2257186.131,401323.926,17.779833
2010,330455705150,Engenho da Rainha,Milicia,2257186.131,0.0,0.0
2010,330455705150,Engenho da Rainha,TCP,2257186.131,0.0,0.0
2010,330455705151,Tomás Coelho,ADA,1774340.341,181804.384,10.246308
2010,330455705151,Tomás Coelho,CV,1774340.341,117276.537,6.609585
2010,330455705151,Tomás Coelho,Milicia,1774340.341,0.0,0.0
2010,330455705151,Tomás Coelho,TCP,1774340.341,0.0,0.0
2010,330455705152,Saúde,ADA,344572.668,0.0,0.0
2010,330455705152,Saúde,CV,344572.668,0.0,0.0
2010,330455705152,Saúde,Milicia,344572.668,0.0,0.0
2010,330455705152,Saúde,TCP,344572.668,0.0,0.0
2010,330455705153,Paquetá,ADA,1675845.054,163725.228,9.769712
2010,330455705153,Paquetá,CV,1675845.054,24864.53,1.483701
2010,330455705153,Paquetá,Milicia,1675845.054,0.0,0.0
2010,330455705153,Paquetá,TCP,1675845.054,0.0,0.0
2010,330455705154,Parque Columbia,ADA,1519835.366,20488.1,1.348047
2010,330455705154,Parque Columbia,CV,1519835.366,0.0,0.0
2010,330455705154,Parque Columbia,Milicia,1519835.366,18.606,0.001224
2010,330455705154,Parque Columbia,TCP,1519835.366,113570.978,7.472584
2010,330455705155,Jacarezinho,ADA,991554.655,0.0,0.0
2010,330455705155,Jacarezinho,CV,991554.655,526225.999,53.070801
2010,330455705155,Jacarezinho,Milicia,991554.655,0.0,0.0
2010,330455705155,Jacarezinho,TCP,991554.655,0.0,0.0
2010,330455705156,Rocinha,ADA,1460252.789,906579.798,62.083757
2010,330455705156,Rocinha,CV,1460252.789,0.0,0.0
2010,330455705156,Rocinha,Milicia,1460252.789,0.0,0.0
2010,330455705156,Rocinha,TCP,1460252.789,0.0,0.0
2010,330455705157,Complexo do Alemão,ADA,2854606.277,0.0,0.0
2010,330455705157,Complexo do Alemão,CV,2854606.277,1973590.552,69.137049
2010,330455705157,Complexo do Alemão,Milicia,2854606.277,0.0,0.0
2010,330455705157,Complexo do Alemão,TCP,2854606.277,0.0,0.0
2010,330455705158,Maré,ADA,4347749.885,63255.553,1.454903
2010,330455705158,Maré,CV,4347749.885,952214.684,21.901322
2010,330455705158,Maré,Milicia,4347749.885,770288.748,17.716952
2010,330455705158,Maré,TCP,4347749.885,1398494.163,32.16593
2010,330455705159,Vasco da Gama,ADA,1051322.951,0.0,0.0
2010,330455705159,Vasco da Gama,CV,1051322.951,107375.1,10.213332
2010,330455705159,Vasco da Gama,Milicia,1051322.951,0.0,0.0
2010,330455705159,Vasco da Gama,TCP,1051322.951,0.0,0.0
2010,330455705160,Gericinó,ADA,1903405.18,0.0,0.0
2010,330455705160,Gericinó,CV,1903405.18,42394.242,2.227284
2010,330455705160,Gericinó,Milicia,1903405.18,58679.004,3.082844
2010,330455705160,Gericinó,TCP,1903405.18,0.0,0.0
2011,330455705001,Centro,ADA,5999470.914,0.0,0.0
2011,330455705001,Centro,CV,5999470.914,0.0,0.0
2011,330455705001,Centro,Milicia,5999470.914,231598.702,3.860319
2011,330455705001,Centro,TCP,5999470.914,0.0,0.0
2011,330455705002,Gamboa,ADA,1136868.144,0.0,0.0
2011,330455705002,Gamboa,CV,1136868.144,108806.99,9.570766
2011,330455705002,Gamboa,Milicia,1136868.144,0.0,0.0
2011,330455705002,Gamboa,TCP,1136868.144,0.0,0.0
2011,330455705003,Santo Cristo,ADA,1672344.478,0.0,0.0
2011,330455705003,Santo Cristo,CV,1672344.478,39947.24,2.388697
2011,330455705003,Santo Cristo,Milicia,1672344.478,15.006,0.000897
2011,330455705003,Santo Cristo,TCP,1672344.478,0.0,0.0
2011,330455705004,Caju,ADA,5067155.95,198718.263,3.921692
2011,330455705004,Caju,CV,5067155.95,56895.643,1.122832
2011,330455705004,Caju,Milicia,5067155.95,0.0,0.0
2011,330455705004,Caju,TCP,5067155.95,407.009,0.008032
2011,330455705005,Catumbi,ADA,632389.034,147786.3,23.369523
2011,330455705005,Catumbi,CV,632389.034,8.618,0.001363
2011,330455705005,Catumbi,Milicia,632389.034,0.0,0.0
2011,330455705005,Catumbi,TCP,632389.034,0.0,0.0
2011,330455705006,Rio Comprido,ADA,3330278.597,102421.799,3.075472
2011,330455705006,Rio Comprido,CV,3330278.597,367807.978,11.044361
2011,330455705006,Rio Comprido,Milicia,3330278.597,0.0,0.0
2011,330455705006,Rio Comprido,TCP,3330278.597,0.0,0.0
2011,330455705007,Cidade Nova,ADA,936691.34,0.0,0.0
2011,330455705007,Cidade Nova,CV,936691.34,0.187,2e-05
2011,330455705007,Cidade Nova,Milicia,936691.34,0.969,0.000103
2011,330455705007,Cidade Nova,TCP,936691.34,0.0,0.0
2011,330455705008,Estácio,ADA,914078.001,158365.603,17.325174
2011,330455705008,Estácio,CV,914078.001,0.0,0.0
2011,330455705008,Estácio,Milicia,914078.001,0.0,0.0
2011,330455705008,Estácio,TCP,914078.001,0.0,0.0
2011,330455705009,Flamengo,ADA,1652155.006,23906.883,1.447012
2011,330455705009,Flamengo,CV,1652155.006,0.0,0.0
2011,330455705009,Flamengo,Milicia,1652155.006,0.0,0.0
2011,330455705009,Flamengo,TCP,1652155.006,0.0,0.0
2011,330455705010,Glória,ADA,1125643.202,0.0,0.0
2011,330455705010,Glória,CV,1125643.202,13.885,0.001234
2011,330455705010,Glória,Milicia,1125643.202,0.0,0.0
2011,330455705010,Glória,TCP,1125643.202,0.0,0.0
2011,330455705011,Laranjeiras,ADA,2488268.891,370.463,0.014888
2011,330455705011,Laranjeiras,CV,2488268.891,72703.449,2.921849
2011,330455705011,Laranjeiras,Milicia,2488268.891,0.0,0.0
2011,330455705011,Laranjeiras,TCP,2488268.891,0.0,0.0
2011,330455705012,Catete,ADA,690904.333,0.0,0.0
2011,330455705012,Catete,CV,690904.333,44946.383,6.505442
2011,330455705012,Catete,Milicia,690904.333,0.0,0.0
2011,330455705012,Catete,TCP,690904.333,0.0,0.0
2011,330455705013,Cosme Velho,ADA,933880.948,0.0,0.0
2011,330455705013,Cosme Velho,CV,933880.948,96808.358,10.366242
2011,330455705013,Cosme Velho,Milicia,933880.948,0.0,0.0
2011,330455705013,Cosme Velho,TCP,933880.948,0.0,0.0
2011,330455705014,Botafogo,ADA,4793518.99,181.399,0.003784
2011,330455705014,Botafogo,CV,4793518.99,66804.744,1.393647
2011,330455705014,Botafogo,Milicia,4793518.99,0.0,0.0
2011,330455705014,Botafogo,TCP,4793518.99,0.0,0.0
2011,330455705015,Urca,ADA,2443671.98,0.0,0.0
2011,330455705015,Urca,CV,2443671.98,0.0,0.0
2011,330455705015,Urca,Milicia,2443671.98,0.0,0.0
2011,330455705015,Urca,TCP,2443671.98,0.0,0.0
2011,330455705016,Humaitá,ADA,1068177.754,0.0,0.0
2011,330455705016,Humaitá,CV,1068177.754,5547.437,0.519337
2011,330455705016,Humaitá,Milicia,1068177.754,0.0,0.0
2011,330455705016,Humaitá,TCP,1068177.754,0.0,0.0
2011,330455705017,Leme,ADA,1017046.998,0.0,0.0
2011,330455705017,Leme,CV,1017046.998,154956.837,15.235956
2011,330455705017,Leme,Milicia,1017046.998,0.0,0.0
2011,330455705017,Leme,TCP,1017046.998,0.0,0.0
2011,330455705018,Copacabana,ADA,4201270.477,0.0,0.0
2011,330455705018,Copacabana,CV,4201270.477,204885.728,4.876756
2011,330455705018,Copacabana,Milicia,4201270.477,0.0,0.0
2011,330455705018,Copacabana,TCP,4201270.477,0.0,0.0
2011,330455705019,Ipanema,ADA,3060078.202,0.0,0.0
2011,330455705019,Ipanema,CV,3060078.202,46130.548,1.507496
2011,330455705019,Ipanema,Milicia,3060078.202,0.0,0.0
2011,330455705019,Ipanema,TCP,3060078.202,0.0,0.0
2011,330455705020,Leblon,ADA,2118156.856,11750.6,0.554756
2011,330455705020,Leblon,CV,2118156.856,0.0,0.0
2011,330455705020,Leblon,Milicia,2118156.856,0.0,0.0
2011,330455705020,Leblon,TCP,2118156.856,0.0,0.0
2011,330455705021,Lagoa,ADA,5193577.874,5.53,0.000106
2011,330455705021,Lagoa,CV,5193577.874,845.013,0.01627
2011,330455705021,Lagoa,Milicia,5193577.874,0.0,0.0
2011,330455705021,Lagoa,TCP,5193577.874,0.0,0.0
2011,330455705022,Jardim Botânico,ADA,2817694.6,0.0,0.0
2011,330455705022,Jardim Botânico,CV,2817694.6,0.0,0.0
2011,330455705022,Jardim Botânico,Milicia,2817694.6,0.0,0.0
2011,330455705022,Jardim Botânico,TCP,2817694.6,0.0,0.0
2011,330455705023,Gávea,ADA,2733785.645,31232.71,1.142471
2011,330455705023,Gávea,CV,2733785.645,0.0,0.0
2011,330455705023,Gávea,Milicia,2733785.645,0.0,0.0
2011,330455705023,Gávea,TCP,2733785.645,0.0,0.0
2011,330455705024,Vidigal,ADA,1781818.869,248487.879,13.945743
2011,330455705024,Vidigal,CV,1781818.869,0.0,0.0
2011,330455705024,Vidigal,Milicia,1781818.869,0.0,0.0
2011,330455705024,Vidigal,TCP,1781818.869,0.0,0.0
2011,330455705025,São Conrado,ADA,6668231.159,39173.886,0.58747
2011,330455705025,São Conrado,CV,6668231.159,0.0,0.0
2011,330455705025,São Conrado,Milicia,6668231.159,0.0,0.0
2011,330455705025,São Conrado,TCP,6668231.159,0.0,0.0
2011,330455705026,São Cristóvão,ADA,3794648.396,0.0,0.0
2011,330455705026,São Cristóvão,CV,3794648.396,321993.36,8.48546
2011,330455705026,São Cristóvão,Milicia,3794648.396,7.29,0.000192
2011,330455705026,São Cristóvão,TCP,3794648.396,17826.627,0.469783
2011,330455705027,Mangueira,ADA,965517.733,0.0,0.0
2011,330455705027,Mangueira,CV,965517.733,356854.481,36.95991
2011,330455705027,Mangueira,Milicia,965517.733,0.0,0.0
2011,330455705027,Mangueira,TCP,965517.733,0.0,0.0
2011,330455705028,Benfica,ADA,1803020.832,1136.645,0.063041
2011,330455705028,Benfica,CV,1803020.832,180222.661,9.995595
2011,330455705028,Benfica,Milicia,1803020.832,0.0,0.0
2011,330455705028,Benfica,TCP,1803020.832,4753.938,0.263665
2011,330455705029,Praça da Bandeira,ADA,759082.679,0.0,0.0
2011,330455705029,Praça da Bandeira,CV,759082.679,0.0,0.0
2011,330455705029,Praça da Bandeira,Milicia,759082.679,208844.83,27.512791
2011,330455705029,Praça da Bandeira,TCP,759082.679,0.0,0.0
2011,330455705030,Tijuca,ADA,9943019.197,19227.095,0.193373
2011,330455705030,Tijuca,CV,9943019.197,761805.774,7.661715
2011,330455705030,Tijuca,Milicia,9943019.197,0.0,0.0
2011,330455705030,Tijuca,TCP,9943019.197,85166.149,0.856542
2011,330455705031,Alto da Boa Vista,ADA,31327174.846,0.0,0.0
2011,330455705031,Alto da Boa Vista,CV,31327174.846,214619.037,0.685089
2011,330455705031,Alto da Boa Vista,Milicia,31327174.846,2479.521,0.007915
2011,330455705031,Alto da Boa Vista,TCP,31327174.846,0.0,0.0
2011,330455705032,Maracanã,ADA,1618236.441,0.0,0.0
2011,330455705032,Maracanã,CV,1618236.441,6310.973,0.389991
2011,330455705032,Maracanã,Milicia,1618236.441,0.0,0.0
2011,330455705032,Maracanã,TCP,1618236.441,0.0,0.0
2011,330455705033,Vila Isabel,ADA,3335039.051,271270.393,8.13395
2011,330455705033,Vila Isabel,CV,3335039.051,0.0,0.0
2011,330455705033,Vila Isabel,Milicia,3335039.051,0.0,0.0
2011,330455705033,Vila Isabel,TCP,3335039.051,0.0,0.0
2011,330455705034,Andaraí,ADA,2288826.412,0.0,0.0
2011,330455705034,Andaraí,CV,2288826.412,313983.204,13.718087
2011,330455705034,Andaraí,Milicia,2288826.412,0.0,0.0
2011,330455705034,Andaraí,TCP,2288826.412,0.0,0.0
2011,330455705035,Grajaú,ADA,5666000.278,0.0,0.0
2011,330455705035,Grajaú,CV,5666000.278,262375.008,4.630692
2011,330455705035,Grajaú,Milicia,5666000.278,0.0,0.0
2011,330455705035,Grajaú,TCP,5666000.278,0.0,0.0
2011,330455705036,Manguinhos,ADA,2904792.726,0.0,0.0
2011,330455705036,Manguinhos,CV,2904792.726,376244.55,12.952544
2011,330455705036,Manguinhos,Milicia,2904792.726,65755.991,2.263707
2011,330455705036,Manguinhos,TCP,2904792.726,157.452,0.00542
2011,330455705037,Bonsucesso,ADA,2246914.385,0.0,0.0
2011,330455705037,Bonsucesso,CV,2246914.385,40041.623,1.782072
2011,330455705037,Bonsucesso,Milicia,2246914.385,0.0,0.0
2011,330455705037,Bonsucesso,TCP,2246914.385,226.526,0.010082
2011,330455705038,Ramos,ADA,2803461.571,0.0,0.0
2011,330455705038,Ramos,CV,2803461.571,235876.625,8.413763
2011,330455705038,Ramos,Milicia,2803461.571,1102356.054,39.321247
2011,330455705038,Ramos,TCP,2803461.571,0.0,0.0
2011,330455705039,Olaria,ADA,3777725.993,0.0,0.0
2011,330455705039,Olaria,CV,3777725.993,770200.103,20.387929
2011,330455705039,Olaria,Milicia,3777725.993,226215.576,5.988141
2011,330455705039,Olaria,TCP,3777725.993,0.0,0.0
2011,330455705040,Penha,ADA,5667327.123,0.0,0.0
2011,330455705040,Penha,CV,5667327.123,1125710.032,19.863156
2011,330455705040,Penha,Milicia,5667327.123,17894.228,0.315744
2011,330455705040,Penha,TCP,5667327.123,0.0,0.0
2011,330455705041,Penha Circular,ADA,4750762.719,0.0,0.0
2011,330455705041,Penha Circular,CV,4750762.719,304684.498,6.413381
2011,330455705041,Penha Circular,Milicia,4750762.719,238921.196,5.029112
2011,330455705041,Penha Circular,TCP,4750762.719,0.0,0.0
2011,330455705042,Brás de Pina,ADA,3512571.928,0.0,0.0
2011,330455705042,Brás de Pina,CV,3512571.928,163522.551,4.655351
2011,330455705042,Brás de Pina,Milicia,3512571.928,1181728.967,33.64284
2011,330455705042,Brás de Pina,TCP,3512571.928,11254.778,0.320414
2011,330455705043,Cordovil,ADA,3753939.247,0.0,0.0
2011,330455705043,Cordovil,CV,3753939.247,326675.008,8.702192
2011,330455705043,Cordovil,Milicia,3753939.247,271382.009,7.229259
2011,330455705043,Cordovil,TCP,3753939.247,0.0,0.0
2011,330455705044,Parada de Lucas,ADA,2297621.975,0.0,0.0
2011,330455705044,Parada de Lucas,CV,2297621.975,7297.798,0.317624
2011,330455705044,Parada de Lucas,Milicia,2297621.975,241849.834,10.526093
2011,330455705044,Parada de Lucas,TCP,2297621.975,259072.176,11.275666
2011,330455705045,Vigário Geral,ADA,3417305.816,0.0,0.0
2011,330455705045,Vigário Geral,CV,3417305.816,321721.571,9.41448
2011,330455705045,Vigário Geral,Milicia,3417305.816,3454.342,0.101084
2011,330455705045,Vigário Geral,TCP,3417305.816,161716.907,4.732293
2011,330455705046,Jardim América,ADA,1948170.717,0.0,0.0
2011,330455705046,Jardim América,CV,1948170.717,209897.526,10.774083
2011,330455705046,Jardim América,Milicia,1948170.717,0.0,0.0
2011,330455705046,Jardim América,TCP,1948170.717,0.0,0.0
2011,330455705047,São Francisco Xavier,ADA,665866.707,0.0,0.0
2011,330455705047,São Francisco Xavier,CV,665866.707,8657.787,1.300228
2011,330455705047,São Francisco Xavier,Milicia,665866.707,0.0,0.0
2011,330455705047,São Francisco Xavier,TCP,665866.707,0.0,0.0
2011,330455705048,Rocha,ADA,1195663.72,0.0,0.0
2011,330455705048,Rocha,CV,1195663.72,0.0,0.0
2011,330455705048,Rocha,Milicia,1195663.72,0.0,0.0
2011,330455705048,Rocha,TCP,1195663.72,0.0,0.0
2011,330455705049,Riachuelo,ADA,1007501.654,0.0,0.0
2011,330455705049,Riachuelo,CV,1007501.654,0.0,0.0
2011,330455705049,Riachuelo,Milicia,1007501.654,0.0,0.0
2011,330455705049,Riachuelo,TCP,1007501.654,0.0,0.0
2011,330455705050,Sampaio,ADA,834065.511,0.0,0.0
2011,330455705050,Sampaio,CV,834065.511,29032.545,3.480847
2011,330455705050,Sampaio,Milicia,834065.511,0.0,0.0
2011,330455705050,Sampaio,TCP,834065.511,0.0,0.0
2011,330455705051,Engenho Novo,ADA,2670486.436,1106.168,0.041422
2011,330455705051,Engenho Novo,CV,2670486.436,522982.587,19.583795
2011,330455705051,Engenho Novo,Milicia,2670486.436,872.648,0.032677
2011,330455705051,Engenho Novo,TCP,2670486.436,0.0,0.0
2011,330455705052,Lins de Vasconcelos,ADA,2795375.736,0.0,0.0
2011,330455705052,Lins de Vasconcelos,CV,2795375.736,747280.068,26.732724
2011,330455705052,Lins de Vasconcelos,Milicia,2795375.736,0.0,0.0
2011,330455705052,Lins de Vasconcelos,TCP,2795375.736,0.0,0.0
2011,330455705053,Méier,ADA,2365369.616,0.0,0.0
2011,330455705053,Méier,CV,2365369.616,83586.886,3.533777
2011,330455705053,Méier,Milicia,2365369.616,122699.624,5.187334
2011,330455705053,Méier,TCP,2365369.616,0.0,0.0
2011,330455705054,Todos os Santos,ADA,1096583.584,0.0,0.0
2011,330455705054,Todos os Santos,CV,1096583.584,0.024,2e-06
2011,330455705054,Todos os Santos,Milicia,1096583.584,14300.255,1.304073
2011,330455705054,Todos os Santos,TCP,1096583.584,0.0,0.0
2011,330455705055,Cachambi,ADA,2184248.384,0.0,0.0
2011,330455705055,Cachambi,CV,2184248.384,24161.522,1.106171
2011,330455705055,Cachambi,Milicia,2184248.384,374144.338,17.129203
2011,330455705055,Cachambi,TCP,2184248.384,0.0,0.0
2011,330455705056,Engenho de Dentro,ADA,3860558.733,0.0,0.0
2011,330455705056,Engenho de Dentro,CV,3860558.733,389340.182,10.085073
2011,330455705056,Engenho de Dentro,Milicia,3860558.733,255167.237,6.609593
2011,330455705056,Engenho de Dentro,TCP,3860558.733,0.0,0.0
2011,330455705057,Água Santa,ADA,2443119.047,0.0,0.0
2011,330455705057,Água Santa,CV,2443119.047,8827.196,0.361308
2011,330455705057,Água Santa,Milicia,2443119.047,361612.995,14.801284
2011,330455705057,Água Santa,TCP,2443119.047,0.0,0.0
2011,330455705058,Encantado,ADA,1017956.092,0.0,0.0
2011,330455705058,Encantado,CV,1017956.092,5034.295,0.494549
2011,330455705058,Encantado,Milicia,1017956.092,690812.922,67.862743
2011,330455705058,Encantado,TCP,1017956.092,0.0,0.0
2011,330455705059,Piedade,ADA,3975814.299,129708.741,3.262445
2011,330455705059,Piedade,CV,3975814.299,0.0,0.0
2011,330455705059,Piedade,Milicia,3975814.299,2423980.931,60.968163
2011,330455705059,Piedade,TCP,3975814.299,0.0,0.0
2011,330455705060,Abolição,ADA,681919.203,119.689,0.017552
2011,330455705060,Abolição,CV,681919.203,0.0,0.0
2011,330455705060,Abolição,Milicia,681919.203,22204.089,3.256117
2011,330455705060,Abolição,TCP,681919.203,0.0,0.0
2011,330455705061,Pilares,ADA,1736724.672,115844.411,6.670281
2011,330455705061,Pilares,CV,1736724.672,197072.638,11.347374
2011,330455705061,Pilares,Milicia,1736724.672,134960.44,7.770975
2011,330455705061,Pilares,TCP,1736724.672,0.0,0.0
2011,330455705062,Vila Kosmos,ADA,1459829.177,0.0,0.0
2011,330455705062,Vila Kosmos,CV,1459829.177,678824.686,46.500282
2011,330455705062,Vila Kosmos,Milicia,1459829.177,199974.579,13.698492
2011,330455705062,Vila Kosmos,TCP,1459829.177,0.0,0.0
2011,330455705063,Vicente de Carvalho,ADA,1861712.205,511574.468,27.478708
2011,330455705063,Vicente de Carvalho,CV,1861712.205,201348.48,10.815231
2011,330455705063,Vicente de Carvalho,Milicia,1861712.205,224.042,0.012034
2011,330455705063,Vicente de Carvalho,TCP,1861712.205,135.146,0.007259
2011,330455705064,Vila da Penha,ADA,1459935.08,0.0,0.0
2011,330455705064,Vila da Penha,CV,1459935.08,32.071,0.002197
2011,330455705064,Vila da Penha,Milicia,1459935.08,35100.763,2.404269
2011,330455705064,Vila da Penha,TCP,1459935.08,0.0,0.0
2011,330455705065,Vista Alegre,ADA,543631.474,0.0,0.0
2011,330455705065,Vista Alegre,CV,543631.474,670.515,0.12334
2011,330455705065,Vista Alegre,Milicia,543631.474,0.0,0.0
2011,330455705065,Vista Alegre,TCP,543631.474,0.0,0.0
2011,330455705066,Irajá,ADA,7756434.911,45.121,0.000582
2011,330455705066,Irajá,CV,7756434.911,151035.744,1.947232
2011,330455705066,Irajá,Milicia,7756434.911,573481.582,7.393623
2011,330455705066,Irajá,TCP,7756434.911,276837.624,3.569135
2011,330455705067,Colégio,ADA,1977696.341,253962.888,12.841349
2011,330455705067,Colégio,CV,1977696.341,45498.33,2.300572
2011,330455705067,Colégio,Milicia,1977696.341,52.956,0.002678
2011,330455705067,Colégio,TCP,1977696.341,184338.261,9.320858
2011,330455705068,Campinho,ADA,818895.95,0.0,0.0
2011,330455705068,Campinho,CV,818895.95,0.0,0.0
2011,330455705068,Campinho,Milicia,818895.95,532720.639,65.05352
2011,330455705068,Campinho,TCP,818895.95,0.0,0.0
2011,330455705069,Quintino Bocaiúva,ADA,4327748.625,16754.555,0.387143
2011,330455705069,Quintino Bocaiúva,CV,4327748.625,14658.333,0.338706
2011,330455705069,Quintino Bocaiúva,Milicia,4327748.625,1603547.088,37.052686
2011,330455705069,Quintino Bocaiúva,TCP,4327748.625,0.0,0.0
2011,330455705070,Cavalcanti,ADA,1841740.248,203441.199,11.04614
2011,330455705070,Cavalcanti,CV,1841740.248,986.873,0.053584
2011,330455705070,Cavalcanti,Milicia,1841740.248,281693.912,15.294986
2011,330455705070,Cavalcanti,TCP,1841740.248,0.0,0.0
2011,330455705071,Engenheiro Leal,ADA,666173.029,0.0,0.0
2011,330455705071,Engenheiro Leal,CV,666173.029,69779.759,10.47472
2011,330455705071,Engenheiro Leal,Milicia,666173.029,1763.485,0.264719
2011,330455705071,Engenheiro Leal,TCP,666173.029,70.042,0.010514
2011,330455705072,Cascadura,ADA,3007879.708,0.0,0.0
2011,330455705072,Cascadura,CV,3007879.708,2564.621,0.085263
2011,330455705072,Cascadura,Milicia,3007879.708,1809926.275,60.172828
2011,330455705072,Cascadura,TCP,3007879.708,0.0,0.0
2011,330455705073,Madureira,ADA,3784149.277,0.0,0.0
2011,330455705073,Madureira,CV,3784149.277,389860.938,10.302472
2011,330455705073,Madureira,Milicia,3784149.277,1136975.164,30.045727
2011,330455705073,Madureira,TCP,3784149.277,191867.567,5.070296
2011,330455705074,Vaz Lobo,ADA,1053976.763,0.0,0.0
2011,330455705074,Vaz Lobo,CV,1053976.763,20201.915,1.916733
2011,330455705074,Vaz Lobo,Milicia,1053976.763,55959.691,5.309386
2011,330455705074,Vaz Lobo,TCP,1053976.763,111474.327,10.576545
2011,330455705075,Turiaçu,ADA,1312987.215,0.0,0.0
2011,330455705075,Turiaçu,CV,1312987.215,403763.083,30.751486
2011,330455705075,Turiaçu,Milicia,1312987.215,1663.177,0.126671
2011,330455705075,Turiaçu,TCP,1312987.215,0.0,0.0
2011,330455705076,Rocha Miranda,ADA,2931197.068,0.0,0.0
2011,330455705076,Rocha Miranda,CV,2931197.068,662096.455,22.58792
2011,330455705076,Rocha Miranda,Milicia,2931197.068,0.0,0.0
2011,330455705076,Rocha Miranda,TCP,2931197.068,0.0,0.0
2011,330455705077,Honório Gurgel,ADA,1291655.929,0.0,0.0
2011,330455705077,Honório Gurgel,CV,1291655.929,138373.682,10.71289
2011,330455705077,Honório Gurgel,Milicia,1291655.929,54626.192,4.22916
2011,330455705077,Honório Gurgel,TCP,1291655.929,0.0,0.0
2011,330455705078,Oswaldo Cruz,ADA,2109374.788,0.0,0.0
2011,330455705078,Oswaldo Cruz,CV,2109374.788,6228.193,0.295263
2011,330455705078,Oswaldo Cruz,Milicia,2109374.788,365522.903,17.328495
2011,330455705078,Oswaldo Cruz,TCP,2109374.788,0.0,0.0
2011,330455705079,Bento Ribeiro,ADA,3148947.915,0.0,0.0
2011,330455705079,Bento Ribeiro,CV,3148947.915,8335.575,0.26471
2011,330455705079,Bento Ribeiro,Milicia,3148947.915,28303.593,0.898827
2011,330455705079,Bento Ribeiro,TCP,3148947.915,0.0,0.0
2011,330455705080,Marechal Hermes,ADA,3842053.359,0.0,0.0
2011,330455705080,Marechal Hermes,CV,3842053.359,249998.263,6.506892
2011,330455705080,Marechal Hermes,Milicia,3842053.359,371040.408,9.657347
2011,330455705080,Marechal Hermes,TCP,3842053.359,168.517,0.004386
2011,330455705081,Jacarepaguá,ADA,74749389.951,0.0,0.0
2011,330455705081,Jacarepaguá,CV,74749389.951,168960.468,0.226036
2011,330455705081,Jacarepaguá,Milicia,74749389.951,6124566.539,8.193467
2011,330455705081,Jacarepaguá,TCP,74749389.951,0.0,0.0
2011,330455705082,Anil,ADA,3773328.725,0.0,0.0
2011,330455705082,Anil,CV,3773328.725,14291.005,0.378737
2011,330455705082,Anil,Milicia,3773328.725,713209.542,18.901336
2011,330455705082,Anil,TCP,3773328.725,0.0,0.0
2011,330455705083,Gardênia Azul,ADA,949103.226,0.0,0.0
2011,330455705083,Gardênia Azul,CV,949103.226,111.158,0.011712
2011,330455705083,Gardênia Azul,Milicia,949103.226,771519.447,81.289308
2011,330455705083,Gardênia Azul,TCP,949103.226,0.0,0.0
2011,330455705084,Cidade de Deus,ADA,1390931.874,0.0,0.0
2011,330455705084,Cidade de Deus,CV,1390931.874,967965.011,69.591116
2011,330455705084,Cidade de Deus,Milicia,1390931.874,3724.898,0.267799
2011,330455705084,Cidade de Deus,TCP,1390931.874,0.0,0.0
2011,330455705085,Curicica,ADA,3339007.728,0.0,0.0
2011,330455705085,Curicica,CV,3339007.728,0.0,0.0
2011,330455705085,Curicica,Milicia,3339007.728,1016304.724,30.437328
2011,330455705085,Curicica,TCP,3339007.728,0.0,0.0
2011,330455705086,Freguesia (Jacarepaguá),ADA,10108021.173,0.0,0.0
2011,330455705086,Freguesia (Jacarepaguá),CV,10108021.173,198270.079,1.961512
2011,330455705086,Freguesia (Jacarepaguá),Milicia,10108021.173,307754.921,3.04466
2011,330455705086,Freguesia (Jacarepaguá),TCP,10108021.173,0.0,0.0
2011,330455705087,Pechincha,ADA,3127046.955,0.0,0.0
2011,330455705087,Pechincha,CV,3127046.955,0.0,0.0
2011,330455705087,Pechincha,Milicia,3127046.955,83303.228,2.663958
2011,330455705087,Pechincha,TCP,3127046.955,0.0,0.0
2011,330455705088,Taquara,ADA,13409639.819,0.0,0.0
2011,330455705088,Taquara,CV,13409639.819,67125.828,0.500579
2011,330455705088,Taquara,Milicia,13409639.819,3714775.092,27.702273
2011,330455705088,Taquara,TCP,13409639.819,0.0,0.0
2011,330455705089,Tanque,ADA,5758334.63,0.0,0.0
2011,330455705089,Tanque,CV,5758334.63,0.0,0.0
2011,330455705089,Tanque,Milicia,5758334.63,2490288.701,43.246683
2011,330455705089,Tanque,TCP,5758334.63,0.0,0.0
2011,330455705090,Praça Seca,ADA,6556015.532,0.0,0.0
2011,330455705090,Praça Seca,CV,6556015.532,31299.925,0.477423
2011,330455705090,Praça Seca,Milicia,6556015.532,4419479.308,67.411056
2011,330455705090,Praça Seca,TCP,6556015.532,0.0,0.0
2011,330455705091,Vila Valqueire,ADA,4013527.509,0.0,0.0
2011,330455705091,Vila Valqueire,CV,4013527.509,0.0,0.0
2011,330455705091,Vila Valqueire,Milicia,4013527.509,927721.043,23.114854
2011,330455705091,Vila Valqueire,TCP,4013527.509,0.0,0.0
2011,330455705092,Deodoro,ADA,4683193.264,0.0,0.0
2011,330455705092,Deodoro,CV,4683193.264,45110.211,0.963236
2011,330455705092,Deodoro,Milicia,4683193.264,479784.567,10.244817
2011,330455705092,Deodoro,TCP,4683193.264,253405.522,5.410956
2011,330455705093,Vila Militar,ADA,10520035.885,0.0,0.0
2011,330455705093,Vila Militar,CV,10520035.885,0.0,0.0
2011,330455705093,Vila Militar,Milicia,10520035.885,196470.046,1.86758
2011,330455705093,Vila Militar,TCP,10520035.885,0.0,0.0
2011,330455705094,Campo dos Afonsos,ADA,3173081.541,0.0,0.0
2011,330455705094,Campo dos Afonsos,CV,3173081.541,0.0,0.0
2011,330455705094,Campo dos Afonsos,Milicia,3173081.541,0.0,0.0
2011,330455705094,Campo dos Afonsos,TCP,3173081.541,0.0,0.0
2011,330455705095,Jardim Sulacap,ADA,7838000.908,0.0,0.0
2011,330455705095,Jardim Sulacap,CV,7838000.908,0.0,0.0
2011,330455705095,Jardim Sulacap,Milicia,7838000.908,15503.906,0.197804
2011,330455705095,Jardim Sulacap,TCP,7838000.908,0.0,0.0
2011,330455705096,Magalhães Bastos,ADA,2054160.612,87299.092,4.249867
2011,330455705096,Magalhães Bastos,CV,2054160.612,0.0,0.0
2011,330455705096,Magalhães Bastos,Milicia,2054160.612,344147.263,16.753669
2011,330455705096,Magalhães Bastos,TCP,2054160.612,44253.186,2.15432
2011,330455705097,Realengo,ADA,25902981.11,653701.768,2.523655
2011,330455705097,Realengo,CV,25902981.11,27699.798,0.106937
2011,330455705097,Realengo,Milicia,25902981.11,4631130.295,17.878754
2011,330455705097,Realengo,TCP,25902981.11,93531.236,0.361083
2011,330455705098,Padre Miguel,ADA,4845945.365,1044355.155,21.551113
2011,330455705098,Padre Miguel,CV,4845945.365,21766.829,0.449176
2011,330455705098,Padre Miguel,Milicia,4845945.365,519863.508,10.727804
2011,330455705098,Padre Miguel,TCP,4845945.365,0.0,0.0
2011,330455705099,Bangu,ADA,37830395.943,1435567.697,3.794747
2011,330455705099,Bangu,CV,37830395.943,2500393.086,6.609482
2011,330455705099,Bangu,Milicia,37830395.943,2995703.561,7.918774
2011,330455705099,Bangu,TCP,37830395.943,1351775.283,3.573252
2011,330455705100,Senador Camará,ADA,17294389.899,0.0,0.0
2011,330455705100,Senador Camará,CV,17294389.899,178696.798,1.033265
2011,330455705100,Senador Camará,Milicia,17294389.899,1287.138,0.007443
2011,330455705100,Senador Camará,TCP,17294389.899,2527379.818,14.613871
2011,330455705101,Santíssimo,ADA,8471414.284,0.0,0.0
2011,330455705101,Santíssimo,CV,8471414.284,0.0,0.0
2011,330455705101,Santíssimo,Milicia,8471414.284,1532980.954,18.095927
2011,330455705101,Santíssimo,TCP,8471414.284,335596.429,3.961516
2011,330455705102,Campo Grande,ADA,104874675.28,0.0,0.0
2011,330455705102,Campo Grande,CV,104874675.28,4205.162,0.00401
2011,330455705102,Campo Grande,Milicia,104874675.28,23132311.809,22.0571
2011,330455705102,Campo Grande,TCP,104874675.28,0.0,0.0
2011,330455705103,Senador Vasconcelos,ADA,6282463.302,0.0,0.0
2011,330455705103,Senador Vasconcelos,CV,6282463.302,0.0,0.0
2011,330455705103,Senador Vasconcelos,Milicia,6282463.302,1365377.999,21.733163
2011,330455705103,Senador Vasconcelos,TCP,6282463.302,0.0,0.0
2011,330455705104,Inhoaíba,ADA,8246887.204,0.0,0.0
2011,330455705104,Inhoaíba,CV,8246887.204,231.804,0.002811
2011,330455705104,Inhoaíba,Milicia,8246887.204,3775107.792,45.776154
2011,330455705104,Inhoaíba,TCP,8246887.204,0.0,0.0
2011,330455705105,Cosmos,ADA,11341801.939,0.0,0.0
2011,330455705105,Cosmos,CV,11341801.939,0.0,0.0
2011,330455705105,Cosmos,Milicia,11341801.939,5393810.667,47.556911
2011,330455705105,Cosmos,TCP,11341801.939,0.0,0.0
2011,330455705106,Paciência,ADA,26711558.485,0.0,0.0
2011,330455705106,Paciência,CV,26711558.485,363748.436,1.361764
2011,330455705106,Paciência,Milicia,26711558.485,7002391.364,26.214836
2011,330455705106,Paciência,TCP,26711558.485,376.404,0.001409
2011,330455705107,Santa Cruz,ADA,123060884.941,0.0,0.0
2011,330455705107,Santa Cruz,CV,123060884.941,2783665.513,2.262023
2011,330455705107,Santa Cruz,Milicia,123060884.941,11218533.613,9.116246
2011,330455705107,Santa Cruz,TCP,123060884.941,705098.126,0.572967
2011,330455705108,Sepetiba,ADA,11867945.594,0.0,0.0
2011,330455705108,Sepetiba,CV,11867945.594,28187.346,0.237508
2011,330455705108,Sepetiba,Milicia,11867945.594,4760749.608,40.114353
2011,330455705108,Sepetiba,TCP,11867945.594,0.0,0.0
2011,330455705109,Ribeira,ADA,873943.13,0.0,0.0
2011,330455705109,Ribeira,CV,873943.13,0.0,0.0
2011,330455705109,Ribeira,Milicia,873943.13,0.0,0.0
2011,330455705109,Ribeira,TCP,873943.13,0.0,0.0
2011,330455705110,Zumbi,ADA,182858.391,0.0,0.0
2011,330455705110,Zumbi,CV,182858.391,0.0,0.0
2011,330455705110,Zumbi,Milicia,182858.391,0.0,0.0
2011,330455705110,Zumbi,TCP,182858.391,0.0,0.0
2011,330455705111,Cacuia,ADA,2145636.701,0.0,0.0
2011,330455705111,Cacuia,CV,2145636.701,0.0,0.0
2011,330455705111,Cacuia,Milicia,2145636.701,81029.907,3.776497
2011,330455705111,Cacuia,TCP,2145636.701,0.014,1e-06
2011,330455705112,Pitangueiras,ADA,619268.101,0.0,0.0
2011,330455705112,Pitangueiras,CV,619268.101,0.0,0.0
2011,330455705112,Pitangueiras,Milicia,619268.101,113639.068,18.350544
2011,330455705112,Pitangueiras,TCP,619268.101,0.0,0.0
2011,330455705113,Praia da Bandeira,ADA,332647.93,0.0,0.0
2011,330455705113,Praia da Bandeira,CV,332647.93,0.0,0.0
2011,330455705113,Praia da Bandeira,Milicia,332647.93,0.0,0.0
2011,330455705113,Praia da Bandeira,TCP,332647.93,0.0,0.0
2011,330455705114,Cocotá,ADA,579176.523,0.0,0.0
2011,330455705114,Cocotá,CV,579176.523,0.0,0.0
2011,330455705114,Cocotá,Milicia,579176.523,0.0,0.0
2011,330455705114,Cocotá,TCP,579176.523,729.966,0.126035
2011,330455705115,Bancários,ADA,1020691.23,57075.198,5.591818
2011,330455705115,Bancários,CV,1020691.23,0.0,0.0
2011,330455705115,Bancários,Milicia,1020691.23,227.211,0.022261
2011,330455705115,Bancários,TCP,1020691.23,92668.727,9.079017
2011,330455705116,Freguesia (Ilha do Governador),ADA,4109015.707,0.0,0.0
2011,330455705116,Freguesia (Ilha do Governador),CV,4109015.707,0.0,0.0
2011,330455705116,Freguesia (Ilha do Governador),Milicia,4109015.707,0.0,0.0
2011,330455705116,Freguesia (Ilha do Governador),TCP,4109015.707,229217.357,5.578401
2011,330455705117,Jardim Guanabara,ADA,3207591.058,0.0,0.0
2011,330455705117,Jardim Guanabara,CV,3207591.058,0.0,0.0
2011,330455705117,Jardim Guanabara,Milicia,3207591.058,0.0,0.0
2011,330455705117,Jardim Guanabara,TCP,3207591.058,13300.394,0.414654
2011,330455705118,Jardim Carioca,ADA,1569958.828,0.0,0.0
2011,330455705118,Jardim Carioca,CV,1569958.828,0.0,0.0
2011,330455705118,Jardim Carioca,Milicia,1569958.828,0.0,0.0
2011,330455705118,Jardim Carioca,TCP,1569958.828,125714.505,8.007503
2011,330455705119,Tauá,ADA,1617763.743,539.288,0.033335
2011,330455705119,Tauá,CV,1617763.743,0.0,0.0
2011,330455705119,Tauá,Milicia,1617763.743,49219.313,3.042429
2011,330455705119,Tauá,TCP,1617763.743,246104.47,15.212634
2011,330455705120,Moneró,ADA,532864.681,0.0,0.0
2011,330455705120,Moneró,CV,532864.681,0.0,0.0
2011,330455705120,Moneró,Milicia,532864.681,0.0,0.0
2011,330455705120,Moneró,TCP,532864.681,0.0,0.0
2011,330455705121,Portuguesa,ADA,1208445.694,0.0,0.0
2011,330455705121,Portuguesa,CV,1208445.694,0.0,0.0
2011,330455705121,Portuguesa,Milicia,1208445.694,0.0,0.0
2011,330455705121,Portuguesa,TCP,1208445.694,189073.847,15.646036
2011,330455705122,Galeão,ADA,18992288.329,0.0,0.0
2011,330455705122,Galeão,CV,18992288.329,341503.063,1.798114
2011,330455705122,Galeão,Milicia,18992288.329,0.0,0.0
2011,330455705122,Galeão,TCP,18992288.329,118171.304,0.622207
2011,330455705123,Cidade Universitária,ADA,4947976.897,0.0,0.0
2011,330455705123,Cidade Universitária,CV,4947976.897,0.0,0.0
2011,330455705123,Cidade Universitária,Milicia,4947976.897,0.0,0.0
2011,330455705123,Cidade Universitária,TCP,4947976.897,0.0,0.0
2011,330455705124,Guadalupe,ADA,3803468.412,0.0,0.0
2011,330455705124,Guadalupe,CV,3803468.412,369132.591,9.705157
2011,330455705124,Guadalupe,Milicia,3803468.412,1444806.365,37.986548
2011,330455705124,Guadalupe,TCP,3803468.412,447.12,0.011756
2011,330455705125,Anchieta,ADA,4330770.883,7.788,0.00018
2011,330455705125,Anchieta,CV,4330770.883,754819.737,17.429224
2011,330455705125,Anchieta,Milicia,4330770.883,1980087.285,45.721359
2011,330455705125,Anchieta,TCP,4330770.883,0.0,0.0
2011,330455705126,Parque Anchieta,ADA,3956592.823,0.0,0.0
2011,330455705126,Parque Anchieta,CV,3956592.823,34752.536,0.878345
2011,330455705126,Parque Anchieta,Milicia,3956592.823,108613.45,2.745126
2011,330455705126,Parque Anchieta,TCP,3956592.823,0.0,0.0
2011,330455705127,Ricardo de Albuquerque,ADA,2278207.357,0.0,0.0
2011,330455705127,Ricardo de Albuquerque,CV,2278207.357,520.649,0.022853
2011,330455705127,Ricardo de Albuquerque,Milicia,2278207.357,1046388.569,45.930348
2011,330455705127,Ricardo de Albuquerque,TCP,2278207.357,0.0,0.0
2011,330455705128,Santa Teresa,ADA,5083505.53,84134.093,1.655041
2011,330455705128,Santa Teresa,CV,5083505.53,227200.117,4.469359
2011,330455705128,Santa Teresa,Milicia,5083505.53,3420.642,0.067289
2011,330455705128,Santa Teresa,TCP,5083505.53,0.0,0.0
2011,330455705129,Joá,ADA,1704745.172,0.0,0.0
2011,330455705129,Joá,CV,1704745.172,0.0,0.0
2011,330455705129,Joá,Milicia,1704745.172,0.0,0.0
2011,330455705129,Joá,TCP,1704745.172,0.0,0.0
2011,330455705130,Itanhangá,ADA,13103660.398,0.0,0.0
2011,330455705130,Itanhangá,CV,13103660.398,11378.926,0.086838
2011,330455705130,Itanhangá,Milicia,13103660.398,797050.885,6.082658
2011,330455705130,Itanhangá,TCP,13103660.398,0.0,0.0
2011,330455705131,Barra da Tijuca,ADA,49110465.087,0.0,0.0
2011,330455705131,Barra da Tijuca,CV,49110465.087,0.0,0.0
2011,330455705131,Barra da Tijuca,Milicia,49110465.087,136760.333,0.278475
2011,330455705131,Barra da Tijuca,TCP,49110465.087,0.0,0.0
2011,330455705132,Camorim,ADA,8382818.669,0.0,0.0
2011,330455705132,Camorim,CV,8382818.669,0.0,0.0
2011,330455705132,Camorim,Milicia,8382818.669,981509.496,11.708586
2011,330455705132,Camorim,TCP,8382818.669,0.0,0.0
2011,330455705133,Vargem Pequena,ADA,14217990.568,0.0,0.0
2011,330455705133,Vargem Pequena,CV,14217990.568,0.0,0.0
2011,330455705133,Vargem Pequena,Milicia,14217990.568,1865388.954,13.11992
2011,330455705133,Vargem Pequena,TCP,14217990.568,0.0,0.0
2011,330455705134,Vargem Grande,ADA,39432003.265,0.0,0.0
2011,330455705134,Vargem Grande,CV,39432003.265,0.0,0.0
2011,330455705134,Vargem Grande,Milicia,39432003.265,1011625.718,2.565494
2011,330455705134,Vargem Grande,TCP,39432003.265,0.0,0.0
2011,330455705135,Recreio dos Bandeirantes,ADA,31185606.999,0.0,0.0
2011,330455705135,Recreio dos Bandeirantes,CV,31185606.999,0.0,0.0
2011,330455705135,Recreio dos Bandeirantes,Milicia,31185606.999,585307.891,1.876853
2011,330455705135,Recreio dos Bandeirantes,TCP,31185606.999,0.0,0.0
2011,330455705136,Grumari,ADA,9952429.072,0.0,0.0
2011,330455705136,Grumari,CV,9952429.072,0.0,0.0
2011,330455705136,Grumari,Milicia,9952429.072,0.0,0.0
2011,330455705136,Grumari,TCP,9952429.072,0.0,0.0
2011,330455705137,Coelho Neto,ADA,2502135.272,162641.329,6.500101
2011,330455705137,Coelho Neto,CV,2502135.272,90105.213,3.601133
2011,330455705137,Coelho Neto,Milicia,2502135.272,0.0,0.0
2011,330455705137,Coelho Neto,TCP,2502135.272,2176.029,0.086967
2011,330455705138,Acari,ADA,1585077.274,0.0,0.0
2011,330455705138,Acari,CV,1585077.274,0.0,0.0
2011,330455705138,Acari,Milicia,1585077.274,0.0,0.0
2011,330455705138,Acari,TCP,1585077.274,665407.277,41.979485
2011,330455705139,Barros Filho,ADA,1761486.011,535.102,0.030378
2011,330455705139,Barros Filho,CV,1761486.011,139473.385,7.917939
2011,330455705139,Barros Filho,Milicia,1761486.011,332490.439,18.875565
2011,330455705139,Barros Filho,TCP,1761486.011,0.0,0.0
2011,330455705140,Costa Barros,ADA,1854314.876,398806.658,21.506955
2011,330455705140,Costa Barros,CV,1854314.876,622947.484,33.594482
2011,330455705140,Costa Barros,Milicia,1854314.876,0.151,8e-06
2011,330455705140,Costa Barros,TCP,1854314.876,0.0,0.0
2011,330455705141,Pavuna,ADA,8250574.787,922455.834,11.180504
2011,330455705141,Pavuna,CV,8250574.787,1131391.929,13.712886
2011,330455705141,Pavuna,Milicia,8250574.787,1122242.177,13.601988
2011,330455705141,Pavuna,TCP,8250574.787,35433.18,0.429463
2011,330455705142,Guaratiba,ADA,135062990.914,157986.888,0.116973
2011,330455705142,Guaratiba,CV,135062990.914,0.0,0.0
2011,330455705142,Guaratiba,Milicia,135062990.914,7716111.347,5.712972
2011,330455705142,Guaratiba,TCP,135062990.914,0.0,0.0
2011,330455705143,Barra de Guaratiba,ADA,9977019.052,0.0,0.0
2011,330455705143,Barra de Guaratiba,CV,9977019.052,0.0,0.0
2011,330455705143,Barra de Guaratiba,Milicia,9977019.052,0.0,0.0
2011,330455705143,Barra de Guaratiba,TCP,9977019.052,0.0,0.0
2011,330455705144,Pedra de Guaratiba,ADA,3641094.955,0.0,0.0
2011,330455705144,Pedra de Guaratiba,CV,3641094.955,0.0,0.0
2011,330455705144,Pedra de Guaratiba,Milicia,3641094.955,636927.53,17.492747
2011,330455705144,Pedra de Guaratiba,TCP,3641094.955,0.0,0.0
2011,330455705145,Higienópolis,ADA,1151794.312,0.0,0.0
2011,330455705145,Higienópolis,CV,1151794.312,11302.359,0.981283
2011,330455705145,Higienópolis,Milicia,1151794.312,16509.437,1.433367
2011,330455705145,Higienópolis,TCP,1151794.312,0.0,0.0
2011,330455705146,Jacaré,ADA,904148.125,0.0,0.0
2011,330455705146,Jacaré,CV,904148.125,64709.921,7.157004
2011,330455705146,Jacaré,Milicia,904148.125,0.0,0.0
2011,330455705146,Jacaré,TCP,904148.125,0.0,0.0
2011,330455705147,Maria da Graça,ADA,874970.376,0.0,0.0
2011,330455705147,Maria da Graça,CV,874970.376,294.941,0.033709
2011,330455705147,Maria da Graça,Milicia,874970.376,0.0,0.0
2011,330455705147,Maria da Graça,TCP,874970.376,0.0,0.0
2011,330455705148,Del Castilho,ADA,1383449.914,0.0,0.0
2011,330455705148,Del Castilho,CV,1383449.914,21055.936,1.521988
2011,330455705148,Del Castilho,Milicia,1383449.914,829743.846,59.976428
2011,330455705148,Del Castilho,TCP,1383449.914,0.0,0.0
2011,330455705149,Inhaúma,ADA,3496464.039,0.0,0.0
2011,330455705149,Inhaúma,CV,3496464.039,339198.823,9.701196
2011,330455705149,Inhaúma,Milicia,3496464.039,988127.043,28.260752
2011,330455705149,Inhaúma,TCP,3496464.039,0.0,0.0
2011,330455705150,Engenho da Rainha,ADA,2257186.131,0.0,0.0
2011,330455705150,Engenho da Rainha,CV,2257186.131,544427.458,24.119741
2011,330455705150,Engenho da Rainha,Milicia,2257186.131,0.0,0.0
2011,330455705150,Engenho da Rainha,TCP,2257186.131,0.0,0.0
2011,330455705151,Tomás Coelho,ADA,1774340.341,181804.384,10.246308
2011,330455705151,Tomás Coelho,CV,1774340.341,117276.537,6.609585
2011,330455705151,Tomás Coelho,Milicia,1774340.341,0.0,0.0
2011,330455705151,Tomás Coelho,TCP,1774340.341,0.0,0.0
2011,330455705152,Saúde,ADA,344572.668,0.0,0.0
2011,330455705152,Saúde,CV,344572.668,0.0,0.0
2011,330455705152,Saúde,Milicia,344572.668,2474.188,0.718045
2011,330455705152,Saúde,TCP,344572.668,0.0,0.0
2011,330455705153,Paquetá,ADA,1675845.054,163725.228,9.769712
2011,330455705153,Paquetá,CV,1675845.054,24864.53,1.483701
2011,330455705153,Paquetá,Milicia,1675845.054,0.0,0.0
2011,330455705153,Paquetá,TCP,1675845.054,0.0,0.0
2011,330455705154,Parque Columbia,ADA,1519835.366,20488.1,1.348047
2011,330455705154,Parque Columbia,CV,1519835.366,0.0,0.0
2011,330455705154,Parque Columbia,Milicia,1519835.366,18.606,0.001224
2011,330455705154,Parque Columbia,TCP,1519835.366,113570.978,7.472584
2011,330455705155,Jacarezinho,ADA,991554.655,0.0,0.0
2011,330455705155,Jacarezinho,CV,991554.655,526225.999,53.070801
2011,330455705155,Jacarezinho,Milicia,991554.655,0.0,0.0
2011,330455705155,Jacarezinho,TCP,991554.655,0.0,0.0
2011,330455705156,Rocinha,ADA,1460252.789,906579.798,62.083757
2011,330455705156,Rocinha,CV,1460252.789,0.0,0.0
2011,330455705156,Rocinha,Milicia,1460252.789,0.0,0.0
2011,330455705156,Rocinha,TCP,1460252.789,0.0,0.0
2011,330455705157,Complexo do Alemão,ADA,2854606.277,0.0,0.0
2011,330455705157,Complexo do Alemão,CV,2854606.277,1973590.552,69.137049
2011,330455705157,Complexo do Alemão,Milicia,2854606.277,0.0,0.0
2011,330455705157,Complexo do Alemão,TCP,2854606.277,0.0,0.0
2011,330455705158,Maré,ADA,4347749.885,0.0,0.0
2011,330455705158,Maré,CV,4347749.885,952214.684,21.901322
2011,330455705158,Maré,Milicia,4347749.885,850430.101,19.560235
2011,330455705158,Maré,TCP,4347749.885,1461749.716,33.620833
2011,330455705159,Vasco da Gama,ADA,1051322.951,0.0,0.0
2011,330455705159,Vasco da Gama,CV,1051322.951,107375.1,10.213332
2011,330455705159,Vasco da Gama,Milicia,1051322.951,0.0,0.0
2011,330455705159,Vasco da Gama,TCP,1051322.951,0.0,0.0
2011,330455705160,Gericinó,ADA,1903405.18,0.0,0.0
2011,330455705160,Gericinó,CV,1903405.18,42394.242,2.227284
2011,330455705160,Gericinó,Milicia,1903405.18,58679.004,3.082844
2011,330455705160,Gericinó,TCP,1903405.18,0.0,0.0
2012,330455705001,Centro,ADA,5999470.914,0.0,0.0
2012,330455705001,Centro,CV,5999470.914,0.0,0.0
2012,330455705001,Centro,Milicia,5999470.914,231598.702,3.860319
2012,330455705001,Centro,TCP,5999470.914,0.0,0.0
2012,330455705002,Gamboa,ADA,1136868.144,0.0,0.0
2012,330455705002,Gamboa,CV,1136868.144,108806.99,9.570766
2012,330455705002,Gamboa,Milicia,1136868.144,0.0,0.0
2012,330455705002,Gamboa,TCP,1136868.144,0.0,0.0
2012,330455705003,Santo Cristo,ADA,1672344.478,0.0,0.0
2012,330455705003,Santo Cristo,CV,1672344.478,39947.24,2.388697
2012,330455705003,Santo Cristo,Milicia,1672344.478,15.006,0.000897
2012,330455705003,Santo Cristo,TCP,1672344.478,0.0,0.0
2012,330455705004,Caju,ADA,5067155.95,198718.263,3.921692
2012,330455705004,Caju,CV,5067155.95,56895.643,1.122832
2012,330455705004,Caju,Milicia,5067155.95,0.0,0.0
2012,330455705004,Caju,TCP,5067155.95,407.009,0.008032
2012,330455705005,Catumbi,ADA,632389.034,147786.3,23.369523
2012,330455705005,Catumbi,CV,632389.034,8.618,0.001363
2012,330455705005,Catumbi,Milicia,632389.034,0.0,0.0
2012,330455705005,Catumbi,TCP,632389.034,0.0,0.0
2012,330455705006,Rio Comprido,ADA,3330278.597,102421.799,3.075472
2012,330455705006,Rio Comprido,CV,3330278.597,367807.978,11.044361
2012,330455705006,Rio Comprido,Milicia,3330278.597,0.0,0.0
2012,330455705006,Rio Comprido,TCP,3330278.597,0.0,0.0
2012,330455705007,Cidade Nova,ADA,936691.34,0.0,0.0
2012,330455705007,Cidade Nova,CV,936691.34,0.187,2e-05
2012,330455705007,Cidade Nova,Milicia,936691.34,0.969,0.000103
2012,330455705007,Cidade Nova,TCP,936691.34,0.0,0.0
2012,330455705008,Estácio,ADA,914078.001,158365.603,17.325174
2012,330455705008,Estácio,CV,914078.001,0.0,0.0
2012,330455705008,Estácio,Milicia,914078.001,0.0,0.0
2012,330455705008,Estácio,TCP,914078.001,0.0,0.0
2012,330455705009,Flamengo,ADA,1652155.006,23906.883,1.447012
2012,330455705009,Flamengo,CV,1652155.006,0.0,0.0
2012,330455705009,Flamengo,Milicia,1652155.006,0.0,0.0
2012,330455705009,Flamengo,TCP,1652155.006,0.0,0.0
2012,330455705010,Glória,ADA,1125643.202,0.0,0.0
2012,330455705010,Glória,CV,1125643.202,13.885,0.001234
2012,330455705010,Glória,Milicia,1125643.202,0.0,0.0
2012,330455705010,Glória,TCP,1125643.202,0.0,0.0
2012,330455705011,Laranjeiras,ADA,2488268.891,370.463,0.014888
2012,330455705011,Laranjeiras,CV,2488268.891,72703.449,2.921849
2012,330455705011,Laranjeiras,Milicia,2488268.891,0.0,0.0
2012,330455705011,Laranjeiras,TCP,2488268.891,0.0,0.0
2012,330455705012,Catete,ADA,690904.333,0.0,0.0
2012,330455705012,Catete,CV,690904.333,44946.383,6.505442
2012,330455705012,Catete,Milicia,690904.333,0.0,0.0
2012,330455705012,Catete,TCP,690904.333,0.0,0.0
2012,330455705013,Cosme Velho,ADA,933880.948,0.0,0.0
2012,330455705013,Cosme Velho,CV,933880.948,96808.358,10.366242
2012,330455705013,Cosme Velho,Milicia,933880.948,0.0,0.0
2012,330455705013,Cosme Velho,TCP,933880.948,0.0,0.0
2012,330455705014,Botafogo,ADA,4793518.99,181.399,0.003784
2012,330455705014,Botafogo,CV,4793518.99,66804.744,1.393647
2012,330455705014,Botafogo,Milicia,4793518.99,0.0,0.0
2012,330455705014,Botafogo,TCP,4793518.99,0.0,0.0
2012,330455705015,Urca,ADA,2443671.98,0.0,0.0
2012,330455705015,Urca,CV,2443671.98,0.0,0.0
2012,330455705015,Urca,Milicia,2443671.98,0.0,0.0
2012,330455705015,Urca,TCP,2443671.98,0.0,0.0
2012,330455705016,Humaitá,ADA,1068177.754,0.0,0.0
2012,330455705016,Humaitá,CV,1068177.754,5547.437,0.519337
2012,330455705016,Humaitá,Milicia,1068177.754,0.0,0.0
2012,330455705016,Humaitá,TCP,1068177.754,0.0,0.0
2012,330455705017,Leme,ADA,1017046.998,0.0,0.0
2012,330455705017,Leme,CV,1017046.998,154956.837,15.235956
2012,330455705017,Leme,Milicia,1017046.998,0.0,0.0
2012,330455705017,Leme,TCP,1017046.998,0.0,0.0
2012,330455705018,Copacabana,ADA,4201270.477,0.0,0.0
2012,330455705018,Copacabana,CV,4201270.477,204885.728,4.876756
2012,330455705018,Copacabana,Milicia,4201270.477,0.0,0.0
2012,330455705018,Copacabana,TCP,4201270.477,0.0,0.0
2012,330455705019,Ipanema,ADA,3060078.202,0.0,0.0
2012,330455705019,Ipanema,CV,3060078.202,46130.548,1.507496
2012,330455705019,Ipanema,Milicia,3060078.202,0.0,0.0
2012,330455705019,Ipanema,TCP,3060078.202,0.0,0.0
2012,330455705020,Leblon,ADA,2118156.856,11750.6,0.554756
2012,330455705020,Leblon,CV,2118156.856,0.0,0.0
2012,330455705020,Leblon,Milicia,2118156.856,0.0,0.0
2012,330455705020,Leblon,TCP,2118156.856,0.0,0.0
2012,330455705021,Lagoa,ADA,5193577.874,5.53,0.000106
2012,330455705021,Lagoa,CV,5193577.874,845.013,0.01627
2012,330455705021,Lagoa,Milicia,5193577.874,0.0,0.0
2012,330455705021,Lagoa,TCP,5193577.874,0.0,0.0
2012,330455705022,Jardim Botânico,ADA,2817694.6,0.0,0.0
2012,330455705022,Jardim Botânico,CV,2817694.6,0.0,0.0
2012,330455705022,Jardim Botânico,Milicia,2817694.6,0.0,0.0
2012,330455705022,Jardim Botânico,TCP,2817694.6,0.0,0.0
2012,330455705023,Gávea,ADA,2733785.645,31232.71,1.142471
2012,330455705023,Gávea,CV,2733785.645,0.0,0.0
2012,330455705023,Gávea,Milicia,2733785.645,0.0,0.0
2012,330455705023,Gávea,TCP,2733785.645,0.0,0.0
2012,330455705024,Vidigal,ADA,1781818.869,248487.879,13.945743
2012,330455705024,Vidigal,CV,1781818.869,0.0,0.0
2012,330455705024,Vidigal,Milicia,1781818.869,0.0,0.0
2012,330455705024,Vidigal,TCP,1781818.869,0.0,0.0
2012,330455705025,São Conrado,ADA,6668231.159,39173.886,0.58747
2012,330455705025,São Conrado,CV,6668231.159,0.0,0.0
2012,330455705025,São Conrado,Milicia,6668231.159,0.0,0.0
2012,330455705025,São Conrado,TCP,6668231.159,0.0,0.0
2012,330455705026,São Cristóvão,ADA,3794648.396,0.0,0.0
2012,330455705026,São Cristóvão,CV,3794648.396,321993.36,8.48546
2012,330455705026,São Cristóvão,Milicia,3794648.396,7.29,0.000192
2012,330455705026,São Cristóvão,TCP,3794648.396,17826.627,0.469783
2012,330455705027,Mangueira,ADA,965517.733,0.0,0.0
2012,330455705027,Mangueira,CV,965517.733,356854.481,36.95991
2012,330455705027,Mangueira,Milicia,965517.733,0.0,0.0
2012,330455705027,Mangueira,TCP,965517.733,0.0,0.0
2012,330455705028,Benfica,ADA,1803020.832,1136.645,0.063041
2012,330455705028,Benfica,CV,1803020.832,153957.982,8.538891
2012,330455705028,Benfica,Milicia,1803020.832,26264.679,1.456704
2012,330455705028,Benfica,TCP,1803020.832,4753.938,0.263665
2012,330455705029,Praça da Bandeira,ADA,759082.679,0.0,0.0
2012,330455705029,Praça da Bandeira,CV,759082.679,0.0,0.0
2012,330455705029,Praça da Bandeira,Milicia,759082.679,208844.83,27.512791
2012,330455705029,Praça da Bandeira,TCP,759082.679,0.0,0.0
2012,330455705030,Tijuca,ADA,9943019.197,19227.095,0.193373
2012,330455705030,Tijuca,CV,9943019.197,761805.774,7.661715
2012,330455705030,Tijuca,Milicia,9943019.197,0.0,0.0
2012,330455705030,Tijuca,TCP,9943019.197,85166.149,0.856542
2012,330455705031,Alto da Boa Vista,ADA,31327174.846,0.0,0.0
2012,330455705031,Alto da Boa Vista,CV,31327174.846,214619.037,0.685089
2012,330455705031,Alto da Boa Vista,Milicia,31327174.846,2479.521,0.007915
2012,330455705031,Alto da Boa Vista,TCP,31327174.846,0.0,0.0
2012,330455705032,Maracanã,ADA,1618236.441,0.0,0.0
2012,330455705032,Maracanã,CV,1618236.441,6310.973,0.389991
2012,330455705032,Maracanã,Milicia,1618236.441,0.0,0.0
2012,330455705032,Maracanã,TCP,1618236.441,0.0,0.0
2012,330455705033,Vila Isabel,ADA,3335039.051,271270.393,8.13395
2012,330455705033,Vila Isabel,CV,3335039.051,0.0,0.0
2012,330455705033,Vila Isabel,Milicia,3335039.051,0.0,0.0
2012,330455705033,Vila Isabel,TCP,3335039.051,0.0,0.0
2012,330455705034,Andaraí,ADA,2288826.412,0.0,0.0
2012,330455705034,Andaraí,CV,2288826.412,313983.204,13.718087
2012,330455705034,Andaraí,Milicia,2288826.412,0.0,0.0
2012,330455705034,Andaraí,TCP,2288826.412,0.0,0.0
2012,330455705035,Grajaú,ADA,5666000.278,0.0,0.0
2012,330455705035,Grajaú,CV,5666000.278,262375.008,4.630692
2012,330455705035,Grajaú,Milicia,5666000.278,0.0,0.0
2012,330455705035,Grajaú,TCP,5666000.278,0.0,0.0
2012,330455705036,Manguinhos,ADA,2904792.726,0.0,0.0
2012,330455705036,Manguinhos,CV,2904792.726,376244.55,12.952544
2012,330455705036,Manguinhos,Milicia,2904792.726,65755.991,2.263707
2012,330455705036,Manguinhos,TCP,2904792.726,157.452,0.00542
2012,330455705037,Bonsucesso,ADA,2246914.385,0.0,0.0
2012,330455705037,Bonsucesso,CV,2246914.385,40041.623,1.782072
2012,330455705037,Bonsucesso,Milicia,2246914.385,0.0,0.0
2012,330455705037,Bonsucesso,TCP,2246914.385,226.526,0.010082
2012,330455705038,Ramos,ADA,2803461.571,0.0,0.0
2012,330455705038,Ramos,CV,2803461.571,168826.137,6.02206
2012,330455705038,Ramos,Milicia,2803461.571,1131188.673,40.349712
2012,330455705038,Ramos,TCP,2803461.571,0.0,0.0
2012,330455705039,Olaria,ADA,3777725.993,0.0,0.0
2012,330455705039,Olaria,CV,3777725.993,677830.462,17.942817
2012,330455705039,Olaria,Milicia,3777725.993,226215.576,5.988141
2012,330455705039,Olaria,TCP,3777725.993,0.0,0.0
2012,330455705040,Penha,ADA,5667327.123,0.0,0.0
2012,330455705040,Penha,CV,5667327.123,1125736.027,19.863615
2012,330455705040,Penha,Milicia,5667327.123,17773.968,0.313622
2012,330455705040,Penha,TCP,5667327.123,0.0,0.0
2012,330455705041,Penha Circular,ADA,4750762.719,0.0,0.0
2012,330455705041,Penha Circular,CV,4750762.719,546034.734,11.493623
2012,330455705041,Penha Circular,Milicia,4750762.719,89679.943,1.887696
2012,330455705041,Penha Circular,TCP,4750762.719,0.0,0.0
2012,330455705042,Brás de Pina,ADA,3512571.928,0.0,0.0
2012,330455705042,Brás de Pina,CV,3512571.928,163522.551,4.655351
2012,330455705042,Brás de Pina,Milicia,3512571.928,1181728.967,33.64284
2012,330455705042,Brás de Pina,TCP,3512571.928,78970.601,2.248227
2012,330455705043,Cordovil,ADA,3753939.247,0.0,0.0
2012,330455705043,Cordovil,CV,3753939.247,326675.008,8.702192
2012,330455705043,Cordovil,Milicia,3753939.247,225515.056,6.007424
2012,330455705043,Cordovil,TCP,3753939.247,0.0,0.0
2012,330455705044,Parada de Lucas,ADA,2297621.975,0.0,0.0
2012,330455705044,Parada de Lucas,CV,2297621.975,7297.798,0.317624
2012,330455705044,Parada de Lucas,Milicia,2297621.975,18203.319,0.792268
2012,330455705044,Parada de Lucas,TCP,2297621.975,346079.738,15.062519
2012,330455705045,Vigário Geral,ADA,3417305.816,0.0,0.0
2012,330455705045,Vigário Geral,CV,3417305.816,321721.571,9.41448
2012,330455705045,Vigário Geral,Milicia,3417305.816,0.0,0.0
2012,330455705045,Vigário Geral,TCP,3417305.816,161833.148,4.735694
2012,330455705046,Jardim América,ADA,1948170.717,0.0,0.0
2012,330455705046,Jardim América,CV,1948170.717,209897.526,10.774083
2012,330455705046,Jardim América,Milicia,1948170.717,0.0,0.0
2012,330455705046,Jardim América,TCP,1948170.717,0.0,0.0
2012,330455705047,São Francisco Xavier,ADA,665866.707,0.0,0.0
2012,330455705047,São Francisco Xavier,CV,665866.707,8657.787,1.300228
2012,330455705047,São Francisco Xavier,Milicia,665866.707,0.0,0.0
2012,330455705047,São Francisco Xavier,TCP,665866.707,0.0,0.0
2012,330455705048,Rocha,ADA,1195663.72,0.0,0.0
2012,330455705048,Rocha,CV,1195663.72,0.0,0.0
2012,330455705048,Rocha,Milicia,1195663.72,0.0,0.0
2012,330455705048,Rocha,TCP,1195663.72,0.0,0.0
2012,330455705049,Riachuelo,ADA,1007501.654,0.0,0.0
2012,330455705049,Riachuelo,CV,1007501.654,0.0,0.0
2012,330455705049,Riachuelo,Milicia,1007501.654,0.0,0.0
2012,330455705049,Riachuelo,TCP,1007501.654,0.0,0.0
2012,330455705050,Sampaio,ADA,834065.511,0.0,0.0
2012,330455705050,Sampaio,CV,834065.511,29032.545,3.480847
2012,330455705050,Sampaio,Milicia,834065.511,0.0,0.0
2012,330455705050,Sampaio,TCP,834065.511,0.0,0.0
2012,330455705051,Engenho Novo,ADA,2670486.436,1106.168,0.041422
2012,330455705051,Engenho Novo,CV,2670486.436,522982.587,19.583795
2012,330455705051,Engenho Novo,Milicia,2670486.436,872.648,0.032677
2012,330455705051,Engenho Novo,TCP,2670486.436,0.0,0.0
2012,330455705052,Lins de Vasconcelos,ADA,2795375.736,0.0,0.0
2012,330455705052,Lins de Vasconcelos,CV,2795375.736,747280.068,26.732724
2012,330455705052,Lins de Vasconcelos,Milicia,2795375.736,0.0,0.0
2012,330455705052,Lins de Vasconcelos,TCP,2795375.736,0.0,0.0
2012,330455705053,Méier,ADA,2365369.616,0.0,0.0
2012,330455705053,Méier,CV,2365369.616,83586.886,3.533777
2012,330455705053,Méier,Milicia,2365369.616,252228.789,10.663399
2012,330455705053,Méier,TCP,2365369.616,0.0,0.0
2012,330455705054,Todos os Santos,ADA,1096583.584,0.0,0.0
2012,330455705054,Todos os Santos,CV,1096583.584,0.024,2e-06
2012,330455705054,Todos os Santos,Milicia,1096583.584,56595.212,5.161049
2012,330455705054,Todos os Santos,TCP,1096583.584,0.0,0.0
2012,330455705055,Cachambi,ADA,2184248.384,0.0,0.0
2012,330455705055,Cachambi,CV,2184248.384,24161.522,1.106171
2012,330455705055,Cachambi,Milicia,2184248.384,381316.2,17.457548
2012,330455705055,Cachambi,TCP,2184248.384,0.0,0.0
2012,330455705056,Engenho de Dentro,ADA,3860558.733,0.0,0.0
2012,330455705056,Engenho de Dentro,CV,3860558.733,389340.182,10.085073
2012,330455705056,Engenho de Dentro,Milicia,3860558.733,251679.446,6.519249
2012,330455705056,Engenho de Dentro,TCP,3860558.733,0.0,0.0
2012,330455705057,Água Santa,ADA,2443119.047,0.0,0.0
2012,330455705057,Água Santa,CV,2443119.047,8827.196,0.361308
2012,330455705057,Água Santa,Milicia,2443119.047,310656.374,12.715564
2012,330455705057,Água Santa,TCP,2443119.047,0.0,0.0
2012,330455705058,Encantado,ADA,1017956.092,0.0,0.0
2012,330455705058,Encantado,CV,1017956.092,5034.295,0.494549
2012,330455705058,Encantado,Milicia,1017956.092,326463.391,32.070479
2012,330455705058,Encantado,TCP,1017956.092,0.0,0.0
2012,330455705059,Piedade,ADA,3975814.299,129708.741,3.262445
2012,330455705059,Piedade,CV,3975814.299,0.0,0.0
2012,330455705059,Piedade,Milicia,3975814.299,2396553.711,60.278311
2012,330455705059,Piedade,TCP,3975814.299,0.0,0.0
2012,330455705060,Abolição,ADA,681919.203,119.689,0.017552
2012,330455705060,Abolição,CV,681919.203,0.0,0.0
2012,330455705060,Abolição,Milicia,681919.203,414.571,0.060795
2012,330455705060,Abolição,TCP,681919.203,0.0,0.0
2012,330455705061,Pilares,ADA,1736724.672,115844.411,6.670281
2012,330455705061,Pilares,CV,1736724.672,197072.638,11.347374
2012,330455705061,Pilares,Milicia,1736724.672,62913.469,3.622536
2012,330455705061,Pilares,TCP,1736724.672,0.0,0.0
2012,330455705062,Vila Kosmos,ADA,1459829.177,0.0,0.0
2012,330455705062,Vila Kosmos,CV,1459829.177,644244.508,44.1315
2012,330455705062,Vila Kosmos,Milicia,1459829.177,199974.579,13.698492
2012,330455705062,Vila Kosmos,TCP,1459829.177,0.0,0.0
2012,330455705063,Vicente de Carvalho,ADA,1861712.205,511574.468,27.478708
2012,330455705063,Vicente de Carvalho,CV,1861712.205,201348.48,10.815231
2012,330455705063,Vicente de Carvalho,Milicia,1861712.205,224.042,0.012034
2012,330455705063,Vicente de Carvalho,TCP,1861712.205,135.146,0.007259
2012,330455705064,Vila da Penha,ADA,1459935.08,0.0,0.0
2012,330455705064,Vila da Penha,CV,1459935.08,32.071,0.002197
2012,330455705064,Vila da Penha,Milicia,1459935.08,35100.763,2.404269
2012,330455705064,Vila da Penha,TCP,1459935.08,0.0,0.0
2012,330455705065,Vista Alegre,ADA,543631.474,0.0,0.0
2012,330455705065,Vista Alegre,CV,543631.474,670.515,0.12334
2012,330455705065,Vista Alegre,Milicia,543631.474,0.0,0.0
2012,330455705065,Vista Alegre,TCP,543631.474,0.0,0.0
2012,330455705066,Irajá,ADA,7756434.911,45.121,0.000582
2012,330455705066,Irajá,CV,7756434.911,151035.744,1.947232
2012,330455705066,Irajá,Milicia,7756434.911,586583.422,7.562539
2012,330455705066,Irajá,TCP,7756434.911,276837.624,3.569135
2012,330455705067,Colégio,ADA,1977696.341,253962.888,12.841349
2012,330455705067,Colégio,CV,1977696.341,45498.33,2.300572
2012,330455705067,Colégio,Milicia,1977696.341,0.0,0.0
2012,330455705067,Colégio,TCP,1977696.341,184338.261,9.320858
2012,330455705068,Campinho,ADA,818895.95,0.0,0.0
2012,330455705068,Campinho,CV,818895.95,0.0,0.0
2012,330455705068,Campinho,Milicia,818895.95,532720.639,65.05352
2012,330455705068,Campinho,TCP,818895.95,0.0,0.0
2012,330455705069,Quintino Bocaiúva,ADA,4327748.625,16754.555,0.387143
2012,330455705069,Quintino Bocaiúva,CV,4327748.625,14658.333,0.338706
2012,330455705069,Quintino Bocaiúva,Milicia,4327748.625,1631851.221,37.706701
2012,330455705069,Quintino Bocaiúva,TCP,4327748.625,0.0,0.0
2012,330455705070,Cavalcanti,ADA,1841740.248,203441.199,11.04614
2012,330455705070,Cavalcanti,CV,1841740.248,986.873,0.053584
2012,330455705070,Cavalcanti,Milicia,1841740.248,106353.703,5.774631
2012,330455705070,Cavalcanti,TCP,1841740.248,0.0,0.0
2012,330455705071,Engenheiro Leal,ADA,666173.029,0.0,0.0
2012,330455705071,Engenheiro Leal,CV,666173.029,0.0,0.0
2012,330455705071,Engenheiro Leal,Milicia,666173.029,0.0,0.0
2012,330455705071,Engenheiro Leal,TCP,666173.029,69849.801,10.485234
2012,330455705072,Cascadura,ADA,3007879.708,0.0,0.0
2012,330455705072,Cascadura,CV,3007879.708,2564.621,0.085263
2012,330455705072,Cascadura,Milicia,3007879.708,1757064.182,58.415374
2012,330455705072,Cascadura,TCP,3007879.708,0.0,0.0
2012,330455705073,Madureira,ADA,3784149.277,0.0,0.0
2012,330455705073,Madureira,CV,3784149.277,388596.396,10.269056
2012,330455705073,Madureira,Milicia,3784149.277,1136975.164,30.045727
2012,330455705073,Madureira,TCP,3784149.277,193132.11,5.103713
2012,330455705074,Vaz Lobo,ADA,1053976.763,0.0,0.0
2012,330455705074,Vaz Lobo,CV,1053976.763,20201.915,1.916733
2012,330455705074,Vaz Lobo,Milicia,1053976.763,55959.691,5.309386
2012,330455705074,Vaz Lobo,TCP,1053976.763,111474.327,10.576545
2012,330455705075,Turiaçu,ADA,1312987.215,0.0,0.0
2012,330455705075,Turiaçu,CV,1312987.215,403763.083,30.751486
2012,330455705075,Turiaçu,Milicia,1312987.215,1663.177,0.126671
2012,330455705075,Turiaçu,TCP,1312987.215,0.0,0.0
2012,330455705076,Rocha Miranda,ADA,2931197.068,0.0,0.0
2012,330455705076,Rocha Miranda,CV,2931197.068,662096.455,22.58792
2012,330455705076,Rocha Miranda,Milicia,2931197.068,0.0,0.0
2012,330455705076,Rocha Miranda,TCP,2931197.068,0.0,0.0
2012,330455705077,Honório Gurgel,ADA,1291655.929,0.0,0.0
2012,330455705077,Honório Gurgel,CV,1291655.929,138373.682,10.71289
2012,330455705077,Honório Gurgel,Milicia,1291655.929,54626.192,4.22916
2012,330455705077,Honório Gurgel,TCP,1291655.929,0.0,0.0
2012,330455705078,Oswaldo Cruz,ADA,2109374.788,0.0,0.0
2012,330455705078,Oswaldo Cruz,CV,2109374.788,6228.193,0.295263
2012,330455705078,Oswaldo Cruz,Milicia,2109374.788,365522.903,17.328495
2012,330455705078,Oswaldo Cruz,TCP,2109374.788,0.0,0.0
2012,330455705079,Bento Ribeiro,ADA,3148947.915,0.0,0.0
2012,330455705079,Bento Ribeiro,CV,3148947.915,8335.575,0.26471
2012,330455705079,Bento Ribeiro,Milicia,3148947.915,28303.593,0.898827
2012,330455705079,Bento Ribeiro,TCP,3148947.915,0.0,0.0
2012,330455705080,Marechal Hermes,ADA,3842053.359,0.0,0.0
2012,330455705080,Marechal Hermes,CV,3842053.359,249998.263,6.506892
2012,330455705080,Marechal Hermes,Milicia,3842053.359,417621.078,10.869737
2012,330455705080,Marechal Hermes,TCP,3842053.359,168.517,0.004386
2012,330455705081,Jacarepaguá,ADA,74749389.951,0.0,0.0
2012,330455705081,Jacarepaguá,CV,74749389.951,168960.468,0.226036
2012,330455705081,Jacarepaguá,Milicia,74749389.951,7186207.863,9.613734
2012,330455705081,Jacarepaguá,TCP,74749389.951,0.0,0.0
2012,330455705082,Anil,ADA,3773328.725,0.0,0.0
2012,330455705082,Anil,CV,3773328.725,14291.005,0.378737
2012,330455705082,Anil,Milicia,3773328.725,788236.136,20.889676
2012,330455705082,Anil,TCP,3773328.725,0.0,0.0
2012,330455705083,Gardênia Azul,ADA,949103.226,0.0,0.0
2012,330455705083,Gardênia Azul,CV,949103.226,111.158,0.011712
2012,330455705083,Gardênia Azul,Milicia,949103.226,771519.447,81.289308
2012,330455705083,Gardênia Azul,TCP,949103.226,0.0,0.0
2012,330455705084,Cidade de Deus,ADA,1390931.874,0.0,0.0
2012,330455705084,Cidade de Deus,CV,1390931.874,967965.011,69.591116
2012,330455705084,Cidade de Deus,Milicia,1390931.874,3724.898,0.267799
2012,330455705084,Cidade de Deus,TCP,1390931.874,0.0,0.0
2012,330455705085,Curicica,ADA,3339007.728,0.0,0.0
2012,330455705085,Curicica,CV,3339007.728,0.0,0.0
2012,330455705085,Curicica,Milicia,3339007.728,1639218.143,49.092972
2012,330455705085,Curicica,TCP,3339007.728,0.0,0.0
2012,330455705086,Freguesia (Jacarepaguá),ADA,10108021.173,0.0,0.0
2012,330455705086,Freguesia (Jacarepaguá),CV,10108021.173,198270.079,1.961512
2012,330455705086,Freguesia (Jacarepaguá),Milicia,10108021.173,382870.07,3.787785
2012,330455705086,Freguesia (Jacarepaguá),TCP,10108021.173,0.0,0.0
2012,330455705087,Pechincha,ADA,3127046.955,0.0,0.0
2012,330455705087,Pechincha,CV,3127046.955,0.0,0.0
2012,330455705087,Pechincha,Milicia,3127046.955,145018.193,4.637544
2012,330455705087,Pechincha,TCP,3127046.955,0.0,0.0
2012,330455705088,Taquara,ADA,13409639.819,0.0,0.0
2012,330455705088,Taquara,CV,13409639.819,67125.828,0.500579
2012,330455705088,Taquara,Milicia,13409639.819,4103292.791,30.599575
2012,330455705088,Taquara,TCP,13409639.819,0.0,0.0
2012,330455705089,Tanque,ADA,5758334.63,0.0,0.0
2012,330455705089,Tanque,CV,5758334.63,0.0,0.0
2012,330455705089,Tanque,Milicia,5758334.63,2490288.701,43.246683
2012,330455705089,Tanque,TCP,5758334.63,0.0,0.0
2012,330455705090,Praça Seca,ADA,6556015.532,0.0,0.0
2012,330455705090,Praça Seca,CV,6556015.532,31299.925,0.477423
2012,330455705090,Praça Seca,Milicia,6556015.532,4446303.601,67.820212
2012,330455705090,Praça Seca,TCP,6556015.532,0.0,0.0
2012,330455705091,Vila Valqueire,ADA,4013527.509,0.0,0.0
2012,330455705091,Vila Valqueire,CV,4013527.509,0.0,0.0
2012,330455705091,Vila Valqueire,Milicia,4013527.509,1175144.839,29.279601
2012,330455705091,Vila Valqueire,TCP,4013527.509,0.0,0.0
2012,330455705092,Deodoro,ADA,4683193.264,0.0,0.0
2012,330455705092,Deodoro,CV,4683193.264,45110.211,0.963236
2012,330455705092,Deodoro,Milicia,4683193.264,482248.614,10.297431
2012,330455705092,Deodoro,TCP,4683193.264,253405.522,5.410956
2012,330455705093,Vila Militar,ADA,10520035.885,0.0,0.0
2012,330455705093,Vila Militar,CV,10520035.885,0.0,0.0
2012,330455705093,Vila Militar,Milicia,10520035.885,393309.756,3.738673
2012,330455705093,Vila Militar,TCP,10520035.885,0.0,0.0
2012,330455705094,Campo dos Afonsos,ADA,3173081.541,0.0,0.0
2012,330455705094,Campo dos Afonsos,CV,3173081.541,0.0,0.0
2012,330455705094,Campo dos Afonsos,Milicia,3173081.541,0.0,0.0
2012,330455705094,Campo dos Afonsos,TCP,3173081.541,0.0,0.0
2012,330455705095,Jardim Sulacap,ADA,7838000.908,0.0,0.0
2012,330455705095,Jardim Sulacap,CV,7838000.908,0.0,0.0
2012,330455705095,Jardim Sulacap,Milicia,7838000.908,20616.104,0.263028
2012,330455705095,Jardim Sulacap,TCP,7838000.908,0.0,0.0
2012,330455705096,Magalhães Bastos,ADA,2054160.612,87299.092,4.249867
2012,330455705096,Magalhães Bastos,CV,2054160.612,0.0,0.0
2012,330455705096,Magalhães Bastos,Milicia,2054160.612,344147.263,16.753669
2012,330455705096,Magalhães Bastos,TCP,2054160.612,44253.186,2.15432
2012,330455705097,Realengo,ADA,25902981.11,596972.963,2.30465
2012,330455705097,Realengo,CV,25902981.11,27699.798,0.106937
2012,330455705097,Realengo,Milicia,25902981.11,4608431.38,17.791124
2012,330455705097,Realengo,TCP,25902981.11,93531.236,0.361083
2012,330455705098,Padre Miguel,ADA,4845945.365,1044355.155,21.551113
2012,330455705098,Padre Miguel,CV,4845945.365,21766.829,0.449176
2012,330455705098,Padre Miguel,Milicia,4845945.365,564819.323,11.655503
2012,330455705098,Padre Miguel,TCP,4845945.365,0.0,0.0
2012,330455705099,Bangu,ADA,37830395.943,1402304.326,3.706819
2012,330455705099,Bangu,CV,37830395.943,2500393.086,6.609482
2012,330455705099,Bangu,Milicia,37830395.943,3019769.243,7.982389
2012,330455705099,Bangu,TCP,37830395.943,1351775.283,3.573252
2012,330455705100,Senador Camará,ADA,17294389.899,0.0,0.0
2012,330455705100,Senador Camará,CV,17294389.899,178696.798,1.033265
2012,330455705100,Senador Camará,Milicia,17294389.899,1287.138,0.007443
2012,330455705100,Senador Camará,TCP,17294389.899,2527379.818,14.613871
2012,330455705101,Santíssimo,ADA,8471414.284,0.0,0.0
2012,330455705101,Santíssimo,CV,8471414.284,0.0,0.0
2012,330455705101,Santíssimo,Milicia,8471414.284,1487550.363,17.559646
2012,330455705101,Santíssimo,TCP,8471414.284,335596.429,3.961516
2012,330455705102,Campo Grande,ADA,104874675.28,0.0,0.0
2012,330455705102,Campo Grande,CV,104874675.28,4205.162,0.00401
2012,330455705102,Campo Grande,Milicia,104874675.28,22315564.222,21.278315
2012,330455705102,Campo Grande,TCP,104874675.28,17715.257,0.016892
2012,330455705103,Senador Vasconcelos,ADA,6282463.302,0.0,0.0
2012,330455705103,Senador Vasconcelos,CV,6282463.302,0.0,0.0
2012,330455705103,Senador Vasconcelos,Milicia,6282463.302,777204.866,12.371021
2012,330455705103,Senador Vasconcelos,TCP,6282463.302,0.0,0.0
2012,330455705104,Inhoaíba,ADA,8246887.204,0.0,0.0
2012,330455705104,Inhoaíba,CV,8246887.204,231.804,0.002811
2012,330455705104,Inhoaíba,Milicia,8246887.204,3870816.794,46.936701
2012,330455705104,Inhoaíba,TCP,8246887.204,0.0,0.0
2012,330455705105,Cosmos,ADA,11341801.939,0.0,0.0
2012,330455705105,Cosmos,CV,11341801.939,0.0,0.0
2012,330455705105,Cosmos,Milicia,11341801.939,5283994.735,46.588671
2012,330455705105,Cosmos,TCP,11341801.939,0.0,0.0
2012,330455705106,Paciência,ADA,26711558.485,0.0,0.0
2012,330455705106,Paciência,CV,26711558.485,363748.436,1.361764
2012,330455705106,Paciência,Milicia,26711558.485,7107773.786,26.609356
2012,330455705106,Paciência,TCP,26711558.485,0.0,0.0
2012,330455705107,Santa Cruz,ADA,123060884.941,0.0,0.0
2012,330455705107,Santa Cruz,CV,123060884.941,2783665.513,2.262023
2012,330455705107,Santa Cruz,Milicia,123060884.941,13280202.924,10.791571
2012,330455705107,Santa Cruz,TCP,123060884.941,358210.134,0.291084
2012,330455705108,Sepetiba,ADA,11867945.594,0.0,0.0
2012,330455705108,Sepetiba,CV,11867945.594,28187.346,0.237508
2012,330455705108,Sepetiba,Milicia,11867945.594,5485304.944,46.219499
2012,330455705108,Sepetiba,TCP,11867945.594,0.0,0.0
2012,330455705109,Ribeira,ADA,873943.13,0.0,0.0
2012,330455705109,Ribeira,CV,873943.13,0.0,0.0
2012,330455705109,Ribeira,Milicia,873943.13,0.0,0.0
2012,330455705109,Ribeira,TCP,873943.13,0.0,0.0
2012,330455705110,Zumbi,ADA,182858.391,0.0,0.0
2012,330455705110,Zumbi,CV,182858.391,0.0,0.0
2012,330455705110,Zumbi,Milicia,182858.391,0.0,0.0
2012,330455705110,Zumbi,TCP,182858.391,0.0,0.0
2012,330455705111,Cacuia,ADA,2145636.701,0.0,0.0
2012,330455705111,Cacuia,CV,2145636.701,0.0,0.0
2012,330455705111,Cacuia,Milicia,2145636.701,81029.907,3.776497
2012,330455705111,Cacuia,TCP,2145636.701,0.014,1e-06
2012,330455705112,Pitangueiras,ADA,619268.101,0.0,0.0
2012,330455705112,Pitangueiras,CV,619268.101,0.0,0.0
2012,330455705112,Pitangueiras,Milicia,619268.101,113639.068,18.350544
2012,330455705112,Pitangueiras,TCP,619268.101,0.0,0.0
2012,330455705113,Praia da Bandeira,ADA,332647.93,0.0,0.0
2012,330455705113,Praia da Bandeira,CV,332647.93,0.0,0.0
2012,330455705113,Praia da Bandeira,Milicia,332647.93,0.0,0.0
2012,330455705113,Praia da Bandeira,TCP,332647.93,0.0,0.0
2012,330455705114,Cocotá,ADA,579176.523,0.0,0.0
2012,330455705114,Cocotá,CV,579176.523,0.0,0.0
2012,330455705114,Cocotá,Milicia,579176.523,0.0,0.0
2012,330455705114,Cocotá,TCP,579176.523,729.966,0.126035
2012,330455705115,Bancários,ADA,1020691.23,57075.198,5.591818
2012,330455705115,Bancários,CV,1020691.23,0.0,0.0
2012,330455705115,Bancários,Milicia,1020691.23,227.211,0.022261
2012,330455705115,Bancários,TCP,1020691.23,91996.693,9.013176
2012,330455705116,Freguesia (Ilha do Governador),ADA,4109015.707,0.0,0.0
2012,330455705116,Freguesia (Ilha do Governador),CV,4109015.707,0.0,0.0
2012,330455705116,Freguesia (Ilha do Governador),Milicia,4109015.707,0.0,0.0
2012,330455705116,Freguesia (Ilha do Governador),TCP,4109015.707,161353.678,3.926821
2012,330455705117,Jardim Guanabara,ADA,3207591.058,0.0,0.0
2012,330455705117,Jardim Guanabara,CV,3207591.058,0.0,0.0
2012,330455705117,Jardim Guanabara,Milicia,3207591.058,0.0,0.0
2012,330455705117,Jardim Guanabara,TCP,3207591.058,13300.394,0.414654
2012,330455705118,Jardim Carioca,ADA,1569958.828,0.0,0.0
2012,330455705118,Jardim Carioca,CV,1569958.828,0.0,0.0
2012,330455705118,Jardim Carioca,Milicia,1569958.828,0.0,0.0
2012,330455705118,Jardim Carioca,TCP,1569958.828,125714.505,8.007503
2012,330455705119,Tauá,ADA,1617763.743,539.288,0.033335
2012,330455705119,Tauá,CV,1617763.743,0.0,0.0
2012,330455705119,Tauá,Milicia,1617763.743,49219.313,3.042429
2012,330455705119,Tauá,TCP,1617763.743,246104.47,15.212634
2012,330455705120,Moneró,ADA,532864.681,0.0,0.0
2012,330455705120,Moneró,CV,532864.681,0.0,0.0
2012,330455705120,Moneró,Milicia,532864.681,0.0,0.0
2012,330455705120,Moneró,TCP,532864.681,0.0,0.0
2012,330455705121,Portuguesa,ADA,1208445.694,0.0,0.0
2012,330455705121,Portuguesa,CV,1208445.694,0.0,0.0
2012,330455705121,Portuguesa,Milicia,1208445.694,0.0,0.0
2012,330455705121,Portuguesa,TCP,1208445.694,189073.847,15.646036
2012,330455705122,Galeão,ADA,18992288.329,0.0,0.0
2012,330455705122,Galeão,CV,18992288.329,341503.063,1.798114
2012,330455705122,Galeão,Milicia,18992288.329,0.0,0.0
2012,330455705122,Galeão,TCP,18992288.329,118171.304,0.622207
2012,330455705123,Cidade Universitária,ADA,4947976.897,0.0,0.0
2012,330455705123,Cidade Universitária,CV,4947976.897,0.0,0.0
2012,330455705123,Cidade Universitária,Milicia,4947976.897,0.0,0.0
2012,330455705123,Cidade Universitária,TCP,4947976.897,0.0,0.0
2012,330455705124,Guadalupe,ADA,3803468.412,0.0,0.0
2012,330455705124,Guadalupe,CV,3803468.412,369132.591,9.705157
2012,330455705124,Guadalupe,Milicia,3803468.412,1245703.916,32.751788
2012,330455705124,Guadalupe,TCP,3803468.412,447.12,0.011756
2012,330455705125,Anchieta,ADA,4330770.883,7.788,0.00018
2012,330455705125,Anchieta,CV,4330770.883,758598.994,17.516489
2012,330455705125,Anchieta,Milicia,4330770.883,1882658.164,43.471664
2012,330455705125,Anchieta,TCP,4330770.883,0.0,0.0
2012,330455705126,Parque Anchieta,ADA,3956592.823,0.0,0.0
2012,330455705126,Parque Anchieta,CV,3956592.823,34752.536,0.878345
2012,330455705126,Parque Anchieta,Milicia,3956592.823,318710.912,8.055186
2012,330455705126,Parque Anchieta,TCP,3956592.823,0.0,0.0
2012,330455705127,Ricardo de Albuquerque,ADA,2278207.357,0.0,0.0
2012,330455705127,Ricardo de Albuquerque,CV,2278207.357,520.649,0.022853
2012,330455705127,Ricardo de Albuquerque,Milicia,2278207.357,964326.806,42.328316
2012,330455705127,Ricardo de Albuquerque,TCP,2278207.357,0.0,0.0
2012,330455705128,Santa Teresa,ADA,5083505.53,84134.093,1.655041
2012,330455705128,Santa Teresa,CV,5083505.53,227200.117,4.469359
2012,330455705128,Santa Teresa,Milicia,5083505.53,3420.642,0.067289
2012,330455705128,Santa Teresa,TCP,5083505.53,0.0,0.0
2012,330455705129,Joá,ADA,1704745.172,0.0,0.0
2012,330455705129,Joá,CV,1704745.172,0.0,0.0
2012,330455705129,Joá,Milicia,1704745.172,0.0,0.0
2012,330455705129,Joá,TCP,1704745.172,0.0,0.0
2012,330455705130,Itanhangá,ADA,13103660.398,0.0,0.0
2012,330455705130,Itanhangá,CV,13103660.398,11378.926,0.086838
2012,330455705130,Itanhangá,Milicia,13103660.398,797050.885,6.082658
2012,330455705130,Itanhangá,TCP,13103660.398,0.0,0.0
2012,330455705131,Barra da Tijuca,ADA,49110465.087,0.0,0.0
2012,330455705131,Barra da Tijuca,CV,49110465.087,0.0,0.0
2012,330455705131,Barra da Tijuca,Milicia,49110465.087,136760.333,0.278475
2012,330455705131,Barra da Tijuca,TCP,49110465.087,0.0,0.0
2012,330455705132,Camorim,ADA,8382818.669,0.0,0.0
2012,330455705132,Camorim,CV,8382818.669,0.0,0.0
2012,330455705132,Camorim,Milicia,8382818.669,1600431.357,19.091805
2012,330455705132,Camorim,TCP,8382818.669,0.0,0.0
2012,330455705133,Vargem Pequena,ADA,14217990.568,0.0,0.0
2012,330455705133,Vargem Pequena,CV,14217990.568,0.0,0.0
2012,330455705133,Vargem Pequena,Milicia,14217990.568,2095906.546,14.741229
2012,330455705133,Vargem Pequena,TCP,14217990.568,0.0,0.0
2012,330455705134,Vargem Grande,ADA,39432003.265,0.0,0.0
2012,330455705134,Vargem Grande,CV,39432003.265,0.0,0.0
2012,330455705134,Vargem Grande,Milicia,39432003.265,1029558.926,2.610973
2012,330455705134,Vargem Grande,TCP,39432003.265,0.0,0.0
2012,330455705135,Recreio dos Bandeirantes,ADA,31185606.999,0.0,0.0
2012,330455705135,Recreio dos Bandeirantes,CV,31185606.999,0.0,0.0
2012,330455705135,Recreio dos Bandeirantes,Milicia,31185606.999,1463511.125,4.692906
2012,330455705135,Recreio dos Bandeirantes,TCP,31185606.999,0.0,0.0
2012,330455705136,Grumari,ADA,9952429.072,0.0,0.0
2012,330455705136,Grumari,CV,9952429.072,0.0,0.0
2012,330455705136,Grumari,Milicia,9952429.072,0.0,0.0
2012,330455705136,Grumari,TCP,9952429.072,0.0,0.0
2012,330455705137,Coelho Neto,ADA,2502135.272,162641.329,6.500101
2012,330455705137,Coelho Neto,CV,2502135.272,90105.213,3.601133
2012,330455705137,Coelho Neto,Milicia,2502135.272,0.0,0.0
2012,330455705137,Coelho Neto,TCP,2502135.272,2176.029,0.086967
2012,330455705138,Acari,ADA,1585077.274,0.0,0.0
2012,330455705138,Acari,CV,1585077.274,0.0,0.0
2012,330455705138,Acari,Milicia,1585077.274,0.0,0.0
2012,330455705138,Acari,TCP,1585077.274,665407.277,41.979485
2012,330455705139,Barros Filho,ADA,1761486.011,535.102,0.030378
2012,330455705139,Barros Filho,CV,1761486.011,139473.385,7.917939
2012,330455705139,Barros Filho,Milicia,1761486.011,332489.455,18.875509
2012,330455705139,Barros Filho,TCP,1761486.011,0.0,0.0
2012,330455705140,Costa Barros,ADA,1854314.876,398806.658,21.506955
2012,330455705140,Costa Barros,CV,1854314.876,622947.484,33.594482
2012,330455705140,Costa Barros,Milicia,1854314.876,0.0,0.0
2012,330455705140,Costa Barros,TCP,1854314.876,0.0,0.0
2012,330455705141,Pavuna,ADA,8250574.787,922455.834,11.180504
2012,330455705141,Pavuna,CV,8250574.787,1309014.764,15.86574
2012,330455705141,Pavuna,Milicia,8250574.787,723951.102,8.774554
2012,330455705141,Pavuna,TCP,8250574.787,35433.18,0.429463
2012,330455705142,Guaratiba,ADA,135062990.914,157986.888,0.116973
2012,330455705142,Guaratiba,CV,135062990.914,0.0,0.0
2012,330455705142,Guaratiba,Milicia,135062990.914,9055950.877,6.704983
2012,330455705142,Guaratiba,TCP,135062990.914,0.0,0.0
2012,330455705143,Barra de Guaratiba,ADA,9977019.052,0.0,0.0
2012,330455705143,Barra de Guaratiba,CV,9977019.052,0.0,0.0
2012,330455705143,Barra de Guaratiba,Milicia,9977019.052,0.0,0.0
2012,330455705143,Barra de Guaratiba,TCP,9977019.052,0.0,0.0
2012,330455705144,Pedra de Guaratiba,ADA,3641094.955,0.0,0.0
2012,330455705144,Pedra de Guaratiba,CV,3641094.955,0.0,0.0
2012,330455705144,Pedra de Guaratiba,Milicia,3641094.955,783529.169,21.519053
2012,330455705144,Pedra de Guaratiba,TCP,3641094.955,0.0,0.0
2012,330455705145,Higienópolis,ADA,1151794.312,0.0,0.0
2012,330455705145,Higienópolis,CV,1151794.312,11302.359,0.981283
2012,330455705145,Higienópolis,Milicia,1151794.312,16509.437,1.433367
2012,330455705145,Higienópolis,TCP,1151794.312,0.0,0.0
2012,330455705146,Jacaré,ADA,904148.125,0.0,0.0
2012,330455705146,Jacaré,CV,904148.125,64709.921,7.157004
2012,330455705146,Jacaré,Milicia,904148.125,0.0,0.0
2012,330455705146,Jacaré,TCP,904148.125,0.0,0.0
2012,330455705147,Maria da Graça,ADA,874970.376,0.0,0.0
2012,330455705147,Maria da Graça,CV,874970.376,294.941,0.033709
2012,330455705147,Maria da Graça,Milicia,874970.376,0.0,0.0
2012,330455705147,Maria da Graça,TCP,874970.376,0.0,0.0
2012,330455705148,Del Castilho,ADA,1383449.914,0.0,0.0
2012,330455705148,Del Castilho,CV,1383449.914,21055.936,1.521988
2012,330455705148,Del Castilho,Milicia,1383449.914,829759.647,59.97757
2012,330455705148,Del Castilho,TCP,1383449.914,0.0,0.0
2012,330455705149,Inhaúma,ADA,3496464.039,0.0,0.0
2012,330455705149,Inhaúma,CV,3496464.039,339198.823,9.701196
2012,330455705149,Inhaúma,Milicia,3496464.039,988127.043,28.260752
2012,330455705149,Inhaúma,TCP,3496464.039,0.0,0.0
2012,330455705150,Engenho da Rainha,ADA,2257186.131,0.0,0.0
2012,330455705150,Engenho da Rainha,CV,2257186.131,544427.458,24.119741
2012,330455705150,Engenho da Rainha,Milicia,2257186.131,0.0,0.0
2012,330455705150,Engenho da Rainha,TCP,2257186.131,0.0,0.0
2012,330455705151,Tomás Coelho,ADA,1774340.341,181804.384,10.246308
2012,330455705151,Tomás Coelho,CV,1774340.341,117276.537,6.609585
2012,330455705151,Tomás Coelho,Milicia,1774340.341,0.0,0.0
2012,330455705151,Tomás Coelho,TCP,1774340.341,0.0,0.0
2012,330455705152,Saúde,ADA,344572.668,0.0,0.0
2012,330455705152,Saúde,CV,344572.668,0.0,0.0
2012,330455705152,Saúde,Milicia,344572.668,2474.188,0.718045
2012,330455705152,Saúde,TCP,344572.668,0.0,0.0
2012,330455705153,Paquetá,ADA,1675845.054,163725.228,9.769712
2012,330455705153,Paquetá,CV,1675845.054,24864.53,1.483701
2012,330455705153,Paquetá,Milicia,1675845.054,0.0,0.0
2012,330455705153,Paquetá,TCP,1675845.054,0.0,0.0
2012,330455705154,Parque Columbia,ADA,1519835.366,20488.1,1.348047
2012,330455705154,Parque Columbia,CV,1519835.366,0.0,0.0
2012,330455705154,Parque Columbia,Milicia,1519835.366,18.606,0.001224
2012,330455705154,Parque Columbia,TCP,1519835.366,113570.978,7.472584
2012,330455705155,Jacarezinho,ADA,991554.655,0.0,0.0
2012,330455705155,Jacarezinho,CV,991554.655,526225.999,53.070801
2012,330455705155,Jacarezinho,Milicia,991554.655,0.0,0.0
2012,330455705155,Jacarezinho,TCP,991554.655,0.0,0.0
2012,330455705156,Rocinha,ADA,1460252.789,906579.798,62.083757
2012,330455705156,Rocinha,CV,1460252.789,0.0,0.0
2012,330455705156,Rocinha,Milicia,1460252.789,0.0,0.0
2012,330455705156,Rocinha,TCP,1460252.789,0.0,0.0
2012,330455705157,Complexo do Alemão,ADA,2854606.277,0.0,0.0
2012,330455705157,Complexo do Alemão,CV,2854606.277,1973590.552,69.137049
2012,330455705157,Complexo do Alemão,Milicia,2854606.277,0.0,0.0
2012,330455705157,Complexo do Alemão,TCP,2854606.277,0.0,0.0
2012,330455705158,Maré,ADA,4347749.885,0.0,0.0
2012,330455705158,Maré,CV,4347749.885,952214.684,21.901322
2012,330455705158,Maré,Milicia,4347749.885,850430.101,19.560235
2012,330455705158,Maré,TCP,4347749.885,1461749.716,33.620833
2012,330455705159,Vasco da Gama,ADA,1051322.951,0.0,0.0
2012,330455705159,Vasco da Gama,CV,1051322.951,107375.1,10.213332
2012,330455705159,Vasco da Gama,Milicia,1051322.951,0.0,0.0
2012,330455705159,Vasco da Gama,TCP,1051322.951,0.0,0.0
2012,330455705160,Gericinó,ADA,1903405.18,0.0,0.0
2012,330455705160,Gericinó,CV,1903405.18,42394.242,2.227284
2012,330455705160,Gericinó,Milicia,1903405.18,58679.004,3.082844
2012,330455705160,Gericinó,TCP,1903405.18,0.0,0.0
2013,330455705001,Centro,ADA,5999470.914,0.0,0.0
2013,330455705001,Centro,CV,5999470.914,0.0,0.0
2013,330455705001,Centro,Milicia,5999470.914,231598.702,3.860319
2013,330455705001,Centro,TCP,5999470.914,0.0,0.0
2013,330455705002,Gamboa,ADA,1136868.144,0.0,0.0
2013,330455705002,Gamboa,CV,1136868.144,108806.99,9.570766
2013,330455705002,Gamboa,Milicia,1136868.144,0.0,0.0
2013,330455705002,Gamboa,TCP,1136868.144,0.0,0.0
2013,330455705003,Santo Cristo,ADA,1672344.478,0.0,0.0
2013,330455705003,Santo Cristo,CV,1672344.478,39947.24,2.388697
2013,330455705003,Santo Cristo,Milicia,1672344.478,15.006,0.000897
2013,330455705003,Santo Cristo,TCP,1672344.478,0.0,0.0
2013,330455705004,Caju,ADA,5067155.95,198718.263,3.921692
2013,330455705004,Caju,CV,5067155.95,56895.643,1.122832
2013,330455705004,Caju,Milicia,5067155.95,0.0,0.0
2013,330455705004,Caju,TCP,5067155.95,407.009,0.008032
2013,330455705005,Catumbi,ADA,632389.034,147786.3,23.369523
2013,330455705005,Catumbi,CV,632389.034,8.618,0.001363
2013,330455705005,Catumbi,Milicia,632389.034,0.0,0.0
2013,330455705005,Catumbi,TCP,632389.034,0.0,0.0
2013,330455705006,Rio Comprido,ADA,3330278.597,102421.799,3.075472
2013,330455705006,Rio Comprido,CV,3330278.597,367807.978,11.044361
2013,330455705006,Rio Comprido,Milicia,3330278.597,0.0,0.0
2013,330455705006,Rio Comprido,TCP,3330278.597,0.0,0.0
2013,330455705007,Cidade Nova,ADA,936691.34,0.0,0.0
2013,330455705007,Cidade Nova,CV,936691.34,0.187,2e-05
2013,330455705007,Cidade Nova,Milicia,936691.34,0.969,0.000103
2013,330455705007,Cidade Nova,TCP,936691.34,0.0,0.0
2013,330455705008,Estácio,ADA,914078.001,158365.603,17.325174
2013,330455705008,Estácio,CV,914078.001,0.0,0.0
2013,330455705008,Estácio,Milicia,914078.001,0.0,0.0
2013,330455705008,Estácio,TCP,914078.001,0.0,0.0
2013,330455705009,Flamengo,ADA,1652155.006,23906.883,1.447012
2013,330455705009,Flamengo,CV,1652155.006,0.0,0.0
2013,330455705009,Flamengo,Milicia,1652155.006,0.0,0.0
2013,330455705009,Flamengo,TCP,1652155.006,0.0,0.0
2013,330455705010,Glória,ADA,1125643.202,0.0,0.0
2013,330455705010,Glória,CV,1125643.202,13.885,0.001234
2013,330455705010,Glória,Milicia,1125643.202,0.0,0.0
2013,330455705010,Glória,TCP,1125643.202,0.0,0.0
2013,330455705011,Laranjeiras,ADA,2488268.891,370.463,0.014888
2013,330455705011,Laranjeiras,CV,2488268.891,72703.449,2.921849
2013,330455705011,Laranjeiras,Milicia,2488268.891,0.0,0.0
2013,330455705011,Laranjeiras,TCP,2488268.891,0.0,0.0
2013,330455705012,Catete,ADA,690904.333,0.0,0.0
2013,330455705012,Catete,CV,690904.333,44946.383,6.505442
2013,330455705012,Catete,Milicia,690904.333,0.0,0.0
2013,330455705012,Catete,TCP,690904.333,0.0,0.0
2013,330455705013,Cosme Velho,ADA,933880.948,0.0,0.0
2013,330455705013,Cosme Velho,CV,933880.948,96808.358,10.366242
2013,330455705013,Cosme Velho,Milicia,933880.948,0.0,0.0
2013,330455705013,Cosme Velho,TCP,933880.948,0.0,0.0
2013,330455705014,Botafogo,ADA,4793518.99,181.399,0.003784
2013,330455705014,Botafogo,CV,4793518.99,66804.744,1.393647
2013,330455705014,Botafogo,Milicia,4793518.99,0.0,0.0
2013,330455705014,Botafogo,TCP,4793518.99,0.0,0.0
2013,330455705015,Urca,ADA,2443671.98,0.0,0.0
2013,330455705015,Urca,CV,2443671.98,0.0,0.0
2013,330455705015,Urca,Milicia,2443671.98,0.0,0.0
2013,330455705015,Urca,TCP,2443671.98,0.0,0.0
2013,330455705016,Humaitá,ADA,1068177.754,0.0,0.0
2013,330455705016,Humaitá,CV,1068177.754,5547.437,0.519337
2013,330455705016,Humaitá,Milicia,1068177.754,0.0,0.0
2013,330455705016,Humaitá,TCP,1068177.754,0.0,0.0
2013,330455705017,Leme,ADA,1017046.998,0.0,0.0
2013,330455705017,Leme,CV,1017046.998,154956.837,15.235956
2013,330455705017,Leme,Milicia,1017046.998,0.0,0.0
2013,330455705017,Leme,TCP,1017046.998,0.0,0.0
2013,330455705018,Copacabana,ADA,4201270.477,0.0,0.0
2013,330455705018,Copacabana,CV,4201270.477,204885.728,4.876756
2013,330455705018,Copacabana,Milicia,4201270.477,0.0,0.0
2013,330455705018,Copacabana,TCP,4201270.477,0.0,0.0
2013,330455705019,Ipanema,ADA,3060078.202,0.0,0.0
2013,330455705019,Ipanema,CV,3060078.202,46130.548,1.507496
2013,330455705019,Ipanema,Milicia,3060078.202,0.0,0.0
2013,330455705019,Ipanema,TCP,3060078.202,0.0,0.0
2013,330455705020,Leblon,ADA,2118156.856,11750.6,0.554756
2013,330455705020,Leblon,CV,2118156.856,0.0,0.0
2013,330455705020,Leblon,Milicia,2118156.856,0.0,0.0
2013,330455705020,Leblon,TCP,2118156.856,0.0,0.0
2013,330455705021,Lagoa,ADA,5193577.874,5.53,0.000106
2013,330455705021,Lagoa,CV,5193577.874,845.013,0.01627
2013,330455705021,Lagoa,Milicia,5193577.874,0.0,0.0
2013,330455705021,Lagoa,TCP,5193577.874,0.0,0.0
2013,330455705022,Jardim Botânico,ADA,2817694.6,0.0,0.0
2013,330455705022,Jardim Botânico,CV,2817694.6,0.0,0.0
2013,330455705022,Jardim Botânico,Milicia,2817694.6,0.0,0.0
2013,330455705022,Jardim Botânico,TCP,2817694.6,0.0,0.0
2013,330455705023,Gávea,ADA,2733785.645,31232.71,1.142471
2013,330455705023,Gávea,CV,2733785.645,0.0,0.0
2013,330455705023,Gávea,Milicia,2733785.645,0.0,0.0
2013,330455705023,Gávea,TCP,2733785.645,0.0,0.0
2013,330455705024,Vidigal,ADA,1781818.869,248487.879,13.945743
2013,330455705024,Vidigal,CV,1781818.869,0.0,0.0
2013,330455705024,Vidigal,Milicia,1781818.869,0.0,0.0
2013,330455705024,Vidigal,TCP,1781818.869,0.0,0.0
2013,330455705025,São Conrado,ADA,6668231.159,39173.886,0.58747
2013,330455705025,São Conrado,CV,6668231.159,0.0,0.0
2013,330455705025,São Conrado,Milicia,6668231.159,0.0,0.0
2013,330455705025,São Conrado,TCP,6668231.159,0.0,0.0
2013,330455705026,São Cristóvão,ADA,3794648.396,0.0,0.0
2013,330455705026,São Cristóvão,CV,3794648.396,83004.201,2.187402
2013,330455705026,São Cristóvão,Milicia,3794648.396,7.29,0.000192
2013,330455705026,São Cristóvão,TCP,3794648.396,17826.627,0.469783
2013,330455705027,Mangueira,ADA,965517.733,0.0,0.0
2013,330455705027,Mangueira,CV,965517.733,282109.432,29.218462
2013,330455705027,Mangueira,Milicia,965517.733,0.0,0.0
2013,330455705027,Mangueira,TCP,965517.733,0.0,0.0
2013,330455705028,Benfica,ADA,1803020.832,1136.645,0.063041
2013,330455705028,Benfica,CV,1803020.832,153957.94,8.538889
2013,330455705028,Benfica,Milicia,1803020.832,26264.679,1.456704
2013,330455705028,Benfica,TCP,1803020.832,4753.938,0.263665
2013,330455705029,Praça da Bandeira,ADA,759082.679,0.0,0.0
2013,330455705029,Praça da Bandeira,CV,759082.679,0.0,0.0
2013,330455705029,Praça da Bandeira,Milicia,759082.679,208844.83,27.512791
2013,330455705029,Praça da Bandeira,TCP,759082.679,0.0,0.0
2013,330455705030,Tijuca,ADA,9943019.197,19227.095,0.193373
2013,330455705030,Tijuca,CV,9943019.197,761805.774,7.661715
2013,330455705030,Tijuca,Milicia,9943019.197,0.0,0.0
2013,330455705030,Tijuca,TCP,9943019.197,85166.149,0.856542
2013,330455705031,Alto da Boa Vista,ADA,31327174.846,0.0,0.0
2013,330455705031,Alto da Boa Vista,CV,31327174.846,214619.037,0.685089
2013,330455705031,Alto da Boa Vista,Milicia,31327174.846,2479.521,0.007915
2013,330455705031,Alto da Boa Vista,TCP,31327174.846,0.0,0.0
2013,330455705032,Maracanã,ADA,1618236.441,0.0,0.0
2013,330455705032,Maracanã,CV,1618236.441,6310.973,0.389991
2013,330455705032,Maracanã,Milicia,1618236.441,0.0,0.0
2013,330455705032,Maracanã,TCP,1618236.441,0.0,0.0
2013,330455705033,Vila Isabel,ADA,3335039.051,271270.393,8.13395
2013,330455705033,Vila Isabel,CV,3335039.051,0.0,0.0
2013,330455705033,Vila Isabel,Milicia,3335039.051,0.0,0.0
2013,330455705033,Vila Isabel,TCP,3335039.051,0.0,0.0
2013,330455705034,Andaraí,ADA,2288826.412,0.0,0.0
2013,330455705034,Andaraí,CV,2288826.412,313983.204,13.718087
2013,330455705034,Andaraí,Milicia,2288826.412,0.0,0.0
2013,330455705034,Andaraí,TCP,2288826.412,0.0,0.0
2013,330455705035,Grajaú,ADA,5666000.278,0.0,0.0
2013,330455705035,Grajaú,CV,5666000.278,262375.008,4.630692
2013,330455705035,Grajaú,Milicia,5666000.278,0.0,0.0
2013,330455705035,Grajaú,TCP,5666000.278,0.0,0.0
2013,330455705036,Manguinhos,ADA,2904792.726,0.0,0.0
2013,330455705036,Manguinhos,CV,2904792.726,376244.55,12.952544
2013,330455705036,Manguinhos,Milicia,2904792.726,65755.991,2.263707
2013,330455705036,Manguinhos,TCP,2904792.726,157.452,0.00542
2013,330455705037,Bonsucesso,ADA,2246914.385,0.0,0.0
2013,330455705037,Bonsucesso,CV,2246914.385,40041.623,1.782072
2013,330455705037,Bonsucesso,Milicia,2246914.385,0.0,0.0
2013,330455705037,Bonsucesso,TCP,2246914.385,226.526,0.010082
2013,330455705038,Ramos,ADA,2803461.571,0.0,0.0
2013,330455705038,Ramos,CV,2803461.571,168826.137,6.02206
2013,330455705038,Ramos,Milicia,2803461.571,1099806.512,39.230305
2013,330455705038,Ramos,TCP,2803461.571,0.0,0.0
2013,330455705039,Olaria,ADA,3777725.993,0.0,0.0
2013,330455705039,Olaria,CV,3777725.993,662140.547,17.52749
2013,330455705039,Olaria,Milicia,3777725.993,226215.576,5.988141
2013,330455705039,Olaria,TCP,3777725.993,0.0,0.0
2013,330455705040,Penha,ADA,5667327.123,0.0,0.0
2013,330455705040,Penha,CV,5667327.123,1096007.205,19.33905
2013,330455705040,Penha,Milicia,5667327.123,17773.968,0.313622
2013,330455705040,Penha,TCP,5667327.123,0.0,0.0
2013,330455705041,Penha Circular,ADA,4750762.719,0.0,0.0
2013,330455705041,Penha Circular,CV,4750762.719,388251.868,8.172411
2013,330455705041,Penha Circular,Milicia,4750762.719,89679.943,1.887696
2013,330455705041,Penha Circular,TCP,4750762.719,0.0,0.0
2013,330455705042,Brás de Pina,ADA,3512571.928,0.0,0.0
2013,330455705042,Brás de Pina,CV,3512571.928,163522.551,4.655351
2013,330455705042,Brás de Pina,Milicia,3512571.928,1181355.792,33.632216
2013,330455705042,Brás de Pina,TCP,3512571.928,11254.778,0.320414
2013,330455705043,Cordovil,ADA,3753939.247,0.0,0.0
2013,330455705043,Cordovil,CV,3753939.247,326675.008,8.702192
2013,330455705043,Cordovil,Milicia,3753939.247,225515.056,6.007424
2013,330455705043,Cordovil,TCP,3753939.247,0.749,2e-05
2013,330455705044,Parada de Lucas,ADA,2297621.975,0.0,0.0
2013,330455705044,Parada de Lucas,CV,2297621.975,7297.798,0.317624
2013,330455705044,Parada de Lucas,Milicia,2297621.975,18203.319,0.792268
2013,330455705044,Parada de Lucas,TCP,2297621.975,385268.203,16.768128
2013,330455705045,Vigário Geral,ADA,3417305.816,0.0,0.0
2013,330455705045,Vigário Geral,CV,3417305.816,321721.571,9.41448
2013,330455705045,Vigário Geral,Milicia,3417305.816,0.0,0.0
2013,330455705045,Vigário Geral,TCP,3417305.816,161833.148,4.735694
2013,330455705046,Jardim América,ADA,1948170.717,0.0,0.0
2013,330455705046,Jardim América,CV,1948170.717,209897.526,10.774083
2013,330455705046,Jardim América,Milicia,1948170.717,0.0,0.0
2013,330455705046,Jardim América,TCP,1948170.717,0.0,0.0
2013,330455705047,São Francisco Xavier,ADA,665866.707,0.0,0.0
2013,330455705047,São Francisco Xavier,CV,665866.707,8657.787,1.300228
2013,330455705047,São Francisco Xavier,Milicia,665866.707,0.0,0.0
2013,330455705047,São Francisco Xavier,TCP,665866.707,0.0,0.0
2013,330455705048,Rocha,ADA,1195663.72,0.0,0.0
2013,330455705048,Rocha,CV,1195663.72,0.0,0.0
2013,330455705048,Rocha,Milicia,1195663.72,0.0,0.0
2013,330455705048,Rocha,TCP,1195663.72,0.0,0.0
2013,330455705049,Riachuelo,ADA,1007501.654,0.0,0.0
2013,330455705049,Riachuelo,CV,1007501.654,0.0,0.0
2013,330455705049,Riachuelo,Milicia,1007501.654,0.0,0.0
2013,330455705049,Riachuelo,TCP,1007501.654,0.0,0.0
2013,330455705050,Sampaio,ADA,834065.511,0.0,0.0
2013,330455705050,Sampaio,CV,834065.511,29032.545,3.480847
2013,330455705050,Sampaio,Milicia,834065.511,0.0,0.0
2013,330455705050,Sampaio,TCP,834065.511,0.0,0.0
2013,330455705051,Engenho Novo,ADA,2670486.436,1106.168,0.041422
2013,330455705051,Engenho Novo,CV,2670486.436,522982.587,19.583795
2013,330455705051,Engenho Novo,Milicia,2670486.436,872.648,0.032677
2013,330455705051,Engenho Novo,TCP,2670486.436,0.0,0.0
2013,330455705052,Lins de Vasconcelos,ADA,2795375.736,0.0,0.0
2013,330455705052,Lins de Vasconcelos,CV,2795375.736,747280.068,26.732724
2013,330455705052,Lins de Vasconcelos,Milicia,2795375.736,0.0,0.0
2013,330455705052,Lins de Vasconcelos,TCP,2795375.736,0.0,0.0
2013,330455705053,Méier,ADA,2365369.616,0.0,0.0
2013,330455705053,Méier,CV,2365369.616,83586.886,3.533777
2013,330455705053,Méier,Milicia,2365369.616,122699.624,5.187334
2013,330455705053,Méier,TCP,2365369.616,0.0,0.0
2013,330455705054,Todos os Santos,ADA,1096583.584,0.0,0.0
2013,330455705054,Todos os Santos,CV,1096583.584,0.024,2e-06
2013,330455705054,Todos os Santos,Milicia,1096583.584,50959.776,4.64714
2013,330455705054,Todos os Santos,TCP,1096583.584,0.0,0.0
2013,330455705055,Cachambi,ADA,2184248.384,0.0,0.0
2013,330455705055,Cachambi,CV,2184248.384,24161.522,1.106171
2013,330455705055,Cachambi,Milicia,2184248.384,381316.2,17.457548
2013,330455705055,Cachambi,TCP,2184248.384,0.0,0.0
2013,330455705056,Engenho de Dentro,ADA,3860558.733,0.0,0.0
2013,330455705056,Engenho de Dentro,CV,3860558.733,389340.182,10.085073
2013,330455705056,Engenho de Dentro,Milicia,3860558.733,255835.451,6.626902
2013,330455705056,Engenho de Dentro,TCP,3860558.733,0.0,0.0
2013,330455705057,Água Santa,ADA,2443119.047,0.0,0.0
2013,330455705057,Água Santa,CV,2443119.047,8827.196,0.361308
2013,330455705057,Água Santa,Milicia,2443119.047,86029.392,3.521293
2013,330455705057,Água Santa,TCP,2443119.047,0.0,0.0
2013,330455705058,Encantado,ADA,1017956.092,0.0,0.0
2013,330455705058,Encantado,CV,1017956.092,5034.295,0.494549
2013,330455705058,Encantado,Milicia,1017956.092,288687.342,28.359508
2013,330455705058,Encantado,TCP,1017956.092,0.0,0.0
2013,330455705059,Piedade,ADA,3975814.299,91564.806,2.303045
2013,330455705059,Piedade,CV,3975814.299,0.0,0.0
2013,330455705059,Piedade,Milicia,3975814.299,2243311.498,56.423951
2013,330455705059,Piedade,TCP,3975814.299,0.0,0.0
2013,330455705060,Abolição,ADA,681919.203,119.689,0.017552
2013,330455705060,Abolição,CV,681919.203,0.0,0.0
2013,330455705060,Abolição,Milicia,681919.203,22204.089,3.256117
2013,330455705060,Abolição,TCP,681919.203,0.0,0.0
2013,330455705061,Pilares,ADA,1736724.672,115844.411,6.670281
2013,330455705061,Pilares,CV,1736724.672,197072.638,11.347374
2013,330455705061,Pilares,Milicia,1736724.672,134960.44,7.770975
2013,330455705061,Pilares,TCP,1736724.672,0.0,0.0
2013,330455705062,Vila Kosmos,ADA,1459829.177,0.0,0.0
2013,330455705062,Vila Kosmos,CV,1459829.177,644244.508,44.1315
2013,330455705062,Vila Kosmos,Milicia,1459829.177,199028.106,13.633657
2013,330455705062,Vila Kosmos,TCP,1459829.177,0.0,0.0
2013,330455705063,Vicente de Carvalho,ADA,1861712.205,511574.468,27.478708
2013,330455705063,Vicente de Carvalho,CV,1861712.205,201348.48,10.815231
2013,330455705063,Vicente de Carvalho,Milicia,1861712.205,0.0,0.0
2013,330455705063,Vicente de Carvalho,TCP,1861712.205,135.146,0.007259
2013,330455705064,Vila da Penha,ADA,1459935.08,0.0,0.0
2013,330455705064,Vila da Penha,CV,1459935.08,32.071,0.002197
2013,330455705064,Vila da Penha,Milicia,1459935.08,320688.379,21.965934
2013,330455705064,Vila da Penha,TCP,1459935.08,0.0,0.0
2013,330455705065,Vista Alegre,ADA,543631.474,0.0,0.0
2013,330455705065,Vista Alegre,CV,543631.474,670.515,0.12334
2013,330455705065,Vista Alegre,Milicia,543631.474,0.0,0.0
2013,330455705065,Vista Alegre,TCP,543631.474,0.0,0.0
2013,330455705066,Irajá,ADA,7756434.911,45.121,0.000582
2013,330455705066,Irajá,CV,7756434.911,151035.744,1.947232
2013,330455705066,Irajá,Milicia,7756434.911,362695.828,4.676064
2013,330455705066,Irajá,TCP,7756434.911,276837.624,3.569135
2013,330455705067,Colégio,ADA,1977696.341,253962.888,12.841349
2013,330455705067,Colégio,CV,1977696.341,45498.33,2.300572
2013,330455705067,Colégio,Milicia,1977696.341,0.0,0.0
2013,330455705067,Colégio,TCP,1977696.341,184338.261,9.320858
2013,330455705068,Campinho,ADA,818895.95,0.0,0.0
2013,330455705068,Campinho,CV,818895.95,0.0,0.0
2013,330455705068,Campinho,Milicia,818895.95,532720.639,65.05352
2013,330455705068,Campinho,TCP,818895.95,0.0,0.0
2013,330455705069,Quintino Bocaiúva,ADA,4327748.625,79369.556,1.833969
2013,330455705069,Quintino Bocaiúva,CV,4327748.625,14658.333,0.338706
2013,330455705069,Quintino Bocaiúva,Milicia,4327748.625,1461763.36,33.776531
2013,330455705069,Quintino Bocaiúva,TCP,4327748.625,0.0,0.0
2013,330455705070,Cavalcanti,ADA,1841740.248,149390.686,8.111387
2013,330455705070,Cavalcanti,CV,1841740.248,986.873,0.053584
2013,330455705070,Cavalcanti,Milicia,1841740.248,160404.216,8.709383
2013,330455705070,Cavalcanti,TCP,1841740.248,0.0,0.0
2013,330455705071,Engenheiro Leal,ADA,666173.029,0.0,0.0
2013,330455705071,Engenheiro Leal,CV,666173.029,0.0,0.0
2013,330455705071,Engenheiro Leal,Milicia,666173.029,0.0,0.0
2013,330455705071,Engenheiro Leal,TCP,666173.029,69849.801,10.485234
2013,330455705072,Cascadura,ADA,3007879.708,0.0,0.0
2013,330455705072,Cascadura,CV,3007879.708,2564.621,0.085263
2013,330455705072,Cascadura,Milicia,3007879.708,1845937.507,61.370058
2013,330455705072,Cascadura,TCP,3007879.708,0.0,0.0
2013,330455705073,Madureira,ADA,3784149.277,0.0,0.0
2013,330455705073,Madureira,CV,3784149.277,388596.396,10.269056
2013,330455705073,Madureira,Milicia,3784149.277,1053359.419,27.836096
2013,330455705073,Madureira,TCP,3784149.277,193132.11,5.103713
2013,330455705074,Vaz Lobo,ADA,1053976.763,0.0,0.0
2013,330455705074,Vaz Lobo,CV,1053976.763,20201.915,1.916733
2013,330455705074,Vaz Lobo,Milicia,1053976.763,55959.691,5.309386
2013,330455705074,Vaz Lobo,TCP,1053976.763,111474.327,10.576545
2013,330455705075,Turiaçu,ADA,1312987.215,0.0,0.0
2013,330455705075,Turiaçu,CV,1312987.215,403763.083,30.751486
2013,330455705075,Turiaçu,Milicia,1312987.215,1663.177,0.126671
2013,330455705075,Turiaçu,TCP,1312987.215,0.0,0.0
2013,330455705076,Rocha Miranda,ADA,2931197.068,0.0,0.0
2013,330455705076,Rocha Miranda,CV,2931197.068,662096.455,22.58792
2013,330455705076,Rocha Miranda,Milicia,2931197.068,0.0,0.0
2013,330455705076,Rocha Miranda,TCP,2931197.068,0.0,0.0
2013,330455705077,Honório Gurgel,ADA,1291655.929,0.0,0.0
2013,330455705077,Honório Gurgel,CV,1291655.929,138373.682,10.71289
2013,330455705077,Honório Gurgel,Milicia,1291655.929,54570.886,4.224878
2013,330455705077,Honório Gurgel,TCP,1291655.929,0.0,0.0
2013,330455705078,Oswaldo Cruz,ADA,2109374.788,0.0,0.0
2013,330455705078,Oswaldo Cruz,CV,2109374.788,6228.193,0.295263
2013,330455705078,Oswaldo Cruz,Milicia,2109374.788,225765.025,10.702936
2013,330455705078,Oswaldo Cruz,TCP,2109374.788,0.0,0.0
2013,330455705079,Bento Ribeiro,ADA,3148947.915,0.0,0.0
2013,330455705079,Bento Ribeiro,CV,3148947.915,8335.575,0.26471
2013,330455705079,Bento Ribeiro,Milicia,3148947.915,28085.156,0.89189
2013,330455705079,Bento Ribeiro,TCP,3148947.915,0.0,0.0
2013,330455705080,Marechal Hermes,ADA,3842053.359,0.0,0.0
2013,330455705080,Marechal Hermes,CV,3842053.359,249998.263,6.506892
2013,330455705080,Marechal Hermes,Milicia,3842053.359,161344.414,4.199432
2013,330455705080,Marechal Hermes,TCP,3842053.359,168.517,0.004386
2013,330455705081,Jacarepaguá,ADA,74749389.951,0.0,0.0
2013,330455705081,Jacarepaguá,CV,74749389.951,168960.468,0.226036
2013,330455705081,Jacarepaguá,Milicia,74749389.951,9114361.299,12.193225
2013,330455705081,Jacarepaguá,TCP,74749389.951,0.0,0.0
2013,330455705082,Anil,ADA,3773328.725,0.0,0.0
2013,330455705082,Anil,CV,3773328.725,14291.005,0.378737
2013,330455705082,Anil,Milicia,3773328.725,796057.409,21.096954
2013,330455705082,Anil,TCP,3773328.725,0.0,0.0
2013,330455705083,Gardênia Azul,ADA,949103.226,0.0,0.0
2013,330455705083,Gardênia Azul,CV,949103.226,111.158,0.011712
2013,330455705083,Gardênia Azul,Milicia,949103.226,772039.87,81.344141
2013,330455705083,Gardênia Azul,TCP,949103.226,0.0,0.0
2013,330455705084,Cidade de Deus,ADA,1390931.874,0.0,0.0
2013,330455705084,Cidade de Deus,CV,1390931.874,967965.011,69.591116
2013,330455705084,Cidade de Deus,Milicia,1390931.874,3724.898,0.267799
2013,330455705084,Cidade de Deus,TCP,1390931.874,0.0,0.0
2013,330455705085,Curicica,ADA,3339007.728,0.0,0.0
2013,330455705085,Curicica,CV,3339007.728,0.0,0.0
2013,330455705085,Curicica,Milicia,3339007.728,952791.049,28.535156
2013,330455705085,Curicica,TCP,3339007.728,0.0,0.0
2013,330455705086,Freguesia (Jacarepaguá),ADA,10108021.173,0.0,0.0
2013,330455705086,Freguesia (Jacarepaguá),CV,10108021.173,198270.079,1.961512
2013,330455705086,Freguesia (Jacarepaguá),Milicia,10108021.173,356120.318,3.523146
2013,330455705086,Freguesia (Jacarepaguá),TCP,10108021.173,0.0,0.0
2013,330455705087,Pechincha,ADA,3127046.955,0.0,0.0
2013,330455705087,Pechincha,CV,3127046.955,0.0,0.0
2013,330455705087,Pechincha,Milicia,3127046.955,145018.193,4.637544
2013,330455705087,Pechincha,TCP,3127046.955,0.0,0.0
2013,330455705088,Taquara,ADA,13409639.819,0.0,0.0
2013,330455705088,Taquara,CV,13409639.819,67125.828,0.500579
2013,330455705088,Taquara,Milicia,13409639.819,4117750.013,30.707387
2013,330455705088,Taquara,TCP,13409639.819,0.0,0.0
2013,330455705089,Tanque,ADA,5758334.63,0.0,0.0
2013,330455705089,Tanque,CV,5758334.63,0.0,0.0
2013,330455705089,Tanque,Milicia,5758334.63,2489278.555,43.22914
2013,330455705089,Tanque,TCP,5758334.63,0.0,0.0
2013,330455705090,Praça Seca,ADA,6556015.532,0.0,0.0
2013,330455705090,Praça Seca,CV,6556015.532,0.0,0.0
2013,330455705090,Praça Seca,Milicia,6556015.532,4615402.524,70.399506
2013,330455705090,Praça Seca,TCP,6556015.532,0.0,0.0
2013,330455705091,Vila Valqueire,ADA,4013527.509,0.0,0.0
2013,330455705091,Vila Valqueire,CV,4013527.509,0.0,0.0
2013,330455705091,Vila Valqueire,Milicia,4013527.509,1175144.839,29.279601
2013,330455705091,Vila Valqueire,TCP,4013527.509,0.0,0.0
2013,330455705092,Deodoro,ADA,4683193.264,0.0,0.0
2013,330455705092,Deodoro,CV,4683193.264,45110.211,0.963236
2013,330455705092,Deodoro,Milicia,4683193.264,482024.177,10.292639
2013,330455705092,Deodoro,TCP,4683193.264,253405.522,5.410956
2013,330455705093,Vila Militar,ADA,10520035.885,0.0,0.0
2013,330455705093,Vila Militar,CV,10520035.885,0.0,0.0
2013,330455705093,Vila Militar,Milicia,10520035.885,393309.756,3.738673
2013,330455705093,Vila Militar,TCP,10520035.885,0.0,0.0
2013,330455705094,Campo dos Afonsos,ADA,3173081.541,0.0,0.0
2013,330455705094,Campo dos Afonsos,CV,3173081.541,0.0,0.0
2013,330455705094,Campo dos Afonsos,Milicia,3173081.541,0.0,0.0
2013,330455705094,Campo dos Afonsos,TCP,3173081.541,0.0,0.0
2013,330455705095,Jardim Sulacap,ADA,7838000.908,0.0,0.0
2013,330455705095,Jardim Sulacap,CV,7838000.908,0.0,0.0
2013,330455705095,Jardim Sulacap,Milicia,7838000.908,15503.906,0.197804
2013,330455705095,Jardim Sulacap,TCP,7838000.908,0.0,0.0
2013,330455705096,Magalhães Bastos,ADA,2054160.612,87299.092,4.249867
2013,330455705096,Magalhães Bastos,CV,2054160.612,0.0,0.0
2013,330455705096,Magalhães Bastos,Milicia,2054160.612,344147.263,16.753669
2013,330455705096,Magalhães Bastos,TCP,2054160.612,44253.186,2.15432
2013,330455705097,Realengo,ADA,25902981.11,616878.624,2.381497
2013,330455705097,Realengo,CV,25902981.11,27699.798,0.106937
2013,330455705097,Realengo,Milicia,25902981.11,4545952.673,17.549921
2013,330455705097,Realengo,TCP,25902981.11,93531.236,0.361083
2013,330455705098,Padre Miguel,ADA,4845945.365,1044355.155,21.551113
2013,330455705098,Padre Miguel,CV,4845945.365,21766.829,0.449176
2013,330455705098,Padre Miguel,Milicia,4845945.365,287662.627,5.936151
2013,330455705098,Padre Miguel,TCP,4845945.365,0.0,0.0
2013,330455705099,Bangu,ADA,37830395.943,1373305.752,3.630165
2013,330455705099,Bangu,CV,37830395.943,2500393.086,6.609482
2013,330455705099,Bangu,Milicia,37830395.943,3858477.022,10.19941
2013,330455705099,Bangu,TCP,37830395.943,1351775.283,3.573252
2013,330455705100,Senador Camará,ADA,17294389.899,0.0,0.0
2013,330455705100,Senador Camará,CV,17294389.899,178696.798,1.033265
2013,330455705100,Senador Camará,Milicia,17294389.899,1287.138,0.007443
2013,330455705100,Senador Camará,TCP,17294389.899,2527379.818,14.613871
2013,330455705101,Santíssimo,ADA,8471414.284,0.0,0.0
2013,330455705101,Santíssimo,CV,8471414.284,0.0,0.0
2013,330455705101,Santíssimo,Milicia,8471414.284,1603668.161,18.930347
2013,330455705101,Santíssimo,TCP,8471414.284,335596.429,3.961516
2013,330455705102,Campo Grande,ADA,104874675.28,0.0,0.0
2013,330455705102,Campo Grande,CV,104874675.28,4205.162,0.00401
2013,330455705102,Campo Grande,Milicia,104874675.28,24575469.341,23.433178
2013,330455705102,Campo Grande,TCP,104874675.28,17715.257,0.016892
2013,330455705103,Senador Vasconcelos,ADA,6282463.302,0.0,0.0
2013,330455705103,Senador Vasconcelos,CV,6282463.302,0.0,0.0
2013,330455705103,Senador Vasconcelos,Milicia,6282463.302,1365302.026,21.731954
2013,330455705103,Senador Vasconcelos,TCP,6282463.302,0.0,0.0
2013,330455705104,Inhoaíba,ADA,8246887.204,0.0,0.0
2013,330455705104,Inhoaíba,CV,8246887.204,231.804,0.002811
2013,330455705104,Inhoaíba,Milicia,8246887.204,3666776.035,44.462546
2013,330455705104,Inhoaíba,TCP,8246887.204,0.0,0.0
2013,330455705105,Cosmos,ADA,11341801.939,0.0,0.0
2013,330455705105,Cosmos,CV,11341801.939,0.0,0.0
2013,330455705105,Cosmos,Milicia,11341801.939,4981928.977,43.925374
2013,330455705105,Cosmos,TCP,11341801.939,0.0,0.0
2013,330455705106,Paciência,ADA,26711558.485,0.0,0.0
2013,330455705106,Paciência,CV,26711558.485,363748.436,1.361764
2013,330455705106,Paciência,Milicia,26711558.485,8414184.634,31.500164
2013,330455705106,Paciência,TCP,26711558.485,0.0,0.0
2013,330455705107,Santa Cruz,ADA,123060884.941,0.0,0.0
2013,330455705107,Santa Cruz,CV,123060884.941,2820637.776,2.292067
2013,330455705107,Santa Cruz,Milicia,123060884.941,11987455.137,9.741077
2013,330455705107,Santa Cruz,TCP,123060884.941,358210.134,0.291084
2013,330455705108,Sepetiba,ADA,11867945.594,0.0,0.0
2013,330455705108,Sepetiba,CV,11867945.594,28187.346,0.237508
2013,330455705108,Sepetiba,Milicia,11867945.594,5488010.448,46.242295
2013,330455705108,Sepetiba,TCP,11867945.594,0.0,0.0
2013,330455705109,Ribeira,ADA,873943.13,0.0,0.0
2013,330455705109,Ribeira,CV,873943.13,0.0,0.0
2013,330455705109,Ribeira,Milicia,873943.13,0.0,0.0
2013,330455705109,Ribeira,TCP,873943.13,0.0,0.0
2013,330455705110,Zumbi,ADA,182858.391,0.0,0.0
2013,330455705110,Zumbi,CV,182858.391,0.0,0.0
2013,330455705110,Zumbi,Milicia,182858.391,0.0,0.0
2013,330455705110,Zumbi,TCP,182858.391,0.0,0.0
2013,330455705111,Cacuia,ADA,2145636.701,0.0,0.0
2013,330455705111,Cacuia,CV,2145636.701,0.0,0.0
2013,330455705111,Cacuia,Milicia,2145636.701,81029.907,3.776497
2013,330455705111,Cacuia,TCP,2145636.701,0.014,1e-06
2013,330455705112,Pitangueiras,ADA,619268.101,0.0,0.0
2013,330455705112,Pitangueiras,CV,619268.101,0.0,0.0
2013,330455705112,Pitangueiras,Milicia,619268.101,113639.068,18.350544
2013,330455705112,Pitangueiras,TCP,619268.101,0.0,0.0
2013,330455705113,Praia da Bandeira,ADA,332647.93,0.0,0.0
2013,330455705113,Praia da Bandeira,CV,332647.93,0.0,0.0
2013,330455705113,Praia da Bandeira,Milicia,332647.93,0.0,0.0
2013,330455705113,Praia da Bandeira,TCP,332647.93,0.0,0.0
2013,330455705114,Cocotá,ADA,579176.523,0.0,0.0
2013,330455705114,Cocotá,CV,579176.523,0.0,0.0
2013,330455705114,Cocotá,Milicia,579176.523,0.0,0.0
2013,330455705114,Cocotá,TCP,579176.523,729.966,0.126035
2013,330455705115,Bancários,ADA,1020691.23,57075.198,5.591818
2013,330455705115,Bancários,CV,1020691.23,0.0,0.0
2013,330455705115,Bancários,Milicia,1020691.23,227.211,0.022261
2013,330455705115,Bancários,TCP,1020691.23,91996.693,9.013176
2013,330455705116,Freguesia (Ilha do Governador),ADA,4109015.707,0.0,0.0
2013,330455705116,Freguesia (Ilha do Governador),CV,4109015.707,0.0,0.0
2013,330455705116,Freguesia (Ilha do Governador),Milicia,4109015.707,0.0,0.0
2013,330455705116,Freguesia (Ilha do Governador),TCP,4109015.707,161353.678,3.926821
2013,330455705117,Jardim Guanabara,ADA,3207591.058,0.0,0.0
2013,330455705117,Jardim Guanabara,CV,3207591.058,0.0,0.0
2013,330455705117,Jardim Guanabara,Milicia,3207591.058,0.0,0.0
2013,330455705117,Jardim Guanabara,TCP,3207591.058,13300.394,0.414654
2013,330455705118,Jardim Carioca,ADA,1569958.828,0.0,0.0
2013,330455705118,Jardim Carioca,CV,1569958.828,0.0,0.0
2013,330455705118,Jardim Carioca,Milicia,1569958.828,0.0,0.0
2013,330455705118,Jardim Carioca,TCP,1569958.828,125714.505,8.007503
2013,330455705119,Tauá,ADA,1617763.743,539.288,0.033335
2013,330455705119,Tauá,CV,1617763.743,0.0,0.0
2013,330455705119,Tauá,Milicia,1617763.743,49219.313,3.042429
2013,330455705119,Tauá,TCP,1617763.743,246104.47,15.212634
2013,330455705120,Moneró,ADA,532864.681,0.0,0.0
2013,330455705120,Moneró,CV,532864.681,0.0,0.0
2013,330455705120,Moneró,Milicia,532864.681,0.0,0.0
2013,330455705120,Moneró,TCP,532864.681,0.0,0.0
2013,330455705121,Portuguesa,ADA,1208445.694,0.0,0.0
2013,330455705121,Portuguesa,CV,1208445.694,0.0,0.0
2013,330455705121,Portuguesa,Milicia,1208445.694,0.0,0.0
2013,330455705121,Portuguesa,TCP,1208445.694,189073.847,15.646036
2013,330455705122,Galeão,ADA,18992288.329,0.0,0.0
2013,330455705122,Galeão,CV,18992288.329,341503.063,1.798114
2013,330455705122,Galeão,Milicia,18992288.329,0.0,0.0
2013,330455705122,Galeão,TCP,18992288.329,118171.304,0.622207
2013,330455705123,Cidade Universitária,ADA,4947976.897,0.0,0.0
2013,330455705123,Cidade Universitária,CV,4947976.897,0.0,0.0
2013,330455705123,Cidade Universitária,Milicia,4947976.897,0.0,0.0
2013,330455705123,Cidade Universitária,TCP,4947976.897,0.0,0.0
2013,330455705124,Guadalupe,ADA,3803468.412,0.0,0.0
2013,330455705124,Guadalupe,CV,3803468.412,416753.607,10.957199
2013,330455705124,Guadalupe,Milicia,3803468.412,590985.81,15.538076
2013,330455705124,Guadalupe,TCP,3803468.412,447.12,0.011756
2013,330455705125,Anchieta,ADA,4330770.883,7.788,0.00018
2013,330455705125,Anchieta,CV,4330770.883,873062.945,20.159527
2013,330455705125,Anchieta,Milicia,4330770.883,1585209.064,36.603392
2013,330455705125,Anchieta,TCP,4330770.883,0.0,0.0
2013,330455705126,Parque Anchieta,ADA,3956592.823,0.0,0.0
2013,330455705126,Parque Anchieta,CV,3956592.823,34752.536,0.878345
2013,330455705126,Parque Anchieta,Milicia,3956592.823,110650.602,2.796613
2013,330455705126,Parque Anchieta,TCP,3956592.823,0.0,0.0
2013,330455705127,Ricardo de Albuquerque,ADA,2278207.357,0.0,0.0
2013,330455705127,Ricardo de Albuquerque,CV,2278207.357,520.649,0.022853
2013,330455705127,Ricardo de Albuquerque,Milicia,2278207.357,1003313.24,44.039593
2013,330455705127,Ricardo de Albuquerque,TCP,2278207.357,0.0,0.0
2013,330455705128,Santa Teresa,ADA,5083505.53,84134.093,1.655041
2013,330455705128,Santa Teresa,CV,5083505.53,227200.117,4.469359
2013,330455705128,Santa Teresa,Milicia,5083505.53,3420.642,0.067289
2013,330455705128,Santa Teresa,TCP,5083505.53,0.0,0.0
2013,330455705129,Joá,ADA,1704745.172,0.0,0.0
2013,330455705129,Joá,CV,1704745.172,0.0,0.0
2013,330455705129,Joá,Milicia,1704745.172,0.0,0.0
2013,330455705129,Joá,TCP,1704745.172,0.0,0.0
2013,330455705130,Itanhangá,ADA,13103660.398,0.0,0.0
2013,330455705130,Itanhangá,CV,13103660.398,122136.766,0.932081
2013,330455705130,Itanhangá,Milicia,13103660.398,797432.964,6.085574
2013,330455705130,Itanhangá,TCP,13103660.398,0.0,0.0
2013,330455705131,Barra da Tijuca,ADA,49110465.087,0.0,0.0
2013,330455705131,Barra da Tijuca,CV,49110465.087,0.0,0.0
2013,330455705131,Barra da Tijuca,Milicia,49110465.087,179171.177,0.364833
2013,330455705131,Barra da Tijuca,TCP,49110465.087,0.0,0.0
2013,330455705132,Camorim,ADA,8382818.669,0.0,0.0
2013,330455705132,Camorim,CV,8382818.669,0.0,0.0
2013,330455705132,Camorim,Milicia,8382818.669,1600431.357,19.091805
2013,330455705132,Camorim,TCP,8382818.669,0.0,0.0
2013,330455705133,Vargem Pequena,ADA,14217990.568,0.0,0.0
2013,330455705133,Vargem Pequena,CV,14217990.568,0.0,0.0
2013,330455705133,Vargem Pequena,Milicia,14217990.568,2208128.794,15.530527
2013,330455705133,Vargem Pequena,TCP,14217990.568,0.0,0.0
2013,330455705134,Vargem Grande,ADA,39432003.265,0.0,0.0
2013,330455705134,Vargem Grande,CV,39432003.265,0.0,0.0
2013,330455705134,Vargem Grande,Milicia,39432003.265,1332109.462,3.378244
2013,330455705134,Vargem Grande,TCP,39432003.265,0.0,0.0
2013,330455705135,Recreio dos Bandeirantes,ADA,31185606.999,0.0,0.0
2013,330455705135,Recreio dos Bandeirantes,CV,31185606.999,0.0,0.0
2013,330455705135,Recreio dos Bandeirantes,Milicia,31185606.999,1372244.195,4.400248
2013,330455705135,Recreio dos Bandeirantes,TCP,31185606.999,0.0,0.0
2013,330455705136,Grumari,ADA,9952429.072,0.0,0.0
2013,330455705136,Grumari,CV,9952429.072,0.0,0.0
2013,330455705136,Grumari,Milicia,9952429.072,0.0,0.0
2013,330455705136,Grumari,TCP,9952429.072,0.0,0.0
2013,330455705137,Coelho Neto,ADA,2502135.272,163297.383,6.526321
2013,330455705137,Coelho Neto,CV,2502135.272,90105.213,3.601133
2013,330455705137,Coelho Neto,Milicia,2502135.272,0.0,0.0
2013,330455705137,Coelho Neto,TCP,2502135.272,2176.029,0.086967
2013,330455705138,Acari,ADA,1585077.274,0.0,0.0
2013,330455705138,Acari,CV,1585077.274,0.0,0.0
2013,330455705138,Acari,Milicia,1585077.274,0.0,0.0
2013,330455705138,Acari,TCP,1585077.274,665407.277,41.979485
2013,330455705139,Barros Filho,ADA,1761486.011,366094.229,20.783261
2013,330455705139,Barros Filho,CV,1761486.011,139473.385,7.917939
2013,330455705139,Barros Filho,Milicia,1761486.011,0.0,0.0
2013,330455705139,Barros Filho,TCP,1761486.011,0.0,0.0
2013,330455705140,Costa Barros,ADA,1854314.876,402733.511,21.718723
2013,330455705140,Costa Barros,CV,1854314.876,622947.484,33.594482
2013,330455705140,Costa Barros,Milicia,1854314.876,0.0,0.0
2013,330455705140,Costa Barros,TCP,1854314.876,0.0,0.0
2013,330455705141,Pavuna,ADA,8250574.787,922459.187,11.180545
2013,330455705141,Pavuna,CV,8250574.787,1309019.369,15.865796
2013,330455705141,Pavuna,Milicia,8250574.787,697545.739,8.454511
2013,330455705141,Pavuna,TCP,8250574.787,35433.18,0.429463
2013,330455705142,Guaratiba,ADA,135062990.914,157986.888,0.116973
2013,330455705142,Guaratiba,CV,135062990.914,0.0,0.0
2013,330455705142,Guaratiba,Milicia,135062990.914,11090223.54,8.211149
2013,330455705142,Guaratiba,TCP,135062990.914,0.0,0.0
2013,330455705143,Barra de Guaratiba,ADA,9977019.052,0.0,0.0
2013,330455705143,Barra de Guaratiba,CV,9977019.052,0.0,0.0
2013,330455705143,Barra de Guaratiba,Milicia,9977019.052,0.0,0.0
2013,330455705143,Barra de Guaratiba,TCP,9977019.052,0.0,0.0
2013,330455705144,Pedra de Guaratiba,ADA,3641094.955,0.0,0.0
2013,330455705144,Pedra de Guaratiba,CV,3641094.955,0.0,0.0
2013,330455705144,Pedra de Guaratiba,Milicia,3641094.955,783529.169,21.519053
2013,330455705144,Pedra de Guaratiba,TCP,3641094.955,0.0,0.0
2013,330455705145,Higienópolis,ADA,1151794.312,0.0,0.0
2013,330455705145,Higienópolis,CV,1151794.312,11302.359,0.981283
2013,330455705145,Higienópolis,Milicia,1151794.312,16509.437,1.433367
2013,330455705145,Higienópolis,TCP,1151794.312,0.0,0.0
2013,330455705146,Jacaré,ADA,904148.125,0.0,0.0
2013,330455705146,Jacaré,CV,904148.125,64709.921,7.157004
2013,330455705146,Jacaré,Milicia,904148.125,0.0,0.0
2013,330455705146,Jacaré,TCP,904148.125,0.0,0.0
2013,330455705147,Maria da Graça,ADA,874970.376,0.0,0.0
2013,330455705147,Maria da Graça,CV,874970.376,294.941,0.033709
2013,330455705147,Maria da Graça,Milicia,874970.376,0.0,0.0
2013,330455705147,Maria da Graça,TCP,874970.376,0.0,0.0
2013,330455705148,Del Castilho,ADA,1383449.914,0.0,0.0
2013,330455705148,Del Castilho,CV,1383449.914,21055.936,1.521988
2013,330455705148,Del Castilho,Milicia,1383449.914,829759.647,59.97757
2013,330455705148,Del Castilho,TCP,1383449.914,0.0,0.0
2013,330455705149,Inhaúma,ADA,3496464.039,0.0,0.0
2013,330455705149,Inhaúma,CV,3496464.039,196856.402,5.630157
2013,330455705149,Inhaúma,Milicia,3496464.039,988127.043,28.260752
2013,330455705149,Inhaúma,TCP,3496464.039,0.0,0.0
2013,330455705150,Engenho da Rainha,ADA,2257186.131,0.0,0.0
2013,330455705150,Engenho da Rainha,CV,2257186.131,529861.511,23.474427
2013,330455705150,Engenho da Rainha,Milicia,2257186.131,0.0,0.0
2013,330455705150,Engenho da Rainha,TCP,2257186.131,0.0,0.0
2013,330455705151,Tomás Coelho,ADA,1774340.341,181804.384,10.246308
2013,330455705151,Tomás Coelho,CV,1774340.341,117276.537,6.609585
2013,330455705151,Tomás Coelho,Milicia,1774340.341,0.0,0.0
2013,330455705151,Tomás Coelho,TCP,1774340.341,0.0,0.0
2013,330455705152,Saúde,ADA,344572.668,0.0,0.0
2013,330455705152,Saúde,CV,344572.668,0.0,0.0
2013,330455705152,Saúde,Milicia,344572.668,2474.188,0.718045
2013,330455705152,Saúde,TCP,344572.668,0.0,0.0
2013,330455705153,Paquetá,ADA,1675845.054,163725.228,9.769712
2013,330455705153,Paquetá,CV,1675845.054,24864.53,1.483701
2013,330455705153,Paquetá,Milicia,1675845.054,0.0,0.0
2013,330455705153,Paquetá,TCP,1675845.054,0.0,0.0
2013,330455705154,Parque Columbia,ADA,1519835.366,20488.1,1.348047
2013,330455705154,Parque Columbia,CV,1519835.366,0.0,0.0
2013,330455705154,Parque Columbia,Milicia,1519835.366,18.606,0.001224
2013,330455705154,Parque Columbia,TCP,1519835.366,113570.978,7.472584
2013,330455705155,Jacarezinho,ADA,991554.655,0.0,0.0
2013,330455705155,Jacarezinho,CV,991554.655,526225.999,53.070801
2013,330455705155,Jacarezinho,Milicia,991554.655,0.0,0.0
2013,330455705155,Jacarezinho,TCP,991554.655,0.0,0.0
2013,330455705156,Rocinha,ADA,1460252.789,906579.798,62.083757
2013,330455705156,Rocinha,CV,1460252.789,0.0,0.0
2013,330455705156,Rocinha,Milicia,1460252.789,0.0,0.0
2013,330455705156,Rocinha,TCP,1460252.789,0.0,0.0
2013,330455705157,Complexo do Alemão,ADA,2854606.277,0.0,0.0
2013,330455705157,Complexo do Alemão,CV,2854606.277,1973034.89,69.117584
2013,330455705157,Complexo do Alemão,Milicia,2854606.277,0.0,0.0
2013,330455705157,Complexo do Alemão,TCP,2854606.277,0.0,0.0
2013,330455705158,Maré,ADA,4347749.885,0.0,0.0
2013,330455705158,Maré,CV,4347749.885,952214.684,21.901322
2013,330455705158,Maré,Milicia,4347749.885,850430.101,19.560235
2013,330455705158,Maré,TCP,4347749.885,1237801.578,28.469935
2013,330455705159,Vasco da Gama,ADA,1051322.951,0.0,0.0
2013,330455705159,Vasco da Gama,CV,1051322.951,107375.1,10.213332
2013,330455705159,Vasco da Gama,Milicia,1051322.951,0.0,0.0
2013,330455705159,Vasco da Gama,TCP,1051322.951,0.0,0.0
2013,330455705160,Gericinó,ADA,1903405.18,0.0,0.0
2013,330455705160,Gericinó,CV,1903405.18,42394.242,2.227284
2013,330455705160,Gericinó,Milicia,1903405.18,58679.004,3.082844
2013,330455705160,Gericinó,TCP,1903405.18,0.0,0.0
2014,330455705001,Centro,ADA,5999470.914,0.0,0.0
2014,330455705001,Centro,CV,5999470.914,0.0,0.0
2014,330455705001,Centro,Milicia,5999470.914,59988.894,0.999903
2014,330455705001,Centro,TCP,5999470.914,0.0,0.0
2014,330455705002,Gamboa,ADA,1136868.144,0.0,0.0
2014,330455705002,Gamboa,CV,1136868.144,108806.99,9.570766
2014,330455705002,Gamboa,Milicia,1136868.144,0.0,0.0
2014,330455705002,Gamboa,TCP,1136868.144,0.0,0.0
2014,330455705003,Santo Cristo,ADA,1672344.478,0.0,0.0
2014,330455705003,Santo Cristo,CV,1672344.478,39947.24,2.388697
2014,330455705003,Santo Cristo,Milicia,1672344.478,15.006,0.000897
2014,330455705003,Santo Cristo,TCP,1672344.478,0.0,0.0
2014,330455705004,Caju,ADA,5067155.95,198718.263,3.921692
2014,330455705004,Caju,CV,5067155.95,56895.643,1.122832
2014,330455705004,Caju,Milicia,5067155.95,0.0,0.0
2014,330455705004,Caju,TCP,5067155.95,407.009,0.008032
2014,330455705005,Catumbi,ADA,632389.034,147786.3,23.369523
2014,330455705005,Catumbi,CV,632389.034,8.618,0.001363
2014,330455705005,Catumbi,Milicia,632389.034,0.0,0.0
2014,330455705005,Catumbi,TCP,632389.034,0.0,0.0
2014,330455705006,Rio Comprido,ADA,3330278.597,102421.799,3.075472
2014,330455705006,Rio Comprido,CV,3330278.597,367807.978,11.044361
2014,330455705006,Rio Comprido,Milicia,3330278.597,0.0,0.0
2014,330455705006,Rio Comprido,TCP,3330278.597,0.0,0.0
2014,330455705007,Cidade Nova,ADA,936691.34,0.0,0.0
2014,330455705007,Cidade Nova,CV,936691.34,0.187,2e-05
2014,330455705007,Cidade Nova,Milicia,936691.34,0.969,0.000103
2014,330455705007,Cidade Nova,TCP,936691.34,0.0,0.0
2014,330455705008,Estácio,ADA,914078.001,158365.603,17.325174
2014,330455705008,Estácio,CV,914078.001,0.0,0.0
2014,330455705008,Estácio,Milicia,914078.001,0.0,0.0
2014,330455705008,Estácio,TCP,914078.001,0.0,0.0
2014,330455705009,Flamengo,ADA,1652155.006,23906.883,1.447012
2014,330455705009,Flamengo,CV,1652155.006,0.0,0.0
2014,330455705009,Flamengo,Milicia,1652155.006,0.0,0.0
2014,330455705009,Flamengo,TCP,1652155.006,0.0,0.0
2014,330455705010,Glória,ADA,1125643.202,0.0,0.0
2014,330455705010,Glória,CV,1125643.202,13.885,0.001234
2014,330455705010,Glória,Milicia,1125643.202,0.0,0.0
2014,330455705010,Glória,TCP,1125643.202,0.0,0.0
2014,330455705011,Laranjeiras,ADA,2488268.891,370.463,0.014888
2014,330455705011,Laranjeiras,CV,2488268.891,72703.449,2.921849
2014,330455705011,Laranjeiras,Milicia,2488268.891,0.0,0.0
2014,330455705011,Laranjeiras,TCP,2488268.891,0.0,0.0
2014,330455705012,Catete,ADA,690904.333,0.0,0.0
2014,330455705012,Catete,CV,690904.333,44946.383,6.505442
2014,330455705012,Catete,Milicia,690904.333,0.0,0.0
2014,330455705012,Catete,TCP,690904.333,0.0,0.0
2014,330455705013,Cosme Velho,ADA,933880.948,0.0,0.0
2014,330455705013,Cosme Velho,CV,933880.948,96808.358,10.366242
2014,330455705013,Cosme Velho,Milicia,933880.948,0.0,0.0
2014,330455705013,Cosme Velho,TCP,933880.948,0.0,0.0
2014,330455705014,Botafogo,ADA,4793518.99,181.399,0.003784
2014,330455705014,Botafogo,CV,4793518.99,66804.744,1.393647
2014,330455705014,Botafogo,Milicia,4793518.99,0.0,0.0
2014,330455705014,Botafogo,TCP,4793518.99,0.0,0.0
2014,330455705015,Urca,ADA,2443671.98,0.0,0.0
2014,330455705015,Urca,CV,2443671.98,0.0,0.0
2014,330455705015,Urca,Milicia,2443671.98,0.0,0.0
2014,330455705015,Urca,TCP,2443671.98,0.0,0.0
2014,330455705016,Humaitá,ADA,1068177.754,0.0,0.0
2014,330455705016,Humaitá,CV,1068177.754,5547.437,0.519337
2014,330455705016,Humaitá,Milicia,1068177.754,0.0,0.0
2014,330455705016,Humaitá,TCP,1068177.754,0.0,0.0
2014,330455705017,Leme,ADA,1017046.998,0.0,0.0
2014,330455705017,Leme,CV,1017046.998,154956.837,15.235956
2014,330455705017,Leme,Milicia,1017046.998,0.0,0.0
2014,330455705017,Leme,TCP,1017046.998,0.0,0.0
2014,330455705018,Copacabana,ADA,4201270.477,0.0,0.0
2014,330455705018,Copacabana,CV,4201270.477,204885.728,4.876756
2014,330455705018,Copacabana,Milicia,4201270.477,0.0,0.0
2014,330455705018,Copacabana,TCP,4201270.477,0.0,0.0
2014,330455705019,Ipanema,ADA,3060078.202,0.0,0.0
2014,330455705019,Ipanema,CV,3060078.202,46130.548,1.507496
2014,330455705019,Ipanema,Milicia,3060078.202,0.0,0.0
2014,330455705019,Ipanema,TCP,3060078.202,0.0,0.0
2014,330455705020,Leblon,ADA,2118156.856,11750.6,0.554756
2014,330455705020,Leblon,CV,2118156.856,0.0,0.0
2014,330455705020,Leblon,Milicia,2118156.856,0.0,0.0
2014,330455705020,Leblon,TCP,2118156.856,0.0,0.0
2014,330455705021,Lagoa,ADA,5193577.874,5.53,0.000106
2014,330455705021,Lagoa,CV,5193577.874,845.013,0.01627
2014,330455705021,Lagoa,Milicia,5193577.874,0.0,0.0
2014,330455705021,Lagoa,TCP,5193577.874,0.0,0.0
2014,330455705022,Jardim Botânico,ADA,2817694.6,0.0,0.0
2014,330455705022,Jardim Botânico,CV,2817694.6,0.0,0.0
2014,330455705022,Jardim Botânico,Milicia,2817694.6,0.0,0.0
2014,330455705022,Jardim Botânico,TCP,2817694.6,0.0,0.0
2014,330455705023,Gávea,ADA,2733785.645,31232.71,1.142471
2014,330455705023,Gávea,CV,2733785.645,0.0,0.0
2014,330455705023,Gávea,Milicia,2733785.645,0.0,0.0
2014,330455705023,Gávea,TCP,2733785.645,0.0,0.0
2014,330455705024,Vidigal,ADA,1781818.869,248487.879,13.945743
2014,330455705024,Vidigal,CV,1781818.869,0.0,0.0
2014,330455705024,Vidigal,Milicia,1781818.869,0.0,0.0
2014,330455705024,Vidigal,TCP,1781818.869,0.0,0.0
2014,330455705025,São Conrado,ADA,6668231.159,39173.886,0.58747
2014,330455705025,São Conrado,CV,6668231.159,0.0,0.0
2014,330455705025,São Conrado,Milicia,6668231.159,0.0,0.0
2014,330455705025,São Conrado,TCP,6668231.159,0.0,0.0
2014,330455705026,São Cristóvão,ADA,3794648.396,0.0,0.0
2014,330455705026,São Cristóvão,CV,3794648.396,83004.201,2.187402
2014,330455705026,São Cristóvão,Milicia,3794648.396,7.29,0.000192
2014,330455705026,São Cristóvão,TCP,3794648.396,17826.627,0.469783
2014,330455705027,Mangueira,ADA,965517.733,0.0,0.0
2014,330455705027,Mangueira,CV,965517.733,356391.699,36.911979
2014,330455705027,Mangueira,Milicia,965517.733,0.0,0.0
2014,330455705027,Mangueira,TCP,965517.733,0.0,0.0
2014,330455705028,Benfica,ADA,1803020.832,1136.645,0.063041
2014,330455705028,Benfica,CV,1803020.832,153957.94,8.538889
2014,330455705028,Benfica,Milicia,1803020.832,26264.679,1.456704
2014,330455705028,Benfica,TCP,1803020.832,4753.938,0.263665
2014,330455705029,Praça da Bandeira,ADA,759082.679,0.0,0.0
2014,330455705029,Praça da Bandeira,CV,759082.679,0.0,0.0
2014,330455705029,Praça da Bandeira,Milicia,759082.679,208844.83,27.512791
2014,330455705029,Praça da Bandeira,TCP,759082.679,0.0,0.0
2014,330455705030,Tijuca,ADA,9943019.197,19227.095,0.193373
2014,330455705030,Tijuca,CV,9943019.197,761805.774,7.661715
2014,330455705030,Tijuca,Milicia,9943019.197,0.0,0.0
2014,330455705030,Tijuca,TCP,9943019.197,85166.149,0.856542
2014,330455705031,Alto da Boa Vista,ADA,31327174.846,0.0,0.0
2014,330455705031,Alto da Boa Vista,CV,31327174.846,214619.037,0.685089
2014,330455705031,Alto da Boa Vista,Milicia,31327174.846,2479.521,0.007915
2014,330455705031,Alto da Boa Vista,TCP,31327174.846,0.0,0.0
2014,330455705032,Maracanã,ADA,1618236.441,0.0,0.0
2014,330455705032,Maracanã,CV,1618236.441,6310.973,0.389991
2014,330455705032,Maracanã,Milicia,1618236.441,0.0,0.0
2014,330455705032,Maracanã,TCP,1618236.441,0.0,0.0
2014,330455705033,Vila Isabel,ADA,3335039.051,271270.393,8.13395
2014,330455705033,Vila Isabel,CV,3335039.051,0.0,0.0
2014,330455705033,Vila Isabel,Milicia,3335039.051,0.0,0.0
2014,330455705033,Vila Isabel,TCP,3335039.051,0.0,0.0
2014,330455705034,Andaraí,ADA,2288826.412,0.0,0.0
2014,330455705034,Andaraí,CV,2288826.412,313983.204,13.718087
2014,330455705034,Andaraí,Milicia,2288826.412,0.0,0.0
2014,330455705034,Andaraí,TCP,2288826.412,0.0,0.0
2014,330455705035,Grajaú,ADA,5666000.278,0.0,0.0
2014,330455705035,Grajaú,CV,5666000.278,262375.008,4.630692
2014,330455705035,Grajaú,Milicia,5666000.278,0.0,0.0
2014,330455705035,Grajaú,TCP,5666000.278,0.0,0.0
2014,330455705036,Manguinhos,ADA,2904792.726,0.0,0.0
2014,330455705036,Manguinhos,CV,2904792.726,376244.55,12.952544
2014,330455705036,Manguinhos,Milicia,2904792.726,65755.991,2.263707
2014,330455705036,Manguinhos,TCP,2904792.726,157.452,0.00542
2014,330455705037,Bonsucesso,ADA,2246914.385,0.0,0.0
2014,330455705037,Bonsucesso,CV,2246914.385,40041.623,1.782072
2014,330455705037,Bonsucesso,Milicia,2246914.385,0.0,0.0
2014,330455705037,Bonsucesso,TCP,2246914.385,226.526,0.010082
2014,330455705038,Ramos,ADA,2803461.571,0.0,0.0
2014,330455705038,Ramos,CV,2803461.571,168826.137,6.02206
2014,330455705038,Ramos,Milicia,2803461.571,1131188.673,40.349712
2014,330455705038,Ramos,TCP,2803461.571,0.0,0.0
2014,330455705039,Olaria,ADA,3777725.993,0.0,0.0
2014,330455705039,Olaria,CV,3777725.993,677830.462,17.942817
2014,330455705039,Olaria,Milicia,3777725.993,226215.576,5.988141
2014,330455705039,Olaria,TCP,3777725.993,0.0,0.0
2014,330455705040,Penha,ADA,5667327.123,0.0,0.0
2014,330455705040,Penha,CV,5667327.123,1096007.205,19.33905
2014,330455705040,Penha,Milicia,5667327.123,17773.968,0.313622
2014,330455705040,Penha,TCP,5667327.123,0.0,0.0
2014,330455705041,Penha Circular,ADA,4750762.719,0.0,0.0
2014,330455705041,Penha Circular,CV,4750762.719,388521.39,8.178085
2014,330455705041,Penha Circular,Milicia,4750762.719,88305.778,1.858771
2014,330455705041,Penha Circular,TCP,4750762.719,0.0,0.0
2014,330455705042,Brás de Pina,ADA,3512571.928,0.0,0.0
2014,330455705042,Brás de Pina,CV,3512571.928,163522.551,4.655351
2014,330455705042,Brás de Pina,Milicia,3512571.928,1150023.612,32.740215
2014,330455705042,Brás de Pina,TCP,3512571.928,11254.778,0.320414
2014,330455705043,Cordovil,ADA,3753939.247,0.0,0.0
2014,330455705043,Cordovil,CV,3753939.247,326675.008,8.702192
2014,330455705043,Cordovil,Milicia,3753939.247,225515.056,6.007424
2014,330455705043,Cordovil,TCP,3753939.247,0.0,0.0
2014,330455705044,Parada de Lucas,ADA,2297621.975,0.0,0.0
2014,330455705044,Parada de Lucas,CV,2297621.975,7297.798,0.317624
2014,330455705044,Parada de Lucas,Milicia,2297621.975,18203.319,0.792268
2014,330455705044,Parada de Lucas,TCP,2297621.975,259072.176,11.275666
2014,330455705045,Vigário Geral,ADA,3417305.816,0.0,0.0
2014,330455705045,Vigário Geral,CV,3417305.816,321721.571,9.41448
2014,330455705045,Vigário Geral,Milicia,3417305.816,0.0,0.0
2014,330455705045,Vigário Geral,TCP,3417305.816,161716.907,4.732293
2014,330455705046,Jardim América,ADA,1948170.717,0.0,0.0
2014,330455705046,Jardim América,CV,1948170.717,209897.526,10.774083
2014,330455705046,Jardim América,Milicia,1948170.717,0.0,0.0
2014,330455705046,Jardim América,TCP,1948170.717,0.0,0.0
2014,330455705047,São Francisco Xavier,ADA,665866.707,0.0,0.0
2014,330455705047,São Francisco Xavier,CV,665866.707,8657.787,1.300228
2014,330455705047,São Francisco Xavier,Milicia,665866.707,0.0,0.0
2014,330455705047,São Francisco Xavier,TCP,665866.707,0.0,0.0
2014,330455705048,Rocha,ADA,1195663.72,0.0,0.0
2014,330455705048,Rocha,CV,1195663.72,0.0,0.0
2014,330455705048,Rocha,Milicia,1195663.72,0.0,0.0
2014,330455705048,Rocha,TCP,1195663.72,0.0,0.0
2014,330455705049,Riachuelo,ADA,1007501.654,0.0,0.0
2014,330455705049,Riachuelo,CV,1007501.654,0.0,0.0
2014,330455705049,Riachuelo,Milicia,1007501.654,0.0,0.0
2014,330455705049,Riachuelo,TCP,1007501.654,0.0,0.0
2014,330455705050,Sampaio,ADA,834065.511,0.0,0.0
2014,330455705050,Sampaio,CV,834065.511,29032.545,3.480847
2014,330455705050,Sampaio,Milicia,834065.511,0.0,0.0
2014,330455705050,Sampaio,TCP,834065.511,0.0,0.0
2014,330455705051,Engenho Novo,ADA,2670486.436,1106.168,0.041422
2014,330455705051,Engenho Novo,CV,2670486.436,517670.362,19.384871
2014,330455705051,Engenho Novo,Milicia,2670486.436,872.648,0.032677
2014,330455705051,Engenho Novo,TCP,2670486.436,0.0,0.0
2014,330455705052,Lins de Vasconcelos,ADA,2795375.736,0.0,0.0
2014,330455705052,Lins de Vasconcelos,CV,2795375.736,747280.068,26.732724
2014,330455705052,Lins de Vasconcelos,Milicia,2795375.736,23.905,0.000855
2014,330455705052,Lins de Vasconcelos,TCP,2795375.736,0.0,0.0
2014,330455705053,Méier,ADA,2365369.616,0.0,0.0
2014,330455705053,Méier,CV,2365369.616,83586.886,3.533777
2014,330455705053,Méier,Milicia,2365369.616,213956.421,9.045369
2014,330455705053,Méier,TCP,2365369.616,0.0,0.0
2014,330455705054,Todos os Santos,ADA,1096583.584,0.0,0.0
2014,330455705054,Todos os Santos,CV,1096583.584,0.024,2e-06
2014,330455705054,Todos os Santos,Milicia,1096583.584,61978.079,5.651925
2014,330455705054,Todos os Santos,TCP,1096583.584,0.0,0.0
2014,330455705055,Cachambi,ADA,2184248.384,0.0,0.0
2014,330455705055,Cachambi,CV,2184248.384,24161.522,1.106171
2014,330455705055,Cachambi,Milicia,2184248.384,381328.139,17.458094
2014,330455705055,Cachambi,TCP,2184248.384,0.0,0.0
2014,330455705056,Engenho de Dentro,ADA,3860558.733,0.0,0.0
2014,330455705056,Engenho de Dentro,CV,3860558.733,389340.182,10.085073
2014,330455705056,Engenho de Dentro,Milicia,3860558.733,544100.794,14.093835
2014,330455705056,Engenho de Dentro,TCP,3860558.733,0.0,0.0
2014,330455705057,Água Santa,ADA,2443119.047,0.0,0.0
2014,330455705057,Água Santa,CV,2443119.047,8827.196,0.361308
2014,330455705057,Água Santa,Milicia,2443119.047,69132.818,2.829695
2014,330455705057,Água Santa,TCP,2443119.047,0.0,0.0
2014,330455705058,Encantado,ADA,1017956.092,0.0,0.0
2014,330455705058,Encantado,CV,1017956.092,5034.295,0.494549
2014,330455705058,Encantado,Milicia,1017956.092,238830.684,23.461786
2014,330455705058,Encantado,TCP,1017956.092,0.0,0.0
2014,330455705059,Piedade,ADA,3975814.299,122936.776,3.092116
2014,330455705059,Piedade,CV,3975814.299,0.0,0.0
2014,330455705059,Piedade,Milicia,3975814.299,947638.822,23.835088
2014,330455705059,Piedade,TCP,3975814.299,0.0,0.0
2014,330455705060,Abolição,ADA,681919.203,119.689,0.017552
2014,330455705060,Abolição,CV,681919.203,0.0,0.0
2014,330455705060,Abolição,Milicia,681919.203,22212.52,3.257354
2014,330455705060,Abolição,TCP,681919.203,0.0,0.0
2014,330455705061,Pilares,ADA,1736724.672,115844.411,6.670281
2014,330455705061,Pilares,CV,1736724.672,197072.638,11.347374
2014,330455705061,Pilares,Milicia,1736724.672,375456.815,21.618672
2014,330455705061,Pilares,TCP,1736724.672,0.0,0.0
2014,330455705062,Vila Kosmos,ADA,1459829.177,0.0,0.0
2014,330455705062,Vila Kosmos,CV,1459829.177,702157.795,48.098627
2014,330455705062,Vila Kosmos,Milicia,1459829.177,199974.579,13.698492
2014,330455705062,Vila Kosmos,TCP,1459829.177,0.0,0.0
2014,330455705063,Vicente de Carvalho,ADA,1861712.205,332640.138,17.867431
2014,330455705063,Vicente de Carvalho,CV,1861712.205,380282.811,20.426509
2014,330455705063,Vicente de Carvalho,Milicia,1861712.205,224.042,0.012034
2014,330455705063,Vicente de Carvalho,TCP,1861712.205,135.146,0.007259
2014,330455705064,Vila da Penha,ADA,1459935.08,0.0,0.0
2014,330455705064,Vila da Penha,CV,1459935.08,32.071,0.002197
2014,330455705064,Vila da Penha,Milicia,1459935.08,336604.565,23.056132
2014,330455705064,Vila da Penha,TCP,1459935.08,0.0,0.0
2014,330455705065,Vista Alegre,ADA,543631.474,0.0,0.0
2014,330455705065,Vista Alegre,CV,543631.474,670.515,0.12334
2014,330455705065,Vista Alegre,Milicia,543631.474,0.0,0.0
2014,330455705065,Vista Alegre,TCP,543631.474,0.0,0.0
2014,330455705066,Irajá,ADA,7756434.911,45.121,0.000582
2014,330455705066,Irajá,CV,7756434.911,151035.744,1.947232
2014,330455705066,Irajá,Milicia,7756434.911,362695.828,4.676064
2014,330455705066,Irajá,TCP,7756434.911,276837.624,3.569135
2014,330455705067,Colégio,ADA,1977696.341,253962.888,12.841349
2014,330455705067,Colégio,CV,1977696.341,45498.33,2.300572
2014,330455705067,Colégio,Milicia,1977696.341,169.332,0.008562
2014,330455705067,Colégio,TCP,1977696.341,184338.261,9.320858
2014,330455705068,Campinho,ADA,818895.95,0.0,0.0
2014,330455705068,Campinho,CV,818895.95,0.0,0.0
2014,330455705068,Campinho,Milicia,818895.95,532720.639,65.05352
2014,330455705068,Campinho,TCP,818895.95,0.0,0.0
2014,330455705069,Quintino Bocaiúva,ADA,4327748.625,79369.556,1.833969
2014,330455705069,Quintino Bocaiúva,CV,4327748.625,0.0,0.0
2014,330455705069,Quintino Bocaiúva,Milicia,4327748.625,1535140.818,35.472042
2014,330455705069,Quintino Bocaiúva,TCP,4327748.625,0.0,0.0
2014,330455705070,Cavalcanti,ADA,1841740.248,149390.686,8.111387
2014,330455705070,Cavalcanti,CV,1841740.248,0.0,0.0
2014,330455705070,Cavalcanti,Milicia,1841740.248,160404.216,8.709383
2014,330455705070,Cavalcanti,TCP,1841740.248,51222.028,2.781175
2014,330455705071,Engenheiro Leal,ADA,666173.029,0.0,0.0
2014,330455705071,Engenheiro Leal,CV,666173.029,0.0,0.0
2014,330455705071,Engenheiro Leal,Milicia,666173.029,0.0,0.0
2014,330455705071,Engenheiro Leal,TCP,666173.029,69849.801,10.485234
2014,330455705072,Cascadura,ADA,3007879.708,0.0,0.0
2014,330455705072,Cascadura,CV,3007879.708,2564.621,0.085263
2014,330455705072,Cascadura,Milicia,3007879.708,1978189.234,65.7669
2014,330455705072,Cascadura,TCP,3007879.708,0.0,0.0
2014,330455705073,Madureira,ADA,3784149.277,0.0,0.0
2014,330455705073,Madureira,CV,3784149.277,219332.656,5.796089
2014,330455705073,Madureira,Milicia,3784149.277,987014.776,26.082871
2014,330455705073,Madureira,TCP,3784149.277,362395.85,9.57668
2014,330455705074,Vaz Lobo,ADA,1053976.763,0.0,0.0
2014,330455705074,Vaz Lobo,CV,1053976.763,20201.915,1.916733
2014,330455705074,Vaz Lobo,Milicia,1053976.763,55959.691,5.309386
2014,330455705074,Vaz Lobo,TCP,1053976.763,111474.327,10.576545
2014,330455705075,Turiaçu,ADA,1312987.215,0.0,0.0
2014,330455705075,Turiaçu,CV,1312987.215,403763.083,30.751486
2014,330455705075,Turiaçu,Milicia,1312987.215,419.01,0.031913
2014,330455705075,Turiaçu,TCP,1312987.215,0.0,0.0
2014,330455705076,Rocha Miranda,ADA,2931197.068,0.0,0.0
2014,330455705076,Rocha Miranda,CV,2931197.068,579902.514,19.783812
2014,330455705076,Rocha Miranda,Milicia,2931197.068,0.0,0.0
2014,330455705076,Rocha Miranda,TCP,2931197.068,0.0,0.0
2014,330455705077,Honório Gurgel,ADA,1291655.929,0.0,0.0
2014,330455705077,Honório Gurgel,CV,1291655.929,138373.682,10.71289
2014,330455705077,Honório Gurgel,Milicia,1291655.929,54570.886,4.224878
2014,330455705077,Honório Gurgel,TCP,1291655.929,0.0,0.0
2014,330455705078,Oswaldo Cruz,ADA,2109374.788,0.0,0.0
2014,330455705078,Oswaldo Cruz,CV,2109374.788,6228.193,0.295263
2014,330455705078,Oswaldo Cruz,Milicia,2109374.788,306227.712,14.517463
2014,330455705078,Oswaldo Cruz,TCP,2109374.788,0.0,0.0
2014,330455705079,Bento Ribeiro,ADA,3148947.915,0.0,0.0
2014,330455705079,Bento Ribeiro,CV,3148947.915,8335.575,0.26471
2014,330455705079,Bento Ribeiro,Milicia,3148947.915,28085.156,0.89189
2014,330455705079,Bento Ribeiro,TCP,3148947.915,0.0,0.0
2014,330455705080,Marechal Hermes,ADA,3842053.359,0.0,0.0
2014,330455705080,Marechal Hermes,CV,3842053.359,249998.263,6.506892
2014,330455705080,Marechal Hermes,Milicia,3842053.359,182890.34,4.760224
2014,330455705080,Marechal Hermes,TCP,3842053.359,168.517,0.004386
2014,330455705081,Jacarepaguá,ADA,74749389.951,0.0,0.0
2014,330455705081,Jacarepaguá,CV,74749389.951,168960.468,0.226036
2014,330455705081,Jacarepaguá,Milicia,74749389.951,9599964.683,12.842867
2014,330455705081,Jacarepaguá,TCP,74749389.951,0.0,0.0
2014,330455705082,Anil,ADA,3773328.725,0.0,0.0
2014,330455705082,Anil,CV,3773328.725,14291.005,0.378737
2014,330455705082,Anil,Milicia,3773328.725,885540.319,23.468412
2014,330455705082,Anil,TCP,3773328.725,0.0,0.0
2014,330455705083,Gardênia Azul,ADA,949103.226,0.0,0.0
2014,330455705083,Gardênia Azul,CV,949103.226,111.158,0.011712
2014,330455705083,Gardênia Azul,Milicia,949103.226,772428.388,81.385077
2014,330455705083,Gardênia Azul,TCP,949103.226,0.0,0.0
2014,330455705084,Cidade de Deus,ADA,1390931.874,0.0,0.0
2014,330455705084,Cidade de Deus,CV,1390931.874,969280.076,69.685661
2014,330455705084,Cidade de Deus,Milicia,1390931.874,3724.898,0.267799
2014,330455705084,Cidade de Deus,TCP,1390931.874,0.0,0.0
2014,330455705085,Curicica,ADA,3339007.728,0.0,0.0
2014,330455705085,Curicica,CV,3339007.728,0.0,0.0
2014,330455705085,Curicica,Milicia,3339007.728,1826148.734,54.69136
2014,330455705085,Curicica,TCP,3339007.728,0.0,0.0
2014,330455705086,Freguesia (Jacarepaguá),ADA,10108021.173,0.0,0.0
2014,330455705086,Freguesia (Jacarepaguá),CV,10108021.173,334031.701,3.30462
2014,330455705086,Freguesia (Jacarepaguá),Milicia,10108021.173,313402.08,3.100529
2014,330455705086,Freguesia (Jacarepaguá),TCP,10108021.173,0.0,0.0
2014,330455705087,Pechincha,ADA,3127046.955,0.0,0.0
2014,330455705087,Pechincha,CV,3127046.955,0.0,0.0
2014,330455705087,Pechincha,Milicia,3127046.955,145018.193,4.637544
2014,330455705087,Pechincha,TCP,3127046.955,0.0,0.0
2014,330455705088,Taquara,ADA,13409639.819,0.0,0.0
2014,330455705088,Taquara,CV,13409639.819,67125.828,0.500579
2014,330455705088,Taquara,Milicia,13409639.819,4581039.936,34.162289
2014,330455705088,Taquara,TCP,13409639.819,0.0,0.0
2014,330455705089,Tanque,ADA,5758334.63,0.0,0.0
2014,330455705089,Tanque,CV,5758334.63,253.375,0.0044
2014,330455705089,Tanque,Milicia,5758334.63,2404791.978,41.761935
2014,330455705089,Tanque,TCP,5758334.63,0.0,0.0
2014,330455705090,Praça Seca,ADA,6556015.532,0.0,0.0
2014,330455705090,Praça Seca,CV,6556015.532,0.0,0.0
2014,330455705090,Praça Seca,Milicia,6556015.532,4615402.524,70.399506
2014,330455705090,Praça Seca,TCP,6556015.532,0.0,0.0
2014,330455705091,Vila Valqueire,ADA,4013527.509,0.0,0.0
2014,330455705091,Vila Valqueire,CV,4013527.509,0.0,0.0
2014,330455705091,Vila Valqueire,Milicia,4013527.509,1175144.839,29.279601
2014,330455705091,Vila Valqueire,TCP,4013527.509,0.0,0.0
2014,330455705092,Deodoro,ADA,4683193.264,0.0,0.0
2014,330455705092,Deodoro,CV,4683193.264,45110.211,0.963236
2014,330455705092,Deodoro,Milicia,4683193.264,2464.047,0.052615
2014,330455705092,Deodoro,TCP,4683193.264,253405.522,5.410956
2014,330455705093,Vila Militar,ADA,10520035.885,0.0,0.0
2014,330455705093,Vila Militar,CV,10520035.885,0.0,0.0
2014,330455705093,Vila Militar,Milicia,10520035.885,393309.756,3.738673
2014,330455705093,Vila Militar,TCP,10520035.885,0.0,0.0
2014,330455705094,Campo dos Afonsos,ADA,3173081.541,0.0,0.0
2014,330455705094,Campo dos Afonsos,CV,3173081.541,0.0,0.0
2014,330455705094,Campo dos Afonsos,Milicia,3173081.541,0.0,0.0
2014,330455705094,Campo dos Afonsos,TCP,3173081.541,0.0,0.0
2014,330455705095,Jardim Sulacap,ADA,7838000.908,0.0,0.0
2014,330455705095,Jardim Sulacap,CV,7838000.908,0.0,0.0
2014,330455705095,Jardim Sulacap,Milicia,7838000.908,20616.104,0.263028
2014,330455705095,Jardim Sulacap,TCP,7838000.908,0.0,0.0
2014,330455705096,Magalhães Bastos,ADA,2054160.612,87299.092,4.249867
2014,330455705096,Magalhães Bastos,CV,2054160.612,0.0,0.0
2014,330455705096,Magalhães Bastos,Milicia,2054160.612,344129.253,16.752792
2014,330455705096,Magalhães Bastos,TCP,2054160.612,44253.186,2.15432
2014,330455705097,Realengo,ADA,25902981.11,616878.624,2.381497
2014,330455705097,Realengo,CV,25902981.11,27699.798,0.106937
2014,330455705097,Realengo,Milicia,25902981.11,4454837.205,17.198164
2014,330455705097,Realengo,TCP,25902981.11,93531.236,0.361083
2014,330455705098,Padre Miguel,ADA,4845945.365,1044355.155,21.551113
2014,330455705098,Padre Miguel,CV,4845945.365,21766.829,0.449176
2014,330455705098,Padre Miguel,Milicia,4845945.365,287662.627,5.936151
2014,330455705098,Padre Miguel,TCP,4845945.365,0.0,0.0
2014,330455705099,Bangu,ADA,37830395.943,1373305.752,3.630165
2014,330455705099,Bangu,CV,37830395.943,2502222.279,6.614317
2014,330455705099,Bangu,Milicia,37830395.943,3542491.792,9.364141
2014,330455705099,Bangu,TCP,37830395.943,1351775.283,3.573252
2014,330455705100,Senador Camará,ADA,17294389.899,0.0,0.0
2014,330455705100,Senador Camará,CV,17294389.899,227107.768,1.313188
2014,330455705100,Senador Camará,Milicia,17294389.899,1287.138,0.007443
2014,330455705100,Senador Camará,TCP,17294389.899,2478968.849,14.333948
2014,330455705101,Santíssimo,ADA,8471414.284,0.0,0.0
2014,330455705101,Santíssimo,CV,8471414.284,0.0,0.0
2014,330455705101,Santíssimo,Milicia,8471414.284,1067188.81,12.597528
2014,330455705101,Santíssimo,TCP,8471414.284,335596.429,3.961516
2014,330455705102,Campo Grande,ADA,104874675.28,0.0,0.0
2014,330455705102,Campo Grande,CV,104874675.28,4205.162,0.00401
2014,330455705102,Campo Grande,Milicia,104874675.28,22948856.105,21.882171
2014,330455705102,Campo Grande,TCP,104874675.28,17715.257,0.016892
2014,330455705103,Senador Vasconcelos,ADA,6282463.302,0.0,0.0
2014,330455705103,Senador Vasconcelos,CV,6282463.302,0.0,0.0
2014,330455705103,Senador Vasconcelos,Milicia,6282463.302,1364651.079,21.721593
2014,330455705103,Senador Vasconcelos,TCP,6282463.302,0.0,0.0
2014,330455705104,Inhoaíba,ADA,8246887.204,0.0,0.0
2014,330455705104,Inhoaíba,CV,8246887.204,231.804,0.002811
2014,330455705104,Inhoaíba,Milicia,8246887.204,3712625.031,45.018501
2014,330455705104,Inhoaíba,TCP,8246887.204,0.0,0.0
2014,330455705105,Cosmos,ADA,11341801.939,0.0,0.0
2014,330455705105,Cosmos,CV,11341801.939,0.0,0.0
2014,330455705105,Cosmos,Milicia,11341801.939,5305323.011,46.776721
2014,330455705105,Cosmos,TCP,11341801.939,0.0,0.0
2014,330455705106,Paciência,ADA,26711558.485,0.0,0.0
2014,330455705106,Paciência,CV,26711558.485,363748.436,1.361764
2014,330455705106,Paciência,Milicia,26711558.485,8370476.484,31.336534
2014,330455705106,Paciência,TCP,26711558.485,0.0,0.0
2014,330455705107,Santa Cruz,ADA,123060884.941,0.0,0.0
2014,330455705107,Santa Cruz,CV,123060884.941,2788012.552,2.265555
2014,330455705107,Santa Cruz,Milicia,123060884.941,14809521.672,12.034305
2014,330455705107,Santa Cruz,TCP,123060884.941,358210.134,0.291084
2014,330455705108,Sepetiba,ADA,11867945.594,0.0,0.0
2014,330455705108,Sepetiba,CV,11867945.594,28187.346,0.237508
2014,330455705108,Sepetiba,Milicia,11867945.594,5395209.135,45.460346
2014,330455705108,Sepetiba,TCP,11867945.594,0.0,0.0
2014,330455705109,Ribeira,ADA,873943.13,0.0,0.0
2014,330455705109,Ribeira,CV,873943.13,0.0,0.0
2014,330455705109,Ribeira,Milicia,873943.13,0.0,0.0
2014,330455705109,Ribeira,TCP,873943.13,0.0,0.0
2014,330455705110,Zumbi,ADA,182858.391,0.0,0.0
2014,330455705110,Zumbi,CV,182858.391,0.0,0.0
2014,330455705110,Zumbi,Milicia,182858.391,0.0,0.0
2014,330455705110,Zumbi,TCP,182858.391,0.0,0.0
2014,330455705111,Cacuia,ADA,2145636.701,0.0,0.0
2014,330455705111,Cacuia,CV,2145636.701,0.0,0.0
2014,330455705111,Cacuia,Milicia,2145636.701,81029.907,3.776497
2014,330455705111,Cacuia,TCP,2145636.701,0.014,1e-06
2014,330455705112,Pitangueiras,ADA,619268.101,0.0,0.0
2014,330455705112,Pitangueiras,CV,619268.101,0.0,0.0
2014,330455705112,Pitangueiras,Milicia,619268.101,113639.068,18.350544
2014,330455705112,Pitangueiras,TCP,619268.101,0.0,0.0
2014,330455705113,Praia da Bandeira,ADA,332647.93,0.0,0.0
2014,330455705113,Praia da Bandeira,CV,332647.93,0.0,0.0
2014,330455705113,Praia da Bandeira,Milicia,332647.93,0.0,0.0
2014,330455705113,Praia da Bandeira,TCP,332647.93,0.0,0.0
2014,330455705114,Cocotá,ADA,579176.523,0.0,0.0
2014,330455705114,Cocotá,CV,579176.523,0.0,0.0
2014,330455705114,Cocotá,Milicia,579176.523,0.0,0.0
2014,330455705114,Cocotá,TCP,579176.523,729.966,0.126035
2014,330455705115,Bancários,ADA,1020691.23,57075.198,5.591818
2014,330455705115,Bancários,CV,1020691.23,0.0,0.0
2014,330455705115,Bancários,Milicia,1020691.23,227.211,0.022261
2014,330455705115,Bancários,TCP,1020691.23,91996.693,9.013176
2014,330455705116,Freguesia (Ilha do Governador),ADA,4109015.707,0.0,0.0
2014,330455705116,Freguesia (Ilha do Governador),CV,4109015.707,0.0,0.0
2014,330455705116,Freguesia (Ilha do Governador),Milicia,4109015.707,0.0,0.0
2014,330455705116,Freguesia (Ilha do Governador),TCP,4109015.707,161353.678,3.926821
2014,330455705117,Jardim Guanabara,ADA,3207591.058,0.0,0.0
2014,330455705117,Jardim Guanabara,CV,3207591.058,0.0,0.0
2014,330455705117,Jardim Guanabara,Milicia,3207591.058,0.0,0.0
2014,330455705117,Jardim Guanabara,TCP,3207591.058,13300.394,0.414654
2014,330455705118,Jardim Carioca,ADA,1569958.828,0.0,0.0
2014,330455705118,Jardim Carioca,CV,1569958.828,0.0,0.0
2014,330455705118,Jardim Carioca,Milicia,1569958.828,0.0,0.0
2014,330455705118,Jardim Carioca,TCP,1569958.828,125714.505,8.007503
2014,330455705119,Tauá,ADA,1617763.743,539.288,0.033335
2014,330455705119,Tauá,CV,1617763.743,0.0,0.0
2014,330455705119,Tauá,Milicia,1617763.743,49219.313,3.042429
2014,330455705119,Tauá,TCP,1617763.743,246104.47,15.212634
2014,330455705120,Moneró,ADA,532864.681,0.0,0.0
2014,330455705120,Moneró,CV,532864.681,0.0,0.0
2014,330455705120,Moneró,Milicia,532864.681,0.0,0.0
2014,330455705120,Moneró,TCP,532864.681,0.0,0.0
2014,330455705121,Portuguesa,ADA,1208445.694,0.0,0.0
2014,330455705121,Portuguesa,CV,1208445.694,0.0,0.0
2014,330455705121,Portuguesa,Milicia,1208445.694,0.0,0.0
2014,330455705121,Portuguesa,TCP,1208445.694,189073.847,15.646036
2014,330455705122,Galeão,ADA,18992288.329,0.0,0.0
2014,330455705122,Galeão,CV,18992288.329,341503.063,1.798114
2014,330455705122,Galeão,Milicia,18992288.329,0.0,0.0
2014,330455705122,Galeão,TCP,18992288.329,118171.304,0.622207
2014,330455705123,Cidade Universitária,ADA,4947976.897,0.0,0.0
2014,330455705123,Cidade Universitária,CV,4947976.897,0.0,0.0
2014,330455705123,Cidade Universitária,Milicia,4947976.897,0.0,0.0
2014,330455705123,Cidade Universitária,TCP,4947976.897,0.0,0.0
2014,330455705124,Guadalupe,ADA,3803468.412,0.0,0.0
2014,330455705124,Guadalupe,CV,3803468.412,511054.212,13.436531
2014,330455705124,Guadalupe,Milicia,3803468.412,478186.747,12.572386
2014,330455705124,Guadalupe,TCP,3803468.412,447.12,0.011756
2014,330455705125,Anchieta,ADA,4330770.883,7.788,0.00018
2014,330455705125,Anchieta,CV,4330770.883,1406731.762,32.482249
2014,330455705125,Anchieta,Milicia,4330770.883,925870.092,21.378875
2014,330455705125,Anchieta,TCP,4330770.883,0.0,0.0
2014,330455705126,Parque Anchieta,ADA,3956592.823,0.0,0.0
2014,330455705126,Parque Anchieta,CV,3956592.823,34752.536,0.878345
2014,330455705126,Parque Anchieta,Milicia,3956592.823,318530.798,8.050634
2014,330455705126,Parque Anchieta,TCP,3956592.823,0.0,0.0
2014,330455705127,Ricardo de Albuquerque,ADA,2278207.357,0.0,0.0
2014,330455705127,Ricardo de Albuquerque,CV,2278207.357,372471.778,16.349336
2014,330455705127,Ricardo de Albuquerque,Milicia,2278207.357,0.0,0.0
2014,330455705127,Ricardo de Albuquerque,TCP,2278207.357,0.0,0.0
2014,330455705128,Santa Teresa,ADA,5083505.53,84134.093,1.655041
2014,330455705128,Santa Teresa,CV,5083505.53,227200.117,4.469359
2014,330455705128,Santa Teresa,Milicia,5083505.53,3420.642,0.067289
2014,330455705128,Santa Teresa,TCP,5083505.53,0.0,0.0
2014,330455705129,Joá,ADA,1704745.172,0.0,0.0
2014,330455705129,Joá,CV,1704745.172,0.0,0.0
2014,330455705129,Joá,Milicia,1704745.172,0.0,0.0
2014,330455705129,Joá,TCP,1704745.172,0.0,0.0
2014,330455705130,Itanhangá,ADA,13103660.398,0.0,0.0
2014,330455705130,Itanhangá,CV,13103660.398,122136.766,0.932081
2014,330455705130,Itanhangá,Milicia,13103660.398,797432.964,6.085574
2014,330455705130,Itanhangá,TCP,13103660.398,0.0,0.0
2014,330455705131,Barra da Tijuca,ADA,49110465.087,0.0,0.0
2014,330455705131,Barra da Tijuca,CV,49110465.087,0.0,0.0
2014,330455705131,Barra da Tijuca,Milicia,49110465.087,179171.177,0.364833
2014,330455705131,Barra da Tijuca,TCP,49110465.087,0.0,0.0
2014,330455705132,Camorim,ADA,8382818.669,0.0,0.0
2014,330455705132,Camorim,CV,8382818.669,0.0,0.0
2014,330455705132,Camorim,Milicia,8382818.669,1600431.357,19.091805
2014,330455705132,Camorim,TCP,8382818.669,0.0,0.0
2014,330455705133,Vargem Pequena,ADA,14217990.568,0.0,0.0
2014,330455705133,Vargem Pequena,CV,14217990.568,0.0,0.0
2014,330455705133,Vargem Pequena,Milicia,14217990.568,2737172.408,19.251472
2014,330455705133,Vargem Pequena,TCP,14217990.568,0.0,0.0
2014,330455705134,Vargem Grande,ADA,39432003.265,0.0,0.0
2014,330455705134,Vargem Grande,CV,39432003.265,0.0,0.0
2014,330455705134,Vargem Grande,Milicia,39432003.265,1360914.013,3.451293
2014,330455705134,Vargem Grande,TCP,39432003.265,0.0,0.0
2014,330455705135,Recreio dos Bandeirantes,ADA,31185606.999,0.0,0.0
2014,330455705135,Recreio dos Bandeirantes,CV,31185606.999,0.0,0.0
2014,330455705135,Recreio dos Bandeirantes,Milicia,31185606.999,1307004.268,4.19105
2014,330455705135,Recreio dos Bandeirantes,TCP,31185606.999,0.0,0.0
2014,330455705136,Grumari,ADA,9952429.072,0.0,0.0
2014,330455705136,Grumari,CV,9952429.072,0.0,0.0
2014,330455705136,Grumari,Milicia,9952429.072,0.0,0.0
2014,330455705136,Grumari,TCP,9952429.072,0.0,0.0
2014,330455705137,Coelho Neto,ADA,2502135.272,163297.383,6.526321
2014,330455705137,Coelho Neto,CV,2502135.272,90105.213,3.601133
2014,330455705137,Coelho Neto,Milicia,2502135.272,169730.855,6.78344
2014,330455705137,Coelho Neto,TCP,2502135.272,2176.029,0.086967
2014,330455705138,Acari,ADA,1585077.274,0.0,0.0
2014,330455705138,Acari,CV,1585077.274,0.0,0.0
2014,330455705138,Acari,Milicia,1585077.274,518.242,0.032695
2014,330455705138,Acari,TCP,1585077.274,665407.277,41.979485
2014,330455705139,Barros Filho,ADA,1761486.011,366173.326,20.787751
2014,330455705139,Barros Filho,CV,1761486.011,139394.287,7.913448
2014,330455705139,Barros Filho,Milicia,1761486.011,2.046,0.000116
2014,330455705139,Barros Filho,TCP,1761486.011,0.0,0.0
2014,330455705140,Costa Barros,ADA,1854314.876,479110.83,25.83762
2014,330455705140,Costa Barros,CV,1854314.876,546570.164,29.475585
2014,330455705140,Costa Barros,Milicia,1854314.876,0.0,0.0
2014,330455705140,Costa Barros,TCP,1854314.876,0.0,0.0
2014,330455705141,Pavuna,ADA,8250574.787,922459.187,11.180545
2014,330455705141,Pavuna,CV,8250574.787,1309022.319,15.865832
2014,330455705141,Pavuna,Milicia,8250574.787,852219.425,10.329213
2014,330455705141,Pavuna,TCP,8250574.787,35433.18,0.429463
2014,330455705142,Guaratiba,ADA,135062990.914,157986.888,0.116973
2014,330455705142,Guaratiba,CV,135062990.914,0.0,0.0
2014,330455705142,Guaratiba,Milicia,135062990.914,11866481.493,8.785887
2014,330455705142,Guaratiba,TCP,135062990.914,0.0,0.0
2014,330455705143,Barra de Guaratiba,ADA,9977019.052,0.0,0.0
2014,330455705143,Barra de Guaratiba,CV,9977019.052,0.0,0.0
2014,330455705143,Barra de Guaratiba,Milicia,9977019.052,0.0,0.0
2014,330455705143,Barra de Guaratiba,TCP,9977019.052,0.0,0.0
2014,330455705144,Pedra de Guaratiba,ADA,3641094.955,0.0,0.0
2014,330455705144,Pedra de Guaratiba,CV,3641094.955,0.0,0.0
2014,330455705144,Pedra de Guaratiba,Milicia,3641094.955,783529.169,21.519053
2014,330455705144,Pedra de Guaratiba,TCP,3641094.955,0.0,0.0
2014,330455705145,Higienópolis,ADA,1151794.312,0.0,0.0
2014,330455705145,Higienópolis,CV,1151794.312,11302.359,0.981283
2014,330455705145,Higienópolis,Milicia,1151794.312,45111.267,3.916608
2014,330455705145,Higienópolis,TCP,1151794.312,0.0,0.0
2014,330455705146,Jacaré,ADA,904148.125,0.0,0.0
2014,330455705146,Jacaré,CV,904148.125,31607.566,3.495839
2014,330455705146,Jacaré,Milicia,904148.125,0.0,0.0
2014,330455705146,Jacaré,TCP,904148.125,0.0,0.0
2014,330455705147,Maria da Graça,ADA,874970.376,0.0,0.0
2014,330455705147,Maria da Graça,CV,874970.376,294.941,0.033709
2014,330455705147,Maria da Graça,Milicia,874970.376,0.0,0.0
2014,330455705147,Maria da Graça,TCP,874970.376,0.0,0.0
2014,330455705148,Del Castilho,ADA,1383449.914,0.0,0.0
2014,330455705148,Del Castilho,CV,1383449.914,21055.936,1.521988
2014,330455705148,Del Castilho,Milicia,1383449.914,829759.647,59.97757
2014,330455705148,Del Castilho,TCP,1383449.914,0.0,0.0
2014,330455705149,Inhaúma,ADA,3496464.039,0.0,0.0
2014,330455705149,Inhaúma,CV,3496464.039,196856.402,5.630157
2014,330455705149,Inhaúma,Milicia,3496464.039,988133.013,28.260923
2014,330455705149,Inhaúma,TCP,3496464.039,0.0,0.0
2014,330455705150,Engenho da Rainha,ADA,2257186.131,0.0,0.0
2014,330455705150,Engenho da Rainha,CV,2257186.131,466564.764,20.670194
2014,330455705150,Engenho da Rainha,Milicia,2257186.131,0.0,0.0
2014,330455705150,Engenho da Rainha,TCP,2257186.131,0.0,0.0
2014,330455705151,Tomás Coelho,ADA,1774340.341,181804.384,10.246308
2014,330455705151,Tomás Coelho,CV,1774340.341,117276.537,6.609585
2014,330455705151,Tomás Coelho,Milicia,1774340.341,0.0,0.0
2014,330455705151,Tomás Coelho,TCP,1774340.341,0.0,0.0
2014,330455705152,Saúde,ADA,344572.668,0.0,0.0
2014,330455705152,Saúde,CV,344572.668,0.0,0.0
2014,330455705152,Saúde,Milicia,344572.668,0.0,0.0
2014,330455705152,Saúde,TCP,344572.668,0.0,0.0
2014,330455705153,Paquetá,ADA,1675845.054,163725.228,9.769712
2014,330455705153,Paquetá,CV,1675845.054,24864.53,1.483701
2014,330455705153,Paquetá,Milicia,1675845.054,0.0,0.0
2014,330455705153,Paquetá,TCP,1675845.054,0.0,0.0
2014,330455705154,Parque Columbia,ADA,1519835.366,20488.1,1.348047
2014,330455705154,Parque Columbia,CV,1519835.366,0.0,0.0
2014,330455705154,Parque Columbia,Milicia,1519835.366,18.606,0.001224
2014,330455705154,Parque Columbia,TCP,1519835.366,113570.978,7.472584
2014,330455705155,Jacarezinho,ADA,991554.655,0.0,0.0
2014,330455705155,Jacarezinho,CV,991554.655,524949.655,52.94208
2014,330455705155,Jacarezinho,Milicia,991554.655,0.0,0.0
2014,330455705155,Jacarezinho,TCP,991554.655,0.0,0.0
2014,330455705156,Rocinha,ADA,1460252.789,906579.798,62.083757
2014,330455705156,Rocinha,CV,1460252.789,0.0,0.0
2014,330455705156,Rocinha,Milicia,1460252.789,0.0,0.0
2014,330455705156,Rocinha,TCP,1460252.789,0.0,0.0
2014,330455705157,Complexo do Alemão,ADA,2854606.277,0.0,0.0
2014,330455705157,Complexo do Alemão,CV,2854606.277,1973034.89,69.117584
2014,330455705157,Complexo do Alemão,Milicia,2854606.277,0.0,0.0
2014,330455705157,Complexo do Alemão,TCP,2854606.277,0.0,0.0
2014,330455705158,Maré,ADA,4347749.885,0.0,0.0
2014,330455705158,Maré,CV,4347749.885,952214.684,21.901322
2014,330455705158,Maré,Milicia,4347749.885,850430.101,19.560235
2014,330455705158,Maré,TCP,4347749.885,1237801.578,28.469935
2014,330455705159,Vasco da Gama,ADA,1051322.951,0.0,0.0
2014,330455705159,Vasco da Gama,CV,1051322.951,107375.1,10.213332
2014,330455705159,Vasco da Gama,Milicia,1051322.951,0.0,0.0
2014,330455705159,Vasco da Gama,TCP,1051322.951,0.0,0.0
2014,330455705160,Gericinó,ADA,1903405.18,0.0,0.0
2014,330455705160,Gericinó,CV,1903405.18,61892.983,3.251698
2014,330455705160,Gericinó,Milicia,1903405.18,39180.263,2.05843
2014,330455705160,Gericinó,TCP,1903405.18,0.0,0.0
2015,330455705001,Centro,ADA,5999470.914,0.0,0.0
2015,330455705001,Centro,CV,5999470.914,0.0,0.0
2015,330455705001,Centro,Milicia,5999470.914,241317.809,4.022318
2015,330455705001,Centro,TCP,5999470.914,0.0,0.0
2015,330455705002,Gamboa,ADA,1136868.144,0.0,0.0
2015,330455705002,Gamboa,CV,1136868.144,108806.99,9.570766
2015,330455705002,Gamboa,Milicia,1136868.144,0.0,0.0
2015,330455705002,Gamboa,TCP,1136868.144,0.0,0.0
2015,330455705003,Santo Cristo,ADA,1672344.478,0.0,0.0
2015,330455705003,Santo Cristo,CV,1672344.478,39947.24,2.388697
2015,330455705003,Santo Cristo,Milicia,1672344.478,0.0,0.0
2015,330455705003,Santo Cristo,TCP,1672344.478,0.0,0.0
2015,330455705004,Caju,ADA,5067155.95,198718.263,3.921692
2015,330455705004,Caju,CV,5067155.95,56895.643,1.122832
2015,330455705004,Caju,Milicia,5067155.95,0.0,0.0
2015,330455705004,Caju,TCP,5067155.95,407.009,0.008032
2015,330455705005,Catumbi,ADA,632389.034,147786.3,23.369523
2015,330455705005,Catumbi,CV,632389.034,8.618,0.001363
2015,330455705005,Catumbi,Milicia,632389.034,0.0,0.0
2015,330455705005,Catumbi,TCP,632389.034,0.0,0.0
2015,330455705006,Rio Comprido,ADA,3330278.597,102421.799,3.075472
2015,330455705006,Rio Comprido,CV,3330278.597,367807.978,11.044361
2015,330455705006,Rio Comprido,Milicia,3330278.597,0.0,0.0
2015,330455705006,Rio Comprido,TCP,3330278.597,0.0,0.0
2015,330455705007,Cidade Nova,ADA,936691.34,0.0,0.0
2015,330455705007,Cidade Nova,CV,936691.34,0.187,2e-05
2015,330455705007,Cidade Nova,Milicia,936691.34,0.0,0.0
2015,330455705007,Cidade Nova,TCP,936691.34,0.0,0.0
2015,330455705008,Estácio,ADA,914078.001,158365.603,17.325174
2015,330455705008,Estácio,CV,914078.001,0.0,0.0
2015,330455705008,Estácio,Milicia,914078.001,0.0,0.0
2015,330455705008,Estácio,TCP,914078.001,0.0,0.0
2015,330455705009,Flamengo,ADA,1652155.006,23906.883,1.447012
2015,330455705009,Flamengo,CV,1652155.006,0.0,0.0
2015,330455705009,Flamengo,Milicia,1652155.006,0.0,0.0
2015,330455705009,Flamengo,TCP,1652155.006,0.0,0.0
2015,330455705010,Glória,ADA,1125643.202,0.0,0.0
2015,330455705010,Glória,CV,1125643.202,13.885,0.001234
2015,330455705010,Glória,Milicia,1125643.202,0.0,0.0
2015,330455705010,Glória,TCP,1125643.202,0.0,0.0
2015,330455705011,Laranjeiras,ADA,2488268.891,370.463,0.014888
2015,330455705011,Laranjeiras,CV,2488268.891,72703.449,2.921849
2015,330455705011,Laranjeiras,Milicia,2488268.891,0.0,0.0
2015,330455705011,Laranjeiras,TCP,2488268.891,0.0,0.0
2015,330455705012,Catete,ADA,690904.333,0.0,0.0
2015,330455705012,Catete,CV,690904.333,44946.383,6.505442
2015,330455705012,Catete,Milicia,690904.333,0.0,0.0
2015,330455705012,Catete,TCP,690904.333,0.0,0.0
2015,330455705013,Cosme Velho,ADA,933880.948,0.0,0.0
2015,330455705013,Cosme Velho,CV,933880.948,96808.358,10.366242
2015,330455705013,Cosme Velho,Milicia,933880.948,0.0,0.0
2015,330455705013,Cosme Velho,TCP,933880.948,0.0,0.0
2015,330455705014,Botafogo,ADA,4793518.99,181.399,0.003784
2015,330455705014,Botafogo,CV,4793518.99,108620.422,2.265985
2015,330455705014,Botafogo,Milicia,4793518.99,0.0,0.0
2015,330455705014,Botafogo,TCP,4793518.99,0.0,0.0
2015,330455705015,Urca,ADA,2443671.98,0.0,0.0
2015,330455705015,Urca,CV,2443671.98,0.0,0.0
2015,330455705015,Urca,Milicia,2443671.98,0.0,0.0
2015,330455705015,Urca,TCP,2443671.98,0.0,0.0
2015,330455705016,Humaitá,ADA,1068177.754,0.0,0.0
2015,330455705016,Humaitá,CV,1068177.754,5547.437,0.519337
2015,330455705016,Humaitá,Milicia,1068177.754,0.0,0.0
2015,330455705016,Humaitá,TCP,1068177.754,0.0,0.0
2015,330455705017,Leme,ADA,1017046.998,0.0,0.0
2015,330455705017,Leme,CV,1017046.998,154956.837,15.235956
2015,330455705017,Leme,Milicia,1017046.998,0.0,0.0
2015,330455705017,Leme,TCP,1017046.998,0.0,0.0
2015,330455705018,Copacabana,ADA,4201270.477,0.0,0.0
2015,330455705018,Copacabana,CV,4201270.477,211677.279,5.038411
2015,330455705018,Copacabana,Milicia,4201270.477,0.0,0.0
2015,330455705018,Copacabana,TCP,4201270.477,0.0,0.0
2015,330455705019,Ipanema,ADA,3060078.202,0.0,0.0
2015,330455705019,Ipanema,CV,3060078.202,46130.548,1.507496
2015,330455705019,Ipanema,Milicia,3060078.202,0.0,0.0
2015,330455705019,Ipanema,TCP,3060078.202,0.0,0.0
2015,330455705020,Leblon,ADA,2118156.856,11750.6,0.554756
2015,330455705020,Leblon,CV,2118156.856,0.0,0.0
2015,330455705020,Leblon,Milicia,2118156.856,0.0,0.0
2015,330455705020,Leblon,TCP,2118156.856,0.0,0.0
2015,330455705021,Lagoa,ADA,5193577.874,5.53,0.000106
2015,330455705021,Lagoa,CV,5193577.874,845.013,0.01627
2015,330455705021,Lagoa,Milicia,5193577.874,0.0,0.0
2015,330455705021,Lagoa,TCP,5193577.874,0.0,0.0
2015,330455705022,Jardim Botânico,ADA,2817694.6,0.0,0.0
2015,330455705022,Jardim Botânico,CV,2817694.6,0.0,0.0
2015,330455705022,Jardim Botânico,Milicia,2817694.6,0.0,0.0
2015,330455705022,Jardim Botânico,TCP,2817694.6,0.0,0.0
2015,330455705023,Gávea,ADA,2733785.645,31232.71,1.142471
2015,330455705023,Gávea,CV,2733785.645,0.0,0.0
2015,330455705023,Gávea,Milicia,2733785.645,0.0,0.0
2015,330455705023,Gávea,TCP,2733785.645,0.0,0.0
2015,330455705024,Vidigal,ADA,1781818.869,248487.879,13.945743
2015,330455705024,Vidigal,CV,1781818.869,0.0,0.0
2015,330455705024,Vidigal,Milicia,1781818.869,0.0,0.0
2015,330455705024,Vidigal,TCP,1781818.869,0.0,0.0
2015,330455705025,São Conrado,ADA,6668231.159,39173.886,0.58747
2015,330455705025,São Conrado,CV,6668231.159,0.0,0.0
2015,330455705025,São Conrado,Milicia,6668231.159,0.0,0.0
2015,330455705025,São Conrado,TCP,6668231.159,0.0,0.0
2015,330455705026,São Cristóvão,ADA,3794648.396,0.0,0.0
2015,330455705026,São Cristóvão,CV,3794648.396,83004.201,2.187402
2015,330455705026,São Cristóvão,Milicia,3794648.396,0.0,0.0
2015,330455705026,São Cristóvão,TCP,3794648.396,17826.627,0.469783
2015,330455705027,Mangueira,ADA,965517.733,0.0,0.0
2015,330455705027,Mangueira,CV,965517.733,356391.699,36.911979
2015,330455705027,Mangueira,Milicia,965517.733,0.0,0.0
2015,330455705027,Mangueira,TCP,965517.733,0.0,0.0
2015,330455705028,Benfica,ADA,1803020.832,1136.645,0.063041
2015,330455705028,Benfica,CV,1803020.832,153957.94,8.538889
2015,330455705028,Benfica,Milicia,1803020.832,26264.679,1.456704
2015,330455705028,Benfica,TCP,1803020.832,4753.938,0.263665
2015,330455705029,Praça da Bandeira,ADA,759082.679,0.0,0.0
2015,330455705029,Praça da Bandeira,CV,759082.679,0.0,0.0
2015,330455705029,Praça da Bandeira,Milicia,759082.679,0.0,0.0
2015,330455705029,Praça da Bandeira,TCP,759082.679,0.0,0.0
2015,330455705030,Tijuca,ADA,9943019.197,19227.095,0.193373
2015,330455705030,Tijuca,CV,9943019.197,761805.774,7.661715
2015,330455705030,Tijuca,Milicia,9943019.197,0.0,0.0
2015,330455705030,Tijuca,TCP,9943019.197,85166.149,0.856542
2015,330455705031,Alto da Boa Vista,ADA,31327174.846,0.0,0.0
2015,330455705031,Alto da Boa Vista,CV,31327174.846,214619.037,0.685089
2015,330455705031,Alto da Boa Vista,Milicia,31327174.846,2479.521,0.007915
2015,330455705031,Alto da Boa Vista,TCP,31327174.846,0.0,0.0
2015,330455705032,Maracanã,ADA,1618236.441,0.0,0.0
2015,330455705032,Maracanã,CV,1618236.441,6310.973,0.389991
2015,330455705032,Maracanã,Milicia,1618236.441,0.0,0.0
2015,330455705032,Maracanã,TCP,1618236.441,0.0,0.0
2015,330455705033,Vila Isabel,ADA,3335039.051,271270.393,8.13395
2015,330455705033,Vila Isabel,CV,3335039.051,0.0,0.0
2015,330455705033,Vila Isabel,Milicia,3335039.051,0.0,0.0
2015,330455705033,Vila Isabel,TCP,3335039.051,0.0,0.0
2015,330455705034,Andaraí,ADA,2288826.412,0.0,0.0
2015,330455705034,Andaraí,CV,2288826.412,313983.204,13.718087
2015,330455705034,Andaraí,Milicia,2288826.412,0.0,0.0
2015,330455705034,Andaraí,TCP,2288826.412,0.0,0.0
2015,330455705035,Grajaú,ADA,5666000.278,0.0,0.0
2015,330455705035,Grajaú,CV,5666000.278,262375.008,4.630692
2015,330455705035,Grajaú,Milicia,5666000.278,0.0,0.0
2015,330455705035,Grajaú,TCP,5666000.278,0.0,0.0
2015,330455705036,Manguinhos,ADA,2904792.726,0.0,0.0
2015,330455705036,Manguinhos,CV,2904792.726,376244.55,12.952544
2015,330455705036,Manguinhos,Milicia,2904792.726,65755.991,2.263707
2015,330455705036,Manguinhos,TCP,2904792.726,157.452,0.00542
2015,330455705037,Bonsucesso,ADA,2246914.385,0.0,0.0
2015,330455705037,Bonsucesso,CV,2246914.385,40041.623,1.782072
2015,330455705037,Bonsucesso,Milicia,2246914.385,0.0,0.0
2015,330455705037,Bonsucesso,TCP,2246914.385,226.526,0.010082
2015,330455705038,Ramos,ADA,2803461.571,0.0,0.0
2015,330455705038,Ramos,CV,2803461.571,168826.137,6.02206
2015,330455705038,Ramos,Milicia,2803461.571,1131188.673,40.349712
2015,330455705038,Ramos,TCP,2803461.571,0.0,0.0
2015,330455705039,Olaria,ADA,3777725.993,0.0,0.0
2015,330455705039,Olaria,CV,3777725.993,770200.103,20.387929
2015,330455705039,Olaria,Milicia,3777725.993,226215.576,5.988141
2015,330455705039,Olaria,TCP,3777725.993,0.0,0.0
2015,330455705040,Penha,ADA,5667327.123,0.0,0.0
2015,330455705040,Penha,CV,5667327.123,981303.581,17.315104
2015,330455705040,Penha,Milicia,5667327.123,17773.968,0.313622
2015,330455705040,Penha,TCP,5667327.123,0.0,0.0
2015,330455705041,Penha Circular,ADA,4750762.719,0.0,0.0
2015,330455705041,Penha Circular,CV,4750762.719,388229.991,8.171951
2015,330455705041,Penha Circular,Milicia,4750762.719,89679.943,1.887696
2015,330455705041,Penha Circular,TCP,4750762.719,0.0,0.0
2015,330455705042,Brás de Pina,ADA,3512571.928,0.0,0.0
2015,330455705042,Brás de Pina,CV,3512571.928,163522.551,4.655351
2015,330455705042,Brás de Pina,Milicia,3512571.928,1149895.349,32.736564
2015,330455705042,Brás de Pina,TCP,3512571.928,11254.778,0.320414
2015,330455705043,Cordovil,ADA,3753939.247,0.0,0.0
2015,330455705043,Cordovil,CV,3753939.247,326675.008,8.702192
2015,330455705043,Cordovil,Milicia,3753939.247,242059.031,6.448134
2015,330455705043,Cordovil,TCP,3753939.247,0.0,0.0
2015,330455705044,Parada de Lucas,ADA,2297621.975,0.0,0.0
2015,330455705044,Parada de Lucas,CV,2297621.975,7297.798,0.317624
2015,330455705044,Parada de Lucas,Milicia,2297621.975,241849.834,10.526093
2015,330455705044,Parada de Lucas,TCP,2297621.975,259072.176,11.275666
2015,330455705045,Vigário Geral,ADA,3417305.816,0.0,0.0
2015,330455705045,Vigário Geral,CV,3417305.816,321721.571,9.41448
2015,330455705045,Vigário Geral,Milicia,3417305.816,3454.342,0.101084
2015,330455705045,Vigário Geral,TCP,3417305.816,161716.907,4.732293
2015,330455705046,Jardim América,ADA,1948170.717,0.0,0.0
2015,330455705046,Jardim América,CV,1948170.717,209897.526,10.774083
2015,330455705046,Jardim América,Milicia,1948170.717,0.0,0.0
2015,330455705046,Jardim América,TCP,1948170.717,0.0,0.0
2015,330455705047,São Francisco Xavier,ADA,665866.707,0.0,0.0
2015,330455705047,São Francisco Xavier,CV,665866.707,8657.787,1.300228
2015,330455705047,São Francisco Xavier,Milicia,665866.707,0.0,0.0
2015,330455705047,São Francisco Xavier,TCP,665866.707,0.0,0.0
2015,330455705048,Rocha,ADA,1195663.72,0.0,0.0
2015,330455705048,Rocha,CV,1195663.72,0.0,0.0
2015,330455705048,Rocha,Milicia,1195663.72,0.0,0.0
2015,330455705048,Rocha,TCP,1195663.72,0.0,0.0
2015,330455705049,Riachuelo,ADA,1007501.654,0.0,0.0
2015,330455705049,Riachuelo,CV,1007501.654,0.0,0.0
2015,330455705049,Riachuelo,Milicia,1007501.654,0.0,0.0
2015,330455705049,Riachuelo,TCP,1007501.654,0.0,0.0
2015,330455705050,Sampaio,ADA,834065.511,0.0,0.0
2015,330455705050,Sampaio,CV,834065.511,29032.545,3.480847
2015,330455705050,Sampaio,Milicia,834065.511,0.0,0.0
2015,330455705050,Sampaio,TCP,834065.511,0.0,0.0
2015,330455705051,Engenho Novo,ADA,2670486.436,1106.168,0.041422
2015,330455705051,Engenho Novo,CV,2670486.436,481401.56,18.026737
2015,330455705051,Engenho Novo,Milicia,2670486.436,872.648,0.032677
2015,330455705051,Engenho Novo,TCP,2670486.436,0.0,0.0
2015,330455705052,Lins de Vasconcelos,ADA,2795375.736,0.0,0.0
2015,330455705052,Lins de Vasconcelos,CV,2795375.736,746385.727,26.70073
2015,330455705052,Lins de Vasconcelos,Milicia,2795375.736,23.905,0.000855
2015,330455705052,Lins de Vasconcelos,TCP,2795375.736,0.0,0.0
2015,330455705053,Méier,ADA,2365369.616,0.0,0.0
2015,330455705053,Méier,CV,2365369.616,83586.886,3.533777
2015,330455705053,Méier,Milicia,2365369.616,138528.331,5.856519
2015,330455705053,Méier,TCP,2365369.616,0.0,0.0
2015,330455705054,Todos os Santos,ADA,1096583.584,0.0,0.0
2015,330455705054,Todos os Santos,CV,1096583.584,0.024,2e-06
2015,330455705054,Todos os Santos,Milicia,1096583.584,51434.601,4.690441
2015,330455705054,Todos os Santos,TCP,1096583.584,0.0,0.0
2015,330455705055,Cachambi,ADA,2184248.384,0.0,0.0
2015,330455705055,Cachambi,CV,2184248.384,24161.522,1.106171
2015,330455705055,Cachambi,Milicia,2184248.384,381316.2,17.457548
2015,330455705055,Cachambi,TCP,2184248.384,0.0,0.0
2015,330455705056,Engenho de Dentro,ADA,3860558.733,0.0,0.0
2015,330455705056,Engenho de Dentro,CV,3860558.733,372604.023,9.651557
2015,330455705056,Engenho de Dentro,Milicia,3860558.733,570057.858,14.766201
2015,330455705056,Engenho de Dentro,TCP,3860558.733,0.0,0.0
2015,330455705057,Água Santa,ADA,2443119.047,0.0,0.0
2015,330455705057,Água Santa,CV,2443119.047,8827.196,0.361308
2015,330455705057,Água Santa,Milicia,2443119.047,69490.576,2.844339
2015,330455705057,Água Santa,TCP,2443119.047,0.0,0.0
2015,330455705058,Encantado,ADA,1017956.092,0.0,0.0
2015,330455705058,Encantado,CV,1017956.092,5034.295,0.494549
2015,330455705058,Encantado,Milicia,1017956.092,604512.134,59.384893
2015,330455705058,Encantado,TCP,1017956.092,0.0,0.0
2015,330455705059,Piedade,ADA,3975814.299,122936.776,3.092116
2015,330455705059,Piedade,CV,3975814.299,0.0,0.0
2015,330455705059,Piedade,Milicia,3975814.299,1030638.834,25.922711
2015,330455705059,Piedade,TCP,3975814.299,0.0,0.0
2015,330455705060,Abolição,ADA,681919.203,119.689,0.017552
2015,330455705060,Abolição,CV,681919.203,0.0,0.0
2015,330455705060,Abolição,Milicia,681919.203,87124.047,12.776301
2015,330455705060,Abolição,TCP,681919.203,0.0,0.0
2015,330455705061,Pilares,ADA,1736724.672,115844.411,6.670281
2015,330455705061,Pilares,CV,1736724.672,197072.638,11.347374
2015,330455705061,Pilares,Milicia,1736724.672,424549.002,24.445383
2015,330455705061,Pilares,TCP,1736724.672,0.0,0.0
2015,330455705062,Vila Kosmos,ADA,1459829.177,0.0,0.0
2015,330455705062,Vila Kosmos,CV,1459829.177,183403.531,12.563356
2015,330455705062,Vila Kosmos,Milicia,1459829.177,199028.106,13.633657
2015,330455705062,Vila Kosmos,TCP,1459829.177,0.0,0.0
2015,330455705063,Vicente de Carvalho,ADA,1861712.205,332640.138,17.867431
2015,330455705063,Vicente de Carvalho,CV,1861712.205,230320.5,12.371434
2015,330455705063,Vicente de Carvalho,Milicia,1861712.205,0.0,0.0
2015,330455705063,Vicente de Carvalho,TCP,1861712.205,135.146,0.007259
2015,330455705064,Vila da Penha,ADA,1459935.08,0.0,0.0
2015,330455705064,Vila da Penha,CV,1459935.08,0.0,0.0
2015,330455705064,Vila da Penha,Milicia,1459935.08,946.811,0.064853
2015,330455705064,Vila da Penha,TCP,1459935.08,0.0,0.0
2015,330455705065,Vista Alegre,ADA,543631.474,0.0,0.0
2015,330455705065,Vista Alegre,CV,543631.474,670.515,0.12334
2015,330455705065,Vista Alegre,Milicia,543631.474,0.0,0.0
2015,330455705065,Vista Alegre,TCP,543631.474,0.0,0.0
2015,330455705066,Irajá,ADA,7756434.911,45.121,0.000582
2015,330455705066,Irajá,CV,7756434.911,151035.744,1.947232
2015,330455705066,Irajá,Milicia,7756434.911,360394.459,4.646393
2015,330455705066,Irajá,TCP,7756434.911,275623.863,3.553486
2015,330455705067,Colégio,ADA,1977696.341,253962.888,12.841349
2015,330455705067,Colégio,CV,1977696.341,45498.33,2.300572
2015,330455705067,Colégio,Milicia,1977696.341,0.0,0.0
2015,330455705067,Colégio,TCP,1977696.341,49496.949,2.502758
2015,330455705068,Campinho,ADA,818895.95,0.0,0.0
2015,330455705068,Campinho,CV,818895.95,0.0,0.0
2015,330455705068,Campinho,Milicia,818895.95,532720.639,65.05352
2015,330455705068,Campinho,TCP,818895.95,0.0,0.0
2015,330455705069,Quintino Bocaiúva,ADA,4327748.625,79369.556,1.833969
2015,330455705069,Quintino Bocaiúva,CV,4327748.625,0.0,0.0
2015,330455705069,Quintino Bocaiúva,Milicia,4327748.625,1689867.471,39.047265
2015,330455705069,Quintino Bocaiúva,TCP,4327748.625,0.0,0.0
2015,330455705070,Cavalcanti,ADA,1841740.248,149390.686,8.111387
2015,330455705070,Cavalcanti,CV,1841740.248,0.0,0.0
2015,330455705070,Cavalcanti,Milicia,1841740.248,160404.216,8.709383
2015,330455705070,Cavalcanti,TCP,1841740.248,986.873,0.053584
2015,330455705071,Engenheiro Leal,ADA,666173.029,0.0,0.0
2015,330455705071,Engenheiro Leal,CV,666173.029,0.0,0.0
2015,330455705071,Engenheiro Leal,Milicia,666173.029,0.0,0.0
2015,330455705071,Engenheiro Leal,TCP,666173.029,69849.801,10.485234
2015,330455705072,Cascadura,ADA,3007879.708,0.0,0.0
2015,330455705072,Cascadura,CV,3007879.708,2564.621,0.085263
2015,330455705072,Cascadura,Milicia,3007879.708,1978189.234,65.7669
2015,330455705072,Cascadura,TCP,3007879.708,0.0,0.0
2015,330455705073,Madureira,ADA,3784149.277,0.0,0.0
2015,330455705073,Madureira,CV,3784149.277,219332.656,5.796089
2015,330455705073,Madureira,Milicia,3784149.277,1114143.192,29.442369
2015,330455705073,Madureira,TCP,3784149.277,362395.85,9.57668
2015,330455705074,Vaz Lobo,ADA,1053976.763,0.0,0.0
2015,330455705074,Vaz Lobo,CV,1053976.763,20201.915,1.916733
2015,330455705074,Vaz Lobo,Milicia,1053976.763,0.0,0.0
2015,330455705074,Vaz Lobo,TCP,1053976.763,111474.327,10.576545
2015,330455705075,Turiaçu,ADA,1312987.215,0.0,0.0
2015,330455705075,Turiaçu,CV,1312987.215,303726.153,23.132453
2015,330455705075,Turiaçu,Milicia,1312987.215,1663.177,0.126671
2015,330455705075,Turiaçu,TCP,1312987.215,0.0,0.0
2015,330455705076,Rocha Miranda,ADA,2931197.068,0.0,0.0
2015,330455705076,Rocha Miranda,CV,2931197.068,579902.514,19.783812
2015,330455705076,Rocha Miranda,Milicia,2931197.068,0.0,0.0
2015,330455705076,Rocha Miranda,TCP,2931197.068,0.0,0.0
2015,330455705077,Honório Gurgel,ADA,1291655.929,0.0,0.0
2015,330455705077,Honório Gurgel,CV,1291655.929,138373.682,10.71289
2015,330455705077,Honório Gurgel,Milicia,1291655.929,0.824,6.4e-05
2015,330455705077,Honório Gurgel,TCP,1291655.929,0.0,0.0
2015,330455705078,Oswaldo Cruz,ADA,2109374.788,0.0,0.0
2015,330455705078,Oswaldo Cruz,CV,2109374.788,6228.193,0.295263
2015,330455705078,Oswaldo Cruz,Milicia,2109374.788,122036.913,5.785454
2015,330455705078,Oswaldo Cruz,TCP,2109374.788,0.0,0.0
2015,330455705079,Bento Ribeiro,ADA,3148947.915,0.0,0.0
2015,330455705079,Bento Ribeiro,CV,3148947.915,8335.575,0.26471
2015,330455705079,Bento Ribeiro,Milicia,3148947.915,28303.593,0.898827
2015,330455705079,Bento Ribeiro,TCP,3148947.915,0.0,0.0
2015,330455705080,Marechal Hermes,ADA,3842053.359,0.0,0.0
2015,330455705080,Marechal Hermes,CV,3842053.359,249998.263,6.506892
2015,330455705080,Marechal Hermes,Milicia,3842053.359,116073.835,3.021141
2015,330455705080,Marechal Hermes,TCP,3842053.359,168.517,0.004386
2015,330455705081,Jacarepaguá,ADA,74749389.951,0.0,0.0
2015,330455705081,Jacarepaguá,CV,74749389.951,168960.468,0.226036
2015,330455705081,Jacarepaguá,Milicia,74749389.951,9780002.247,13.083722
2015,330455705081,Jacarepaguá,TCP,74749389.951,0.0,0.0
2015,330455705082,Anil,ADA,3773328.725,0.0,0.0
2015,330455705082,Anil,CV,3773328.725,14291.005,0.378737
2015,330455705082,Anil,Milicia,3773328.725,853876.354,22.62926
2015,330455705082,Anil,TCP,3773328.725,0.0,0.0
2015,330455705083,Gardênia Azul,ADA,949103.226,0.0,0.0
2015,330455705083,Gardênia Azul,CV,949103.226,111.158,0.011712
2015,330455705083,Gardênia Azul,Milicia,949103.226,772428.388,81.385077
2015,330455705083,Gardênia Azul,TCP,949103.226,0.0,0.0
2015,330455705084,Cidade de Deus,ADA,1390931.874,0.0,0.0
2015,330455705084,Cidade de Deus,CV,1390931.874,969221.081,69.68142
2015,330455705084,Cidade de Deus,Milicia,1390931.874,3724.898,0.267799
2015,330455705084,Cidade de Deus,TCP,1390931.874,0.0,0.0
2015,330455705085,Curicica,ADA,3339007.728,0.0,0.0
2015,330455705085,Curicica,CV,3339007.728,0.0,0.0
2015,330455705085,Curicica,Milicia,3339007.728,800585.409,23.976746
2015,330455705085,Curicica,TCP,3339007.728,0.0,0.0
2015,330455705086,Freguesia (Jacarepaguá),ADA,10108021.173,0.0,0.0
2015,330455705086,Freguesia (Jacarepaguá),CV,10108021.173,292862.196,2.897325
2015,330455705086,Freguesia (Jacarepaguá),Milicia,10108021.173,286652.328,2.83589
2015,330455705086,Freguesia (Jacarepaguá),TCP,10108021.173,0.0,0.0
2015,330455705087,Pechincha,ADA,3127046.955,0.0,0.0
2015,330455705087,Pechincha,CV,3127046.955,0.0,0.0
2015,330455705087,Pechincha,Milicia,3127046.955,145018.193,4.637544
2015,330455705087,Pechincha,TCP,3127046.955,0.0,0.0
2015,330455705088,Taquara,ADA,13409639.819,0.0,0.0
2015,330455705088,Taquara,CV,13409639.819,73647.371,0.549212
2015,330455705088,Taquara,Milicia,13409639.819,4965153.441,37.026747
2015,330455705088,Taquara,TCP,13409639.819,0.0,0.0
2015,330455705089,Tanque,ADA,5758334.63,0.0,0.0
2015,330455705089,Tanque,CV,5758334.63,253.375,0.0044
2015,330455705089,Tanque,Milicia,5758334.63,1782122.862,30.948581
2015,330455705089,Tanque,TCP,5758334.63,0.0,0.0
2015,330455705090,Praça Seca,ADA,6556015.532,0.0,0.0
2015,330455705090,Praça Seca,CV,6556015.532,0.0,0.0
2015,330455705090,Praça Seca,Milicia,6556015.532,3734827.473,56.967947
2015,330455705090,Praça Seca,TCP,6556015.532,0.0,0.0
2015,330455705091,Vila Valqueire,ADA,4013527.509,0.0,0.0
2015,330455705091,Vila Valqueire,CV,4013527.509,0.0,0.0
2015,330455705091,Vila Valqueire,Milicia,4013527.509,625594.559,15.58715
2015,330455705091,Vila Valqueire,TCP,4013527.509,0.0,0.0
2015,330455705092,Deodoro,ADA,4683193.264,0.0,0.0
2015,330455705092,Deodoro,CV,4683193.264,45110.211,0.963236
2015,330455705092,Deodoro,Milicia,4683193.264,482023.727,10.292629
2015,330455705092,Deodoro,TCP,4683193.264,253405.522,5.410956
2015,330455705093,Vila Militar,ADA,10520035.885,0.0,0.0
2015,330455705093,Vila Militar,CV,10520035.885,0.0,0.0
2015,330455705093,Vila Militar,Milicia,10520035.885,393309.756,3.738673
2015,330455705093,Vila Militar,TCP,10520035.885,0.0,0.0
2015,330455705094,Campo dos Afonsos,ADA,3173081.541,0.0,0.0
2015,330455705094,Campo dos Afonsos,CV,3173081.541,0.0,0.0
2015,330455705094,Campo dos Afonsos,Milicia,3173081.541,0.0,0.0
2015,330455705094,Campo dos Afonsos,TCP,3173081.541,0.0,0.0
2015,330455705095,Jardim Sulacap,ADA,7838000.908,0.0,0.0
2015,330455705095,Jardim Sulacap,CV,7838000.908,0.0,0.0
2015,330455705095,Jardim Sulacap,Milicia,7838000.908,20616.104,0.263028
2015,330455705095,Jardim Sulacap,TCP,7838000.908,0.0,0.0
2015,330455705096,Magalhães Bastos,ADA,2054160.612,87299.092,4.249867
2015,330455705096,Magalhães Bastos,CV,2054160.612,0.0,0.0
2015,330455705096,Magalhães Bastos,Milicia,2054160.612,388382.439,18.907112
2015,330455705096,Magalhães Bastos,TCP,2054160.612,0.0,0.0
2015,330455705097,Realengo,ADA,25902981.11,590099.515,2.278114
2015,330455705097,Realengo,CV,25902981.11,27699.798,0.106937
2015,330455705097,Realengo,Milicia,25902981.11,4249786.867,16.406555
2015,330455705097,Realengo,TCP,25902981.11,93531.236,0.361083
2015,330455705098,Padre Miguel,ADA,4845945.365,1044355.155,21.551113
2015,330455705098,Padre Miguel,CV,4845945.365,21766.829,0.449176
2015,330455705098,Padre Miguel,Milicia,4845945.365,338540.333,6.986053
2015,330455705098,Padre Miguel,TCP,4845945.365,0.0,0.0
2015,330455705099,Bangu,ADA,37830395.943,1373305.752,3.630165
2015,330455705099,Bangu,CV,37830395.943,2195503.228,5.803543
2015,330455705099,Bangu,Milicia,37830395.943,3167783.468,8.373646
2015,330455705099,Bangu,TCP,37830395.943,1351775.283,3.573252
2015,330455705100,Senador Camará,ADA,17294389.899,0.0,0.0
2015,330455705100,Senador Camará,CV,17294389.899,227107.768,1.313188
2015,330455705100,Senador Camará,Milicia,17294389.899,1287.138,0.007443
2015,330455705100,Senador Camará,TCP,17294389.899,2478968.849,14.333948
2015,330455705101,Santíssimo,ADA,8471414.284,0.0,0.0
2015,330455705101,Santíssimo,CV,8471414.284,0.0,0.0
2015,330455705101,Santíssimo,Milicia,8471414.284,1245122.805,14.697933
2015,330455705101,Santíssimo,TCP,8471414.284,335596.429,3.961516
2015,330455705102,Campo Grande,ADA,104874675.28,0.0,0.0
2015,330455705102,Campo Grande,CV,104874675.28,4205.162,0.00401
2015,330455705102,Campo Grande,Milicia,104874675.28,24238466.304,23.111839
2015,330455705102,Campo Grande,TCP,104874675.28,0.0,0.0
2015,330455705103,Senador Vasconcelos,ADA,6282463.302,0.0,0.0
2015,330455705103,Senador Vasconcelos,CV,6282463.302,0.0,0.0
2015,330455705103,Senador Vasconcelos,Milicia,6282463.302,1201139.069,19.118919
2015,330455705103,Senador Vasconcelos,TCP,6282463.302,0.0,0.0
2015,330455705104,Inhoaíba,ADA,8246887.204,0.0,0.0
2015,330455705104,Inhoaíba,CV,8246887.204,231.804,0.002811
2015,330455705104,Inhoaíba,Milicia,8246887.204,3486997.864,42.282594
2015,330455705104,Inhoaíba,TCP,8246887.204,0.0,0.0
2015,330455705105,Cosmos,ADA,11341801.939,0.0,0.0
2015,330455705105,Cosmos,CV,11341801.939,0.0,0.0
2015,330455705105,Cosmos,Milicia,11341801.939,5328621.582,46.982143
2015,330455705105,Cosmos,TCP,11341801.939,0.0,0.0
2015,330455705106,Paciência,ADA,26711558.485,0.0,0.0
2015,330455705106,Paciência,CV,26711558.485,363748.436,1.361764
2015,330455705106,Paciência,Milicia,26711558.485,8446035.599,31.619404
2015,330455705106,Paciência,TCP,26711558.485,0.0,0.0
2015,330455705107,Santa Cruz,ADA,123060884.941,0.0,0.0
2015,330455705107,Santa Cruz,CV,123060884.941,2490006.716,2.023394
2015,330455705107,Santa Cruz,Milicia,123060884.941,15857121.783,12.885591
2015,330455705107,Santa Cruz,TCP,123060884.941,216910.412,0.176263
2015,330455705108,Sepetiba,ADA,11867945.594,0.0,0.0
2015,330455705108,Sepetiba,CV,11867945.594,28187.346,0.237508
2015,330455705108,Sepetiba,Milicia,11867945.594,6368922.422,53.664911
2015,330455705108,Sepetiba,TCP,11867945.594,0.0,0.0
2015,330455705109,Ribeira,ADA,873943.13,0.0,0.0
2015,330455705109,Ribeira,CV,873943.13,0.0,0.0
2015,330455705109,Ribeira,Milicia,873943.13,0.0,0.0
2015,330455705109,Ribeira,TCP,873943.13,0.0,0.0
2015,330455705110,Zumbi,ADA,182858.391,0.0,0.0
2015,330455705110,Zumbi,CV,182858.391,0.0,0.0
2015,330455705110,Zumbi,Milicia,182858.391,0.0,0.0
2015,330455705110,Zumbi,TCP,182858.391,0.0,0.0
2015,330455705111,Cacuia,ADA,2145636.701,0.0,0.0
2015,330455705111,Cacuia,CV,2145636.701,0.0,0.0
2015,330455705111,Cacuia,Milicia,2145636.701,81029.907,3.776497
2015,330455705111,Cacuia,TCP,2145636.701,0.014,1e-06
2015,330455705112,Pitangueiras,ADA,619268.101,0.0,0.0
2015,330455705112,Pitangueiras,CV,619268.101,0.0,0.0
2015,330455705112,Pitangueiras,Milicia,619268.101,113639.068,18.350544
2015,330455705112,Pitangueiras,TCP,619268.101,0.0,0.0
2015,330455705113,Praia da Bandeira,ADA,332647.93,0.0,0.0
2015,330455705113,Praia da Bandeira,CV,332647.93,0.0,0.0
2015,330455705113,Praia da Bandeira,Milicia,332647.93,0.0,0.0
2015,330455705113,Praia da Bandeira,TCP,332647.93,0.0,0.0
2015,330455705114,Cocotá,ADA,579176.523,0.0,0.0
2015,330455705114,Cocotá,CV,579176.523,0.0,0.0
2015,330455705114,Cocotá,Milicia,579176.523,0.0,0.0
2015,330455705114,Cocotá,TCP,579176.523,729.966,0.126035
2015,330455705115,Bancários,ADA,1020691.23,57075.198,5.591818
2015,330455705115,Bancários,CV,1020691.23,0.0,0.0
2015,330455705115,Bancários,Milicia,1020691.23,227.211,0.022261
2015,330455705115,Bancários,TCP,1020691.23,91996.693,9.013176
2015,330455705116,Freguesia (Ilha do Governador),ADA,4109015.707,0.0,0.0
2015,330455705116,Freguesia (Ilha do Governador),CV,4109015.707,0.0,0.0
2015,330455705116,Freguesia (Ilha do Governador),Milicia,4109015.707,0.0,0.0
2015,330455705116,Freguesia (Ilha do Governador),TCP,4109015.707,161353.678,3.926821
2015,330455705117,Jardim Guanabara,ADA,3207591.058,0.0,0.0
2015,330455705117,Jardim Guanabara,CV,3207591.058,0.0,0.0
2015,330455705117,Jardim Guanabara,Milicia,3207591.058,0.0,0.0
2015,330455705117,Jardim Guanabara,TCP,3207591.058,13300.394,0.414654
2015,330455705118,Jardim Carioca,ADA,1569958.828,0.0,0.0
2015,330455705118,Jardim Carioca,CV,1569958.828,0.0,0.0
2015,330455705118,Jardim Carioca,Milicia,1569958.828,0.0,0.0
2015,330455705118,Jardim Carioca,TCP,1569958.828,125714.505,8.007503
2015,330455705119,Tauá,ADA,1617763.743,539.288,0.033335
2015,330455705119,Tauá,CV,1617763.743,0.0,0.0
2015,330455705119,Tauá,Milicia,1617763.743,49219.313,3.042429
2015,330455705119,Tauá,TCP,1617763.743,246104.47,15.212634
2015,330455705120,Moneró,ADA,532864.681,0.0,0.0
2015,330455705120,Moneró,CV,532864.681,0.0,0.0
2015,330455705120,Moneró,Milicia,532864.681,0.0,0.0
2015,330455705120,Moneró,TCP,532864.681,0.0,0.0
2015,330455705121,Portuguesa,ADA,1208445.694,0.0,0.0
2015,330455705121,Portuguesa,CV,1208445.694,0.0,0.0
2015,330455705121,Portuguesa,Milicia,1208445.694,0.0,0.0
2015,330455705121,Portuguesa,TCP,1208445.694,189073.847,15.646036
2015,330455705122,Galeão,ADA,18992288.329,0.0,0.0
2015,330455705122,Galeão,CV,18992288.329,341503.063,1.798114
2015,330455705122,Galeão,Milicia,18992288.329,0.0,0.0
2015,330455705122,Galeão,TCP,18992288.329,118171.304,0.622207
2015,330455705123,Cidade Universitária,ADA,4947976.897,0.0,0.0
2015,330455705123,Cidade Universitária,CV,4947976.897,0.0,0.0
2015,330455705123,Cidade Universitária,Milicia,4947976.897,0.0,0.0
2015,330455705123,Cidade Universitária,TCP,4947976.897,0.0,0.0
2015,330455705124,Guadalupe,ADA,3803468.412,0.0,0.0
2015,330455705124,Guadalupe,CV,3803468.412,511054.212,13.436531
2015,330455705124,Guadalupe,Milicia,3803468.412,158490.877,4.167009
2015,330455705124,Guadalupe,TCP,3803468.412,447.12,0.011756
2015,330455705125,Anchieta,ADA,4330770.883,7.788,0.00018
2015,330455705125,Anchieta,CV,4330770.883,1588857.343,36.687633
2015,330455705125,Anchieta,Milicia,4330770.883,544489.507,12.572577
2015,330455705125,Anchieta,TCP,4330770.883,0.0,0.0
2015,330455705126,Parque Anchieta,ADA,3956592.823,0.0,0.0
2015,330455705126,Parque Anchieta,CV,3956592.823,34788.031,0.879242
2015,330455705126,Parque Anchieta,Milicia,3956592.823,0.013,0.0
2015,330455705126,Parque Anchieta,TCP,3956592.823,0.0,0.0
2015,330455705127,Ricardo de Albuquerque,ADA,2278207.357,0.0,0.0
2015,330455705127,Ricardo de Albuquerque,CV,2278207.357,372471.778,16.349336
2015,330455705127,Ricardo de Albuquerque,Milicia,2278207.357,1.984,8.7e-05
2015,330455705127,Ricardo de Albuquerque,TCP,2278207.357,0.0,0.0
2015,330455705128,Santa Teresa,ADA,5083505.53,84134.093,1.655041
2015,330455705128,Santa Teresa,CV,5083505.53,227200.117,4.469359
2015,330455705128,Santa Teresa,Milicia,5083505.53,3420.642,0.067289
2015,330455705128,Santa Teresa,TCP,5083505.53,0.0,0.0
2015,330455705129,Joá,ADA,1704745.172,0.0,0.0
2015,330455705129,Joá,CV,1704745.172,0.0,0.0
2015,330455705129,Joá,Milicia,1704745.172,0.0,0.0
2015,330455705129,Joá,TCP,1704745.172,0.0,0.0
2015,330455705130,Itanhangá,ADA,13103660.398,0.0,0.0
2015,330455705130,Itanhangá,CV,13103660.398,11378.926,0.086838
2015,330455705130,Itanhangá,Milicia,13103660.398,797432.964,6.085574
2015,330455705130,Itanhangá,TCP,13103660.398,0.0,0.0
2015,330455705131,Barra da Tijuca,ADA,49110465.087,0.0,0.0
2015,330455705131,Barra da Tijuca,CV,49110465.087,0.0,0.0
2015,330455705131,Barra da Tijuca,Milicia,49110465.087,179171.177,0.364833
2015,330455705131,Barra da Tijuca,TCP,49110465.087,0.0,0.0
2015,330455705132,Camorim,ADA,8382818.669,0.0,0.0
2015,330455705132,Camorim,CV,8382818.669,0.0,0.0
2015,330455705132,Camorim,Milicia,8382818.669,1600431.357,19.091805
2015,330455705132,Camorim,TCP,8382818.669,0.0,0.0
2015,330455705133,Vargem Pequena,ADA,14217990.568,0.0,0.0
2015,330455705133,Vargem Pequena,CV,14217990.568,0.0,0.0
2015,330455705133,Vargem Pequena,Milicia,14217990.568,2036047.482,14.32022
2015,330455705133,Vargem Pequena,TCP,14217990.568,0.0,0.0
2015,330455705134,Vargem Grande,ADA,39432003.265,0.0,0.0
2015,330455705134,Vargem Grande,CV,39432003.265,0.0,0.0
2015,330455705134,Vargem Grande,Milicia,39432003.265,1211756.981,3.073029
2015,330455705134,Vargem Grande,TCP,39432003.265,0.0,0.0
2015,330455705135,Recreio dos Bandeirantes,ADA,31185606.999,0.0,0.0
2015,330455705135,Recreio dos Bandeirantes,CV,31185606.999,0.0,0.0
2015,330455705135,Recreio dos Bandeirantes,Milicia,31185606.999,3243924.304,10.401992
2015,330455705135,Recreio dos Bandeirantes,TCP,31185606.999,0.0,0.0
2015,330455705136,Grumari,ADA,9952429.072,0.0,0.0
2015,330455705136,Grumari,CV,9952429.072,0.0,0.0
2015,330455705136,Grumari,Milicia,9952429.072,0.0,0.0
2015,330455705136,Grumari,TCP,9952429.072,0.0,0.0
2015,330455705137,Coelho Neto,ADA,2502135.272,163297.383,6.526321
2015,330455705137,Coelho Neto,CV,2502135.272,90105.213,3.601133
2015,330455705137,Coelho Neto,Milicia,2502135.272,0.0,0.0
2015,330455705137,Coelho Neto,TCP,2502135.272,2176.029,0.086967
2015,330455705138,Acari,ADA,1585077.274,0.0,0.0
2015,330455705138,Acari,CV,1585077.274,0.0,0.0
2015,330455705138,Acari,Milicia,1585077.274,0.0,0.0
2015,330455705138,Acari,TCP,1585077.274,665407.277,41.979485
2015,330455705139,Barros Filho,ADA,1761486.011,366173.326,20.787751
2015,330455705139,Barros Filho,CV,1761486.011,139394.287,7.913448
2015,330455705139,Barros Filho,Milicia,1761486.011,0.0,0.0
2015,330455705139,Barros Filho,TCP,1761486.011,0.0,0.0
2015,330455705140,Costa Barros,ADA,1854314.876,479110.83,25.83762
2015,330455705140,Costa Barros,CV,1854314.876,546570.164,29.475585
2015,330455705140,Costa Barros,Milicia,1854314.876,0.0,0.0
2015,330455705140,Costa Barros,TCP,1854314.876,0.0,0.0
2015,330455705141,Pavuna,ADA,8250574.787,922459.187,11.180545
2015,330455705141,Pavuna,CV,8250574.787,1365084.082,16.545321
2015,330455705141,Pavuna,Milicia,8250574.787,500842.106,6.07039
2015,330455705141,Pavuna,TCP,8250574.787,35433.18,0.429463
2015,330455705142,Guaratiba,ADA,135062990.914,0.0,0.0
2015,330455705142,Guaratiba,CV,135062990.914,0.0,0.0
2015,330455705142,Guaratiba,Milicia,135062990.914,11542880.51,8.546294
2015,330455705142,Guaratiba,TCP,135062990.914,0.0,0.0
2015,330455705143,Barra de Guaratiba,ADA,9977019.052,0.0,0.0
2015,330455705143,Barra de Guaratiba,CV,9977019.052,0.0,0.0
2015,330455705143,Barra de Guaratiba,Milicia,9977019.052,0.0,0.0
2015,330455705143,Barra de Guaratiba,TCP,9977019.052,0.0,0.0
2015,330455705144,Pedra de Guaratiba,ADA,3641094.955,0.0,0.0
2015,330455705144,Pedra de Guaratiba,CV,3641094.955,0.0,0.0
2015,330455705144,Pedra de Guaratiba,Milicia,3641094.955,540038.224,14.831753
2015,330455705144,Pedra de Guaratiba,TCP,3641094.955,0.0,0.0
2015,330455705145,Higienópolis,ADA,1151794.312,0.0,0.0
2015,330455705145,Higienópolis,CV,1151794.312,11302.359,0.981283
2015,330455705145,Higienópolis,Milicia,1151794.312,16509.437,1.433367
2015,330455705145,Higienópolis,TCP,1151794.312,0.0,0.0
2015,330455705146,Jacaré,ADA,904148.125,0.0,0.0
2015,330455705146,Jacaré,CV,904148.125,64709.921,7.157004
2015,330455705146,Jacaré,Milicia,904148.125,0.0,0.0
2015,330455705146,Jacaré,TCP,904148.125,0.0,0.0
2015,330455705147,Maria da Graça,ADA,874970.376,0.0,0.0
2015,330455705147,Maria da Graça,CV,874970.376,294.941,0.033709
2015,330455705147,Maria da Graça,Milicia,874970.376,0.0,0.0
2015,330455705147,Maria da Graça,TCP,874970.376,0.0,0.0
2015,330455705148,Del Castilho,ADA,1383449.914,0.0,0.0
2015,330455705148,Del Castilho,CV,1383449.914,21055.936,1.521988
2015,330455705148,Del Castilho,Milicia,1383449.914,301561.553,21.797793
2015,330455705148,Del Castilho,TCP,1383449.914,0.0,0.0
2015,330455705149,Inhaúma,ADA,3496464.039,0.0,0.0
2015,330455705149,Inhaúma,CV,3496464.039,339198.823,9.701196
2015,330455705149,Inhaúma,Milicia,3496464.039,276801.894,7.916624
2015,330455705149,Inhaúma,TCP,3496464.039,0.0,0.0
2015,330455705150,Engenho da Rainha,ADA,2257186.131,0.0,0.0
2015,330455705150,Engenho da Rainha,CV,2257186.131,529721.787,23.468237
2015,330455705150,Engenho da Rainha,Milicia,2257186.131,0.0,0.0
2015,330455705150,Engenho da Rainha,TCP,2257186.131,0.0,0.0
2015,330455705151,Tomás Coelho,ADA,1774340.341,181804.384,10.246308
2015,330455705151,Tomás Coelho,CV,1774340.341,116591.322,6.570967
2015,330455705151,Tomás Coelho,Milicia,1774340.341,0.0,0.0
2015,330455705151,Tomás Coelho,TCP,1774340.341,0.0,0.0
2015,330455705152,Saúde,ADA,344572.668,0.0,0.0
2015,330455705152,Saúde,CV,344572.668,0.0,0.0
2015,330455705152,Saúde,Milicia,344572.668,2474.188,0.718045
2015,330455705152,Saúde,TCP,344572.668,0.0,0.0
2015,330455705153,Paquetá,ADA,1675845.054,163725.228,9.769712
2015,330455705153,Paquetá,CV,1675845.054,24864.53,1.483701
2015,330455705153,Paquetá,Milicia,1675845.054,0.0,0.0
2015,330455705153,Paquetá,TCP,1675845.054,0.0,0.0
2015,330455705154,Parque Columbia,ADA,1519835.366,20488.1,1.348047
2015,330455705154,Parque Columbia,CV,1519835.366,0.0,0.0
2015,330455705154,Parque Columbia,Milicia,1519835.366,18.606,0.001224
2015,330455705154,Parque Columbia,TCP,1519835.366,113570.978,7.472584
2015,330455705155,Jacarezinho,ADA,991554.655,0.0,0.0
2015,330455705155,Jacarezinho,CV,991554.655,526225.999,53.070801
2015,330455705155,Jacarezinho,Milicia,991554.655,0.0,0.0
2015,330455705155,Jacarezinho,TCP,991554.655,0.0,0.0
2015,330455705156,Rocinha,ADA,1460252.789,906579.798,62.083757
2015,330455705156,Rocinha,CV,1460252.789,0.0,0.0
2015,330455705156,Rocinha,Milicia,1460252.789,0.0,0.0
2015,330455705156,Rocinha,TCP,1460252.789,0.0,0.0
2015,330455705157,Complexo do Alemão,ADA,2854606.277,0.0,0.0
2015,330455705157,Complexo do Alemão,CV,2854606.277,1973590.552,69.137049
2015,330455705157,Complexo do Alemão,Milicia,2854606.277,0.0,0.0
2015,330455705157,Complexo do Alemão,TCP,2854606.277,0.0,0.0
2015,330455705158,Maré,ADA,4347749.885,0.0,0.0
2015,330455705158,Maré,CV,4347749.885,952214.684,21.901322
2015,330455705158,Maré,Milicia,4347749.885,850430.101,19.560235
2015,330455705158,Maré,TCP,4347749.885,1237801.578,28.469935
2015,330455705159,Vasco da Gama,ADA,1051322.951,0.0,0.0
2015,330455705159,Vasco da Gama,CV,1051322.951,107375.1,10.213332
2015,330455705159,Vasco da Gama,Milicia,1051322.951,0.0,0.0
2015,330455705159,Vasco da Gama,TCP,1051322.951,0.0,0.0
2015,330455705160,Gericinó,ADA,1903405.18,0.0,0.0
2015,330455705160,Gericinó,CV,1903405.18,61892.983,3.251698
2015,330455705160,Gericinó,Milicia,1903405.18,39180.263,2.05843
2015,330455705160,Gericinó,TCP,1903405.18,0.0,0.0
2016,330455705001,Centro,ADA,5999470.914,0.0,0.0
2016,330455705001,Centro,CV,5999470.914,0.0,0.0
2016,330455705001,Centro,Milicia,5999470.914,0.0,0.0
2016,330455705001,Centro,TCP,5999470.914,0.0,0.0
2016,330455705002,Gamboa,ADA,1136868.144,0.0,0.0
2016,330455705002,Gamboa,CV,1136868.144,108806.99,9.570766
2016,330455705002,Gamboa,Milicia,1136868.144,0.0,0.0
2016,330455705002,Gamboa,TCP,1136868.144,0.0,0.0
2016,330455705003,Santo Cristo,ADA,1672344.478,0.0,0.0
2016,330455705003,Santo Cristo,CV,1672344.478,39947.24,2.388697
2016,330455705003,Santo Cristo,Milicia,1672344.478,15.006,0.000897
2016,330455705003,Santo Cristo,TCP,1672344.478,0.0,0.0
2016,330455705004,Caju,ADA,5067155.95,198718.263,3.921692
2016,330455705004,Caju,CV,5067155.95,56895.643,1.122832
2016,330455705004,Caju,Milicia,5067155.95,0.0,0.0
2016,330455705004,Caju,TCP,5067155.95,407.009,0.008032
2016,330455705005,Catumbi,ADA,632389.034,147786.3,23.369523
2016,330455705005,Catumbi,CV,632389.034,8.618,0.001363
2016,330455705005,Catumbi,Milicia,632389.034,0.0,0.0
2016,330455705005,Catumbi,TCP,632389.034,0.0,0.0
2016,330455705006,Rio Comprido,ADA,3330278.597,102421.799,3.075472
2016,330455705006,Rio Comprido,CV,3330278.597,367807.978,11.044361
2016,330455705006,Rio Comprido,Milicia,3330278.597,0.0,0.0
2016,330455705006,Rio Comprido,TCP,3330278.597,0.0,0.0
2016,330455705007,Cidade Nova,ADA,936691.34,0.0,0.0
2016,330455705007,Cidade Nova,CV,936691.34,0.187,2e-05
2016,330455705007,Cidade Nova,Milicia,936691.34,0.969,0.000103
2016,330455705007,Cidade Nova,TCP,936691.34,0.0,0.0
2016,330455705008,Estácio,ADA,914078.001,158365.603,17.325174
2016,330455705008,Estácio,CV,914078.001,0.0,0.0
2016,330455705008,Estácio,Milicia,914078.001,0.0,0.0
2016,330455705008,Estácio,TCP,914078.001,0.0,0.0
2016,330455705009,Flamengo,ADA,1652155.006,23906.883,1.447012
2016,330455705009,Flamengo,CV,1652155.006,0.0,0.0
2016,330455705009,Flamengo,Milicia,1652155.006,0.0,0.0
2016,330455705009,Flamengo,TCP,1652155.006,0.0,0.0
2016,330455705010,Glória,ADA,1125643.202,0.0,0.0
2016,330455705010,Glória,CV,1125643.202,13.885,0.001234
2016,330455705010,Glória,Milicia,1125643.202,0.0,0.0
2016,330455705010,Glória,TCP,1125643.202,0.0,0.0
2016,330455705011,Laranjeiras,ADA,2488268.891,370.463,0.014888
2016,330455705011,Laranjeiras,CV,2488268.891,72703.449,2.921849
2016,330455705011,Laranjeiras,Milicia,2488268.891,0.0,0.0
2016,330455705011,Laranjeiras,TCP,2488268.891,0.0,0.0
2016,330455705012,Catete,ADA,690904.333,0.0,0.0
2016,330455705012,Catete,CV,690904.333,44946.383,6.505442
2016,330455705012,Catete,Milicia,690904.333,0.0,0.0
2016,330455705012,Catete,TCP,690904.333,0.0,0.0
2016,330455705013,Cosme Velho,ADA,933880.948,0.0,0.0
2016,330455705013,Cosme Velho,CV,933880.948,96808.358,10.366242
2016,330455705013,Cosme Velho,Milicia,933880.948,0.0,0.0
2016,330455705013,Cosme Velho,TCP,933880.948,0.0,0.0
2016,330455705014,Botafogo,ADA,4793518.99,181.399,0.003784
2016,330455705014,Botafogo,CV,4793518.99,168157.725,3.508023
2016,330455705014,Botafogo,Milicia,4793518.99,0.0,0.0
2016,330455705014,Botafogo,TCP,4793518.99,0.0,0.0
2016,330455705015,Urca,ADA,2443671.98,0.0,0.0
2016,330455705015,Urca,CV,2443671.98,0.0,0.0
2016,330455705015,Urca,Milicia,2443671.98,0.0,0.0
2016,330455705015,Urca,TCP,2443671.98,0.0,0.0
2016,330455705016,Humaitá,ADA,1068177.754,0.0,0.0
2016,330455705016,Humaitá,CV,1068177.754,5547.437,0.519337
2016,330455705016,Humaitá,Milicia,1068177.754,0.0,0.0
2016,330455705016,Humaitá,TCP,1068177.754,0.0,0.0
2016,330455705017,Leme,ADA,1017046.998,0.0,0.0
2016,330455705017,Leme,CV,1017046.998,154956.837,15.235956
2016,330455705017,Leme,Milicia,1017046.998,0.0,0.0
2016,330455705017,Leme,TCP,1017046.998,0.0,0.0
2016,330455705018,Copacabana,ADA,4201270.477,0.0,0.0
2016,330455705018,Copacabana,CV,4201270.477,211677.584,5.038418
2016,330455705018,Copacabana,Milicia,4201270.477,0.0,0.0
2016,330455705018,Copacabana,TCP,4201270.477,0.0,0.0
2016,330455705019,Ipanema,ADA,3060078.202,0.0,0.0
2016,330455705019,Ipanema,CV,3060078.202,46130.548,1.507496
2016,330455705019,Ipanema,Milicia,3060078.202,0.0,0.0
2016,330455705019,Ipanema,TCP,3060078.202,0.0,0.0
2016,330455705020,Leblon,ADA,2118156.856,11750.6,0.554756
2016,330455705020,Leblon,CV,2118156.856,0.0,0.0
2016,330455705020,Leblon,Milicia,2118156.856,0.0,0.0
2016,330455705020,Leblon,TCP,2118156.856,0.0,0.0
2016,330455705021,Lagoa,ADA,5193577.874,5.53,0.000106
2016,330455705021,Lagoa,CV,5193577.874,845.013,0.01627
2016,330455705021,Lagoa,Milicia,5193577.874,0.0,0.0
2016,330455705021,Lagoa,TCP,5193577.874,0.0,0.0
2016,330455705022,Jardim Botânico,ADA,2817694.6,0.0,0.0
2016,330455705022,Jardim Botânico,CV,2817694.6,0.0,0.0
2016,330455705022,Jardim Botânico,Milicia,2817694.6,0.0,0.0
2016,330455705022,Jardim Botânico,TCP,2817694.6,0.0,0.0
2016,330455705023,Gávea,ADA,2733785.645,31232.71,1.142471
2016,330455705023,Gávea,CV,2733785.645,0.0,0.0
2016,330455705023,Gávea,Milicia,2733785.645,0.0,0.0
2016,330455705023,Gávea,TCP,2733785.645,0.0,0.0
2016,330455705024,Vidigal,ADA,1781818.869,248487.879,13.945743
2016,330455705024,Vidigal,CV,1781818.869,0.0,0.0
2016,330455705024,Vidigal,Milicia,1781818.869,0.0,0.0
2016,330455705024,Vidigal,TCP,1781818.869,0.0,0.0
2016,330455705025,São Conrado,ADA,6668231.159,39173.886,0.58747
2016,330455705025,São Conrado,CV,6668231.159,0.0,0.0
2016,330455705025,São Conrado,Milicia,6668231.159,0.0,0.0
2016,330455705025,São Conrado,TCP,6668231.159,0.0,0.0
2016,330455705026,São Cristóvão,ADA,3794648.396,0.0,0.0
2016,330455705026,São Cristóvão,CV,3794648.396,321993.36,8.48546
2016,330455705026,São Cristóvão,Milicia,3794648.396,7.29,0.000192
2016,330455705026,São Cristóvão,TCP,3794648.396,17826.627,0.469783
2016,330455705027,Mangueira,ADA,965517.733,0.0,0.0
2016,330455705027,Mangueira,CV,965517.733,356854.481,36.95991
2016,330455705027,Mangueira,Milicia,965517.733,0.0,0.0
2016,330455705027,Mangueira,TCP,965517.733,0.0,0.0
2016,330455705028,Benfica,ADA,1803020.832,1136.645,0.063041
2016,330455705028,Benfica,CV,1803020.832,153957.982,8.538891
2016,330455705028,Benfica,Milicia,1803020.832,26264.679,1.456704
2016,330455705028,Benfica,TCP,1803020.832,4753.938,0.263665
2016,330455705029,Praça da Bandeira,ADA,759082.679,0.0,0.0
2016,330455705029,Praça da Bandeira,CV,759082.679,0.0,0.0
2016,330455705029,Praça da Bandeira,Milicia,759082.679,208844.83,27.512791
2016,330455705029,Praça da Bandeira,TCP,759082.679,0.0,0.0
2016,330455705030,Tijuca,ADA,9943019.197,19227.095,0.193373
2016,330455705030,Tijuca,CV,9943019.197,761805.774,7.661715
2016,330455705030,Tijuca,Milicia,9943019.197,0.0,0.0
2016,330455705030,Tijuca,TCP,9943019.197,85166.149,0.856542
2016,330455705031,Alto da Boa Vista,ADA,31327174.846,0.0,0.0
2016,330455705031,Alto da Boa Vista,CV,31327174.846,214619.037,0.685089
2016,330455705031,Alto da Boa Vista,Milicia,31327174.846,2479.521,0.007915
2016,330455705031,Alto da Boa Vista,TCP,31327174.846,0.0,0.0
2016,330455705032,Maracanã,ADA,1618236.441,0.0,0.0
2016,330455705032,Maracanã,CV,1618236.441,6310.973,0.389991
2016,330455705032,Maracanã,Milicia,1618236.441,0.0,0.0
2016,330455705032,Maracanã,TCP,1618236.441,0.0,0.0
2016,330455705033,Vila Isabel,ADA,3335039.051,271270.393,8.13395
2016,330455705033,Vila Isabel,CV,3335039.051,0.0,0.0
2016,330455705033,Vila Isabel,Milicia,3335039.051,0.0,0.0
2016,330455705033,Vila Isabel,TCP,3335039.051,0.0,0.0
2016,330455705034,Andaraí,ADA,2288826.412,0.0,0.0
2016,330455705034,Andaraí,CV,2288826.412,313983.204,13.718087
2016,330455705034,Andaraí,Milicia,2288826.412,0.0,0.0
2016,330455705034,Andaraí,TCP,2288826.412,0.0,0.0
2016,330455705035,Grajaú,ADA,5666000.278,0.0,0.0
2016,330455705035,Grajaú,CV,5666000.278,262375.008,4.630692
2016,330455705035,Grajaú,Milicia,5666000.278,0.0,0.0
2016,330455705035,Grajaú,TCP,5666000.278,0.0,0.0
2016,330455705036,Manguinhos,ADA,2904792.726,0.0,0.0
2016,330455705036,Manguinhos,CV,2904792.726,376244.55,12.952544
2016,330455705036,Manguinhos,Milicia,2904792.726,65755.991,2.263707
2016,330455705036,Manguinhos,TCP,2904792.726,157.452,0.00542
2016,330455705037,Bonsucesso,ADA,2246914.385,0.0,0.0
2016,330455705037,Bonsucesso,CV,2246914.385,40041.623,1.782072
2016,330455705037,Bonsucesso,Milicia,2246914.385,0.0,0.0
2016,330455705037,Bonsucesso,TCP,2246914.385,226.526,0.010082
2016,330455705038,Ramos,ADA,2803461.571,0.0,0.0
2016,330455705038,Ramos,CV,2803461.571,168826.137,6.02206
2016,330455705038,Ramos,Milicia,2803461.571,911630.081,32.518016
2016,330455705038,Ramos,TCP,2803461.571,0.0,0.0
2016,330455705039,Olaria,ADA,3777725.993,0.0,0.0
2016,330455705039,Olaria,CV,3777725.993,727861.776,19.267193
2016,330455705039,Olaria,Milicia,3777725.993,6815.051,0.180401
2016,330455705039,Olaria,TCP,3777725.993,0.0,0.0
2016,330455705040,Penha,ADA,5667327.123,0.0,0.0
2016,330455705040,Penha,CV,5667327.123,1157075.668,20.416603
2016,330455705040,Penha,Milicia,5667327.123,17773.968,0.313622
2016,330455705040,Penha,TCP,5667327.123,0.0,0.0
2016,330455705041,Penha Circular,ADA,4750762.719,0.0,0.0
2016,330455705041,Penha Circular,CV,4750762.719,388229.991,8.171951
2016,330455705041,Penha Circular,Milicia,4750762.719,89679.943,1.887696
2016,330455705041,Penha Circular,TCP,4750762.719,0.0,0.0
2016,330455705042,Brás de Pina,ADA,3512571.928,0.0,0.0
2016,330455705042,Brás de Pina,CV,3512571.928,163522.551,4.655351
2016,330455705042,Brás de Pina,Milicia,3512571.928,1181312.087,33.630972
2016,330455705042,Brás de Pina,TCP,3512571.928,37095.791,1.056086
2016,330455705043,Cordovil,ADA,3753939.247,0.0,0.0
2016,330455705043,Cordovil,CV,3753939.247,326675.008,8.702192
2016,330455705043,Cordovil,Milicia,3753939.247,163222.897,4.348043
2016,330455705043,Cordovil,TCP,3753939.247,181628.53,4.838345
2016,330455705044,Parada de Lucas,ADA,2297621.975,0.0,0.0
2016,330455705044,Parada de Lucas,CV,2297621.975,7297.798,0.317624
2016,330455705044,Parada de Lucas,Milicia,2297621.975,18203.319,0.792268
2016,330455705044,Parada de Lucas,TCP,2297621.975,458457.398,19.953561
2016,330455705045,Vigário Geral,ADA,3417305.816,0.0,0.0
2016,330455705045,Vigário Geral,CV,3417305.816,321721.571,9.41448
2016,330455705045,Vigário Geral,Milicia,3417305.816,0.0,0.0
2016,330455705045,Vigário Geral,TCP,3417305.816,161833.148,4.735694
2016,330455705046,Jardim América,ADA,1948170.717,0.0,0.0
2016,330455705046,Jardim América,CV,1948170.717,209897.526,10.774083
2016,330455705046,Jardim América,Milicia,1948170.717,0.0,0.0
2016,330455705046,Jardim América,TCP,1948170.717,0.0,0.0
2016,330455705047,São Francisco Xavier,ADA,665866.707,0.0,0.0
2016,330455705047,São Francisco Xavier,CV,665866.707,8657.787,1.300228
2016,330455705047,São Francisco Xavier,Milicia,665866.707,0.0,0.0
2016,330455705047,São Francisco Xavier,TCP,665866.707,0.0,0.0
2016,330455705048,Rocha,ADA,1195663.72,0.0,0.0
2016,330455705048,Rocha,CV,1195663.72,0.0,0.0
2016,330455705048,Rocha,Milicia,1195663.72,0.0,0.0
2016,330455705048,Rocha,TCP,1195663.72,0.0,0.0
2016,330455705049,Riachuelo,ADA,1007501.654,0.0,0.0
2016,330455705049,Riachuelo,CV,1007501.654,0.0,0.0
2016,330455705049,Riachuelo,Milicia,1007501.654,0.0,0.0
2016,330455705049,Riachuelo,TCP,1007501.654,0.0,0.0
2016,330455705050,Sampaio,ADA,834065.511,0.0,0.0
2016,330455705050,Sampaio,CV,834065.511,29032.545,3.480847
2016,330455705050,Sampaio,Milicia,834065.511,0.0,0.0
2016,330455705050,Sampaio,TCP,834065.511,0.0,0.0
2016,330455705051,Engenho Novo,ADA,2670486.436,1106.168,0.041422
2016,330455705051,Engenho Novo,CV,2670486.436,522982.587,19.583795
2016,330455705051,Engenho Novo,Milicia,2670486.436,872.648,0.032677
2016,330455705051,Engenho Novo,TCP,2670486.436,0.0,0.0
2016,330455705052,Lins de Vasconcelos,ADA,2795375.736,0.0,0.0
2016,330455705052,Lins de Vasconcelos,CV,2795375.736,747280.068,26.732724
2016,330455705052,Lins de Vasconcelos,Milicia,2795375.736,0.0,0.0
2016,330455705052,Lins de Vasconcelos,TCP,2795375.736,0.0,0.0
2016,330455705053,Méier,ADA,2365369.616,0.0,0.0
2016,330455705053,Méier,CV,2365369.616,83586.886,3.533777
2016,330455705053,Méier,Milicia,2365369.616,108213.338,4.574902
2016,330455705053,Méier,TCP,2365369.616,0.0,0.0
2016,330455705054,Todos os Santos,ADA,1096583.584,0.0,0.0
2016,330455705054,Todos os Santos,CV,1096583.584,0.024,2e-06
2016,330455705054,Todos os Santos,Milicia,1096583.584,56539.311,5.155951
2016,330455705054,Todos os Santos,TCP,1096583.584,0.0,0.0
2016,330455705055,Cachambi,ADA,2184248.384,0.0,0.0
2016,330455705055,Cachambi,CV,2184248.384,24161.522,1.106171
2016,330455705055,Cachambi,Milicia,2184248.384,381328.139,17.458094
2016,330455705055,Cachambi,TCP,2184248.384,0.0,0.0
2016,330455705056,Engenho de Dentro,ADA,3860558.733,0.0,0.0
2016,330455705056,Engenho de Dentro,CV,3860558.733,372604.023,9.651557
2016,330455705056,Engenho de Dentro,Milicia,3860558.733,559739.493,14.498924
2016,330455705056,Engenho de Dentro,TCP,3860558.733,0.0,0.0
2016,330455705057,Água Santa,ADA,2443119.047,0.0,0.0
2016,330455705057,Água Santa,CV,2443119.047,8827.196,0.361308
2016,330455705057,Água Santa,Milicia,2443119.047,69132.818,2.829695
2016,330455705057,Água Santa,TCP,2443119.047,0.0,0.0
2016,330455705058,Encantado,ADA,1017956.092,0.0,0.0
2016,330455705058,Encantado,CV,1017956.092,5034.295,0.494549
2016,330455705058,Encantado,Milicia,1017956.092,68155.616,6.695339
2016,330455705058,Encantado,TCP,1017956.092,0.0,0.0
2016,330455705059,Piedade,ADA,3975814.299,122936.776,3.092116
2016,330455705059,Piedade,CV,3975814.299,0.0,0.0
2016,330455705059,Piedade,Milicia,3975814.299,1081651.376,27.205782
2016,330455705059,Piedade,TCP,3975814.299,0.0,0.0
2016,330455705060,Abolição,ADA,681919.203,119.689,0.017552
2016,330455705060,Abolição,CV,681919.203,0.0,0.0
2016,330455705060,Abolição,Milicia,681919.203,87124.047,12.776301
2016,330455705060,Abolição,TCP,681919.203,0.0,0.0
2016,330455705061,Pilares,ADA,1736724.672,115844.411,6.670281
2016,330455705061,Pilares,CV,1736724.672,197072.638,11.347374
2016,330455705061,Pilares,Milicia,1736724.672,375311.427,21.610301
2016,330455705061,Pilares,TCP,1736724.672,0.0,0.0
2016,330455705062,Vila Kosmos,ADA,1459829.177,0.0,0.0
2016,330455705062,Vila Kosmos,CV,1459829.177,101765.768,6.971074
2016,330455705062,Vila Kosmos,Milicia,1459829.177,199028.106,13.633657
2016,330455705062,Vila Kosmos,TCP,1459829.177,0.0,0.0
2016,330455705063,Vicente de Carvalho,ADA,1861712.205,332640.138,17.867431
2016,330455705063,Vicente de Carvalho,CV,1861712.205,312169.007,16.767844
2016,330455705063,Vicente de Carvalho,Milicia,1861712.205,0.0,0.0
2016,330455705063,Vicente de Carvalho,TCP,1861712.205,135.146,0.007259
2016,330455705064,Vila da Penha,ADA,1459935.08,0.0,0.0
2016,330455705064,Vila da Penha,CV,1459935.08,0.0,0.0
2016,330455705064,Vila da Penha,Milicia,1459935.08,946.811,0.064853
2016,330455705064,Vila da Penha,TCP,1459935.08,0.0,0.0
2016,330455705065,Vista Alegre,ADA,543631.474,0.0,0.0
2016,330455705065,Vista Alegre,CV,543631.474,670.515,0.12334
2016,330455705065,Vista Alegre,Milicia,543631.474,0.0,0.0
2016,330455705065,Vista Alegre,TCP,543631.474,0.0,0.0
2016,330455705066,Irajá,ADA,7756434.911,0.0,0.0
2016,330455705066,Irajá,CV,7756434.911,151035.744,1.947232
2016,330455705066,Irajá,Milicia,7756434.911,360394.459,4.646393
2016,330455705066,Irajá,TCP,7756434.911,276882.745,3.569717
2016,330455705067,Colégio,ADA,1977696.341,0.0,0.0
2016,330455705067,Colégio,CV,1977696.341,45498.33,2.300572
2016,330455705067,Colégio,Milicia,1977696.341,0.0,0.0
2016,330455705067,Colégio,TCP,1977696.341,438301.149,22.162207
2016,330455705068,Campinho,ADA,818895.95,0.0,0.0
2016,330455705068,Campinho,CV,818895.95,0.0,0.0
2016,330455705068,Campinho,Milicia,818895.95,532720.639,65.05352
2016,330455705068,Campinho,TCP,818895.95,0.0,0.0
2016,330455705069,Quintino Bocaiúva,ADA,4327748.625,79369.556,1.833969
2016,330455705069,Quintino Bocaiúva,CV,4327748.625,0.0,0.0
2016,330455705069,Quintino Bocaiúva,Milicia,4327748.625,1689867.471,39.047265
2016,330455705069,Quintino Bocaiúva,TCP,4327748.625,0.0,0.0
2016,330455705070,Cavalcanti,ADA,1841740.248,149390.686,8.111387
2016,330455705070,Cavalcanti,CV,1841740.248,0.0,0.0
2016,330455705070,Cavalcanti,Milicia,1841740.248,160404.216,8.709383
2016,330455705070,Cavalcanti,TCP,1841740.248,986.873,0.053584
2016,330455705071,Engenheiro Leal,ADA,666173.029,0.0,0.0
2016,330455705071,Engenheiro Leal,CV,666173.029,0.0,0.0
2016,330455705071,Engenheiro Leal,Milicia,666173.029,0.0,0.0
2016,330455705071,Engenheiro Leal,TCP,666173.029,69849.801,10.485234
2016,330455705072,Cascadura,ADA,3007879.708,0.0,0.0
2016,330455705072,Cascadura,CV,3007879.708,2564.621,0.085263
2016,330455705072,Cascadura,Milicia,3007879.708,1978189.234,65.7669
2016,330455705072,Cascadura,TCP,3007879.708,0.0,0.0
2016,330455705073,Madureira,ADA,3784149.277,0.0,0.0
2016,330455705073,Madureira,CV,3784149.277,219332.656,5.796089
2016,330455705073,Madureira,Milicia,3784149.277,816844.288,21.585943
2016,330455705073,Madureira,TCP,3784149.277,362395.85,9.57668
2016,330455705074,Vaz Lobo,ADA,1053976.763,0.0,0.0
2016,330455705074,Vaz Lobo,CV,1053976.763,20201.915,1.916733
2016,330455705074,Vaz Lobo,Milicia,1053976.763,0.0,0.0
2016,330455705074,Vaz Lobo,TCP,1053976.763,111474.327,10.576545
2016,330455705075,Turiaçu,ADA,1312987.215,0.0,0.0
2016,330455705075,Turiaçu,CV,1312987.215,403763.083,30.751486
2016,330455705075,Turiaçu,Milicia,1312987.215,419.01,0.031913
2016,330455705075,Turiaçu,TCP,1312987.215,0.0,0.0
2016,330455705076,Rocha Miranda,ADA,2931197.068,0.0,0.0
2016,330455705076,Rocha Miranda,CV,2931197.068,662096.455,22.58792
2016,330455705076,Rocha Miranda,Milicia,2931197.068,0.0,0.0
2016,330455705076,Rocha Miranda,TCP,2931197.068,0.0,0.0
2016,330455705077,Honório Gurgel,ADA,1291655.929,55.307,0.004282
2016,330455705077,Honório Gurgel,CV,1291655.929,138373.682,10.71289
2016,330455705077,Honório Gurgel,Milicia,1291655.929,0.824,6.4e-05
2016,330455705077,Honório Gurgel,TCP,1291655.929,0.0,0.0
2016,330455705078,Oswaldo Cruz,ADA,2109374.788,0.0,0.0
2016,330455705078,Oswaldo Cruz,CV,2109374.788,6228.193,0.295263
2016,330455705078,Oswaldo Cruz,Milicia,2109374.788,66869.934,3.170131
2016,330455705078,Oswaldo Cruz,TCP,2109374.788,0.0,0.0
2016,330455705079,Bento Ribeiro,ADA,3148947.915,0.0,0.0
2016,330455705079,Bento Ribeiro,CV,3148947.915,8335.575,0.26471
2016,330455705079,Bento Ribeiro,Milicia,3148947.915,28303.593,0.898827
2016,330455705079,Bento Ribeiro,TCP,3148947.915,0.0,0.0
2016,330455705080,Marechal Hermes,ADA,3842053.359,0.0,0.0
2016,330455705080,Marechal Hermes,CV,3842053.359,249998.263,6.506892
2016,330455705080,Marechal Hermes,Milicia,3842053.359,116073.835,3.021141
2016,330455705080,Marechal Hermes,TCP,3842053.359,168.517,0.004386
2016,330455705081,Jacarepaguá,ADA,74749389.951,0.0,0.0
2016,330455705081,Jacarepaguá,CV,74749389.951,168960.468,0.226036
2016,330455705081,Jacarepaguá,Milicia,74749389.951,9310244.847,12.455279
2016,330455705081,Jacarepaguá,TCP,74749389.951,0.0,0.0
2016,330455705082,Anil,ADA,3773328.725,0.0,0.0
2016,330455705082,Anil,CV,3773328.725,14291.005,0.378737
2016,330455705082,Anil,Milicia,3773328.725,1251560.115,33.168595
2016,330455705082,Anil,TCP,3773328.725,0.0,0.0
2016,330455705083,Gardênia Azul,ADA,949103.226,0.0,0.0
2016,330455705083,Gardênia Azul,CV,949103.226,111.158,0.011712
2016,330455705083,Gardênia Azul,Milicia,949103.226,772428.388,81.385077
2016,330455705083,Gardênia Azul,TCP,949103.226,0.0,0.0
2016,330455705084,Cidade de Deus,ADA,1390931.874,0.0,0.0
2016,330455705084,Cidade de Deus,CV,1390931.874,969208.068,69.680484
2016,330455705084,Cidade de Deus,Milicia,1390931.874,3724.898,0.267799
2016,330455705084,Cidade de Deus,TCP,1390931.874,0.0,0.0
2016,330455705085,Curicica,ADA,3339007.728,0.0,0.0
2016,330455705085,Curicica,CV,3339007.728,0.0,0.0
2016,330455705085,Curicica,Milicia,3339007.728,1299109.779,38.907061
2016,330455705085,Curicica,TCP,3339007.728,0.0,0.0
2016,330455705086,Freguesia (Jacarepaguá),ADA,10108021.173,0.0,0.0
2016,330455705086,Freguesia (Jacarepaguá),CV,10108021.173,292862.196,2.897325
2016,330455705086,Freguesia (Jacarepaguá),Milicia,10108021.173,286652.328,2.83589
2016,330455705086,Freguesia (Jacarepaguá),TCP,10108021.173,0.0,0.0
2016,330455705087,Pechincha,ADA,3127046.955,0.0,0.0
2016,330455705087,Pechincha,CV,3127046.955,0.0,0.0
2016,330455705087,Pechincha,Milicia,3127046.955,145018.193,4.637544
2016,330455705087,Pechincha,TCP,3127046.955,0.0,0.0
2016,330455705088,Taquara,ADA,13409639.819,0.0,0.0
2016,330455705088,Taquara,CV,13409639.819,67125.828,0.500579
2016,330455705088,Taquara,Milicia,13409639.819,5106251.884,38.078964
2016,330455705088,Taquara,TCP,13409639.819,0.0,0.0
2016,330455705089,Tanque,ADA,5758334.63,0.0,0.0
2016,330455705089,Tanque,CV,5758334.63,253.375,0.0044
2016,330455705089,Tanque,Milicia,5758334.63,1739863.75,30.214704
2016,330455705089,Tanque,TCP,5758334.63,0.0,0.0
2016,330455705090,Praça Seca,ADA,6556015.532,0.0,0.0
2016,330455705090,Praça Seca,CV,6556015.532,0.0,0.0
2016,330455705090,Praça Seca,Milicia,6556015.532,3948038.825,60.220096
2016,330455705090,Praça Seca,TCP,6556015.532,0.0,0.0
2016,330455705091,Vila Valqueire,ADA,4013527.509,0.0,0.0
2016,330455705091,Vila Valqueire,CV,4013527.509,0.0,0.0
2016,330455705091,Vila Valqueire,Milicia,4013527.509,820743.666,20.449434
2016,330455705091,Vila Valqueire,TCP,4013527.509,0.0,0.0
2016,330455705092,Deodoro,ADA,4683193.264,0.0,0.0
2016,330455705092,Deodoro,CV,4683193.264,45110.211,0.963236
2016,330455705092,Deodoro,Milicia,4683193.264,2688.484,0.057407
2016,330455705092,Deodoro,TCP,4683193.264,253405.522,5.410956
2016,330455705093,Vila Militar,ADA,10520035.885,0.0,0.0
2016,330455705093,Vila Militar,CV,10520035.885,0.0,0.0
2016,330455705093,Vila Militar,Milicia,10520035.885,393309.756,3.738673
2016,330455705093,Vila Militar,TCP,10520035.885,0.0,0.0
2016,330455705094,Campo dos Afonsos,ADA,3173081.541,0.0,0.0
2016,330455705094,Campo dos Afonsos,CV,3173081.541,0.0,0.0
2016,330455705094,Campo dos Afonsos,Milicia,3173081.541,0.0,0.0
2016,330455705094,Campo dos Afonsos,TCP,3173081.541,0.0,0.0
2016,330455705095,Jardim Sulacap,ADA,7838000.908,0.0,0.0
2016,330455705095,Jardim Sulacap,CV,7838000.908,0.0,0.0
2016,330455705095,Jardim Sulacap,Milicia,7838000.908,20616.104,0.263028
2016,330455705095,Jardim Sulacap,TCP,7838000.908,0.0,0.0
2016,330455705096,Magalhães Bastos,ADA,2054160.612,87299.092,4.249867
2016,330455705096,Magalhães Bastos,CV,2054160.612,0.0,0.0
2016,330455705096,Magalhães Bastos,Milicia,2054160.612,388382.439,18.907112
2016,330455705096,Magalhães Bastos,TCP,2054160.612,0.0,0.0
2016,330455705097,Realengo,ADA,25902981.11,590099.515,2.278114
2016,330455705097,Realengo,CV,25902981.11,27699.798,0.106937
2016,330455705097,Realengo,Milicia,25902981.11,3860472.931,14.903585
2016,330455705097,Realengo,TCP,25902981.11,93531.236,0.361083
2016,330455705098,Padre Miguel,ADA,4845945.365,1044355.155,21.551113
2016,330455705098,Padre Miguel,CV,4845945.365,21766.829,0.449176
2016,330455705098,Padre Miguel,Milicia,4845945.365,564978.658,11.658791
2016,330455705098,Padre Miguel,TCP,4845945.365,0.0,0.0
2016,330455705099,Bangu,ADA,37830395.943,1373305.752,3.630165
2016,330455705099,Bangu,CV,37830395.943,2282906.381,6.034582
2016,330455705099,Bangu,Milicia,37830395.943,3813209.798,10.079751
2016,330455705099,Bangu,TCP,37830395.943,1351775.283,3.573252
2016,330455705100,Senador Camará,ADA,17294389.899,73189.169,0.423196
2016,330455705100,Senador Camará,CV,17294389.899,178696.798,1.033265
2016,330455705100,Senador Camará,Milicia,17294389.899,1287.138,0.007443
2016,330455705100,Senador Camará,TCP,17294389.899,2454190.649,14.190675
2016,330455705101,Santíssimo,ADA,8471414.284,0.0,0.0
2016,330455705101,Santíssimo,CV,8471414.284,0.0,0.0
2016,330455705101,Santíssimo,Milicia,8471414.284,1526282.611,18.016857
2016,330455705101,Santíssimo,TCP,8471414.284,335596.429,3.961516
2016,330455705102,Campo Grande,ADA,104874675.28,0.0,0.0
2016,330455705102,Campo Grande,CV,104874675.28,4205.162,0.00401
2016,330455705102,Campo Grande,Milicia,104874675.28,20781363.09,19.815425
2016,330455705102,Campo Grande,TCP,104874675.28,0.0,0.0
2016,330455705103,Senador Vasconcelos,ADA,6282463.302,0.0,0.0
2016,330455705103,Senador Vasconcelos,CV,6282463.302,0.0,0.0
2016,330455705103,Senador Vasconcelos,Milicia,6282463.302,1364575.106,21.720383
2016,330455705103,Senador Vasconcelos,TCP,6282463.302,0.0,0.0
2016,330455705104,Inhoaíba,ADA,8246887.204,0.0,0.0
2016,330455705104,Inhoaíba,CV,8246887.204,231.804,0.002811
2016,330455705104,Inhoaíba,Milicia,8246887.204,3704432.522,44.919161
2016,330455705104,Inhoaíba,TCP,8246887.204,0.0,0.0
2016,330455705105,Cosmos,ADA,11341801.939,0.0,0.0
2016,330455705105,Cosmos,CV,11341801.939,0.0,0.0
2016,330455705105,Cosmos,Milicia,11341801.939,4158493.91,36.665196
2016,330455705105,Cosmos,TCP,11341801.939,0.0,0.0
2016,330455705106,Paciência,ADA,26711558.485,0.0,0.0
2016,330455705106,Paciência,CV,26711558.485,363748.436,1.361764
2016,330455705106,Paciência,Milicia,26711558.485,7819480.555,29.273771
2016,330455705106,Paciência,TCP,26711558.485,0.0,0.0
2016,330455705107,Santa Cruz,ADA,123060884.941,0.0,0.0
2016,330455705107,Santa Cruz,CV,123060884.941,1246407.776,1.012838
2016,330455705107,Santa Cruz,Milicia,123060884.941,12025514.176,9.772004
2016,330455705107,Santa Cruz,TCP,123060884.941,216910.412,0.176263
2016,330455705108,Sepetiba,ADA,11867945.594,0.0,0.0
2016,330455705108,Sepetiba,CV,11867945.594,0.0,0.0
2016,330455705108,Sepetiba,Milicia,11867945.594,5855836.914,49.341623
2016,330455705108,Sepetiba,TCP,11867945.594,0.0,0.0
2016,330455705109,Ribeira,ADA,873943.13,0.0,0.0
2016,330455705109,Ribeira,CV,873943.13,0.0,0.0
2016,330455705109,Ribeira,Milicia,873943.13,0.0,0.0
2016,330455705109,Ribeira,TCP,873943.13,0.0,0.0
2016,330455705110,Zumbi,ADA,182858.391,0.0,0.0
2016,330455705110,Zumbi,CV,182858.391,0.0,0.0
2016,330455705110,Zumbi,Milicia,182858.391,0.0,0.0
2016,330455705110,Zumbi,TCP,182858.391,0.0,0.0
2016,330455705111,Cacuia,ADA,2145636.701,0.0,0.0
2016,330455705111,Cacuia,CV,2145636.701,0.0,0.0
2016,330455705111,Cacuia,Milicia,2145636.701,81029.907,3.776497
2016,330455705111,Cacuia,TCP,2145636.701,0.014,1e-06
2016,330455705112,Pitangueiras,ADA,619268.101,0.0,0.0
2016,330455705112,Pitangueiras,CV,619268.101,0.0,0.0
2016,330455705112,Pitangueiras,Milicia,619268.101,113639.068,18.350544
2016,330455705112,Pitangueiras,TCP,619268.101,0.0,0.0
2016,330455705113,Praia da Bandeira,ADA,332647.93,0.0,0.0
2016,330455705113,Praia da Bandeira,CV,332647.93,0.0,0.0
2016,330455705113,Praia da Bandeira,Milicia,332647.93,0.0,0.0
2016,330455705113,Praia da Bandeira,TCP,332647.93,0.0,0.0
2016,330455705114,Cocotá,ADA,579176.523,0.0,0.0
2016,330455705114,Cocotá,CV,579176.523,0.0,0.0
2016,330455705114,Cocotá,Milicia,579176.523,0.0,0.0
2016,330455705114,Cocotá,TCP,579176.523,729.966,0.126035
2016,330455705115,Bancários,ADA,1020691.23,57075.198,5.591818
2016,330455705115,Bancários,CV,1020691.23,0.0,0.0
2016,330455705115,Bancários,Milicia,1020691.23,227.211,0.022261
2016,330455705115,Bancários,TCP,1020691.23,91996.693,9.013176
2016,330455705116,Freguesia (Ilha do Governador),ADA,4109015.707,0.0,0.0
2016,330455705116,Freguesia (Ilha do Governador),CV,4109015.707,0.0,0.0
2016,330455705116,Freguesia (Ilha do Governador),Milicia,4109015.707,0.0,0.0
2016,330455705116,Freguesia (Ilha do Governador),TCP,4109015.707,161353.678,3.926821
2016,330455705117,Jardim Guanabara,ADA,3207591.058,0.0,0.0
2016,330455705117,Jardim Guanabara,CV,3207591.058,0.0,0.0
2016,330455705117,Jardim Guanabara,Milicia,3207591.058,0.0,0.0
2016,330455705117,Jardim Guanabara,TCP,3207591.058,13300.394,0.414654
2016,330455705118,Jardim Carioca,ADA,1569958.828,0.0,0.0
2016,330455705118,Jardim Carioca,CV,1569958.828,0.0,0.0
2016,330455705118,Jardim Carioca,Milicia,1569958.828,0.0,0.0
2016,330455705118,Jardim Carioca,TCP,1569958.828,125714.505,8.007503
2016,330455705119,Tauá,ADA,1617763.743,539.288,0.033335
2016,330455705119,Tauá,CV,1617763.743,0.0,0.0
2016,330455705119,Tauá,Milicia,1617763.743,49219.313,3.042429
2016,330455705119,Tauá,TCP,1617763.743,246104.47,15.212634
2016,330455705120,Moneró,ADA,532864.681,0.0,0.0
2016,330455705120,Moneró,CV,532864.681,0.0,0.0
2016,330455705120,Moneró,Milicia,532864.681,0.0,0.0
2016,330455705120,Moneró,TCP,532864.681,0.0,0.0
2016,330455705121,Portuguesa,ADA,1208445.694,0.0,0.0
2016,330455705121,Portuguesa,CV,1208445.694,0.0,0.0
2016,330455705121,Portuguesa,Milicia,1208445.694,0.0,0.0
2016,330455705121,Portuguesa,TCP,1208445.694,189073.847,15.646036
2016,330455705122,Galeão,ADA,18992288.329,0.0,0.0
2016,330455705122,Galeão,CV,18992288.329,341503.063,1.798114
2016,330455705122,Galeão,Milicia,18992288.329,0.0,0.0
2016,330455705122,Galeão,TCP,18992288.329,118171.304,0.622207
2016,330455705123,Cidade Universitária,ADA,4947976.897,0.0,0.0
2016,330455705123,Cidade Universitária,CV,4947976.897,0.0,0.0
2016,330455705123,Cidade Universitária,Milicia,4947976.897,0.0,0.0
2016,330455705123,Cidade Universitária,TCP,4947976.897,0.0,0.0
2016,330455705124,Guadalupe,ADA,3803468.412,196.506,0.005166
2016,330455705124,Guadalupe,CV,3803468.412,511054.212,13.436531
2016,330455705124,Guadalupe,Milicia,3803468.412,395759.918,10.405237
2016,330455705124,Guadalupe,TCP,3803468.412,447.12,0.011756
2016,330455705125,Anchieta,ADA,4330770.883,7.788,0.00018
2016,330455705125,Anchieta,CV,4330770.883,1687782.758,38.971878
2016,330455705125,Anchieta,Milicia,4330770.883,24493.048,0.565559
2016,330455705125,Anchieta,TCP,4330770.883,0.0,0.0
2016,330455705126,Parque Anchieta,ADA,3956592.823,0.0,0.0
2016,330455705126,Parque Anchieta,CV,3956592.823,34788.031,0.879242
2016,330455705126,Parque Anchieta,Milicia,3956592.823,0.0,0.0
2016,330455705126,Parque Anchieta,TCP,3956592.823,0.0,0.0
2016,330455705127,Ricardo de Albuquerque,ADA,2278207.357,0.0,0.0
2016,330455705127,Ricardo de Albuquerque,CV,2278207.357,372471.778,16.349336
2016,330455705127,Ricardo de Albuquerque,Milicia,2278207.357,119451.924,5.243242
2016,330455705127,Ricardo de Albuquerque,TCP,2278207.357,0.0,0.0
2016,330455705128,Santa Teresa,ADA,5083505.53,84134.093,1.655041
2016,330455705128,Santa Teresa,CV,5083505.53,227200.117,4.469359
2016,330455705128,Santa Teresa,Milicia,5083505.53,3420.642,0.067289
2016,330455705128,Santa Teresa,TCP,5083505.53,0.0,0.0
2016,330455705129,Joá,ADA,1704745.172,0.0,0.0
2016,330455705129,Joá,CV,1704745.172,0.0,0.0
2016,330455705129,Joá,Milicia,1704745.172,0.0,0.0
2016,330455705129,Joá,TCP,1704745.172,0.0,0.0
2016,330455705130,Itanhangá,ADA,13103660.398,0.0,0.0
2016,330455705130,Itanhangá,CV,13103660.398,11378.926,0.086838
2016,330455705130,Itanhangá,Milicia,13103660.398,1118120.075,8.532883
2016,330455705130,Itanhangá,TCP,13103660.398,0.0,0.0
2016,330455705131,Barra da Tijuca,ADA,49110465.087,0.0,0.0
2016,330455705131,Barra da Tijuca,CV,49110465.087,0.0,0.0
2016,330455705131,Barra da Tijuca,Milicia,49110465.087,179171.177,0.364833
2016,330455705131,Barra da Tijuca,TCP,49110465.087,0.0,0.0
2016,330455705132,Camorim,ADA,8382818.669,0.0,0.0
2016,330455705132,Camorim,CV,8382818.669,0.0,0.0
2016,330455705132,Camorim,Milicia,8382818.669,1600431.357,19.091805
2016,330455705132,Camorim,TCP,8382818.669,0.0,0.0
2016,330455705133,Vargem Pequena,ADA,14217990.568,0.0,0.0
2016,330455705133,Vargem Pequena,CV,14217990.568,0.0,0.0
2016,330455705133,Vargem Pequena,Milicia,14217990.568,1950388.091,13.717748
2016,330455705133,Vargem Pequena,TCP,14217990.568,0.0,0.0
2016,330455705134,Vargem Grande,ADA,39432003.265,0.0,0.0
2016,330455705134,Vargem Grande,CV,39432003.265,0.0,0.0
2016,330455705134,Vargem Grande,Milicia,39432003.265,386428.913,0.979988
2016,330455705134,Vargem Grande,TCP,39432003.265,0.0,0.0
2016,330455705135,Recreio dos Bandeirantes,ADA,31185606.999,0.0,0.0
2016,330455705135,Recreio dos Bandeirantes,CV,31185606.999,0.0,0.0
2016,330455705135,Recreio dos Bandeirantes,Milicia,31185606.999,2371844.748,7.605575
2016,330455705135,Recreio dos Bandeirantes,TCP,31185606.999,0.0,0.0
2016,330455705136,Grumari,ADA,9952429.072,0.0,0.0
2016,330455705136,Grumari,CV,9952429.072,0.0,0.0
2016,330455705136,Grumari,Milicia,9952429.072,0.0,0.0
2016,330455705136,Grumari,TCP,9952429.072,0.0,0.0
2016,330455705137,Coelho Neto,ADA,2502135.272,163297.383,6.526321
2016,330455705137,Coelho Neto,CV,2502135.272,90105.213,3.601133
2016,330455705137,Coelho Neto,Milicia,2502135.272,0.0,0.0
2016,330455705137,Coelho Neto,TCP,2502135.272,2176.029,0.086967
2016,330455705138,Acari,ADA,1585077.274,0.0,0.0
2016,330455705138,Acari,CV,1585077.274,0.0,0.0
2016,330455705138,Acari,Milicia,1585077.274,0.0,0.0
2016,330455705138,Acari,TCP,1585077.274,665407.277,41.979485
2016,330455705139,Barros Filho,ADA,1761486.011,759967.875,43.143566
2016,330455705139,Barros Filho,CV,1761486.011,396.149,0.022489
2016,330455705139,Barros Filho,Milicia,1761486.011,0.0,0.0
2016,330455705139,Barros Filho,TCP,1761486.011,0.0,0.0
2016,330455705140,Costa Barros,ADA,1854314.876,479110.83,25.83762
2016,330455705140,Costa Barros,CV,1854314.876,546570.164,29.475585
2016,330455705140,Costa Barros,Milicia,1854314.876,0.0,0.0
2016,330455705140,Costa Barros,TCP,1854314.876,0.0,0.0
2016,330455705141,Pavuna,ADA,8250574.787,922459.187,11.180545
2016,330455705141,Pavuna,CV,8250574.787,1365084.082,16.545321
2016,330455705141,Pavuna,Milicia,8250574.787,485332.137,5.882404
2016,330455705141,Pavuna,TCP,8250574.787,35433.18,0.429463
2016,330455705142,Guaratiba,ADA,135062990.914,0.0,0.0
2016,330455705142,Guaratiba,CV,135062990.914,0.0,0.0
2016,330455705142,Guaratiba,Milicia,135062990.914,9200140.807,6.811741
2016,330455705142,Guaratiba,TCP,135062990.914,0.0,0.0
2016,330455705143,Barra de Guaratiba,ADA,9977019.052,0.0,0.0
2016,330455705143,Barra de Guaratiba,CV,9977019.052,0.0,0.0
2016,330455705143,Barra de Guaratiba,Milicia,9977019.052,0.0,0.0
2016,330455705143,Barra de Guaratiba,TCP,9977019.052,0.0,0.0
2016,330455705144,Pedra de Guaratiba,ADA,3641094.955,0.0,0.0
2016,330455705144,Pedra de Guaratiba,CV,3641094.955,0.0,0.0
2016,330455705144,Pedra de Guaratiba,Milicia,3641094.955,74231.715,2.03872
2016,330455705144,Pedra de Guaratiba,TCP,3641094.955,0.0,0.0
2016,330455705145,Higienópolis,ADA,1151794.312,0.0,0.0
2016,330455705145,Higienópolis,CV,1151794.312,11302.359,0.981283
2016,330455705145,Higienópolis,Milicia,1151794.312,16509.437,1.433367
2016,330455705145,Higienópolis,TCP,1151794.312,0.0,0.0
2016,330455705146,Jacaré,ADA,904148.125,0.0,0.0
2016,330455705146,Jacaré,CV,904148.125,64709.921,7.157004
2016,330455705146,Jacaré,Milicia,904148.125,0.0,0.0
2016,330455705146,Jacaré,TCP,904148.125,0.0,0.0
2016,330455705147,Maria da Graça,ADA,874970.376,0.0,0.0
2016,330455705147,Maria da Graça,CV,874970.376,294.941,0.033709
2016,330455705147,Maria da Graça,Milicia,874970.376,0.0,0.0
2016,330455705147,Maria da Graça,TCP,874970.376,0.0,0.0
2016,330455705148,Del Castilho,ADA,1383449.914,0.0,0.0
2016,330455705148,Del Castilho,CV,1383449.914,21055.936,1.521988
2016,330455705148,Del Castilho,Milicia,1383449.914,829759.647,59.97757
2016,330455705148,Del Castilho,TCP,1383449.914,0.0,0.0
2016,330455705149,Inhaúma,ADA,3496464.039,0.0,0.0
2016,330455705149,Inhaúma,CV,3496464.039,339198.823,9.701196
2016,330455705149,Inhaúma,Milicia,3496464.039,854182.507,24.429895
2016,330455705149,Inhaúma,TCP,3496464.039,0.0,0.0
2016,330455705150,Engenho da Rainha,ADA,2257186.131,0.0,0.0
2016,330455705150,Engenho da Rainha,CV,2257186.131,578468.479,25.627859
2016,330455705150,Engenho da Rainha,Milicia,2257186.131,0.0,0.0
2016,330455705150,Engenho da Rainha,TCP,2257186.131,0.0,0.0
2016,330455705151,Tomás Coelho,ADA,1774340.341,181804.384,10.246308
2016,330455705151,Tomás Coelho,CV,1774340.341,116591.322,6.570967
2016,330455705151,Tomás Coelho,Milicia,1774340.341,0.0,0.0
2016,330455705151,Tomás Coelho,TCP,1774340.341,0.0,0.0
2016,330455705152,Saúde,ADA,344572.668,0.0,0.0
2016,330455705152,Saúde,CV,344572.668,0.0,0.0
2016,330455705152,Saúde,Milicia,344572.668,0.0,0.0
2016,330455705152,Saúde,TCP,344572.668,0.0,0.0
2016,330455705153,Paquetá,ADA,1675845.054,163725.228,9.769712
2016,330455705153,Paquetá,CV,1675845.054,24864.53,1.483701
2016,330455705153,Paquetá,Milicia,1675845.054,0.0,0.0
2016,330455705153,Paquetá,TCP,1675845.054,0.0,0.0
2016,330455705154,Parque Columbia,ADA,1519835.366,20488.1,1.348047
2016,330455705154,Parque Columbia,CV,1519835.366,0.0,0.0
2016,330455705154,Parque Columbia,Milicia,1519835.366,18.606,0.001224
2016,330455705154,Parque Columbia,TCP,1519835.366,113570.978,7.472584
2016,330455705155,Jacarezinho,ADA,991554.655,0.0,0.0
2016,330455705155,Jacarezinho,CV,991554.655,526225.999,53.070801
2016,330455705155,Jacarezinho,Milicia,991554.655,0.0,0.0
2016,330455705155,Jacarezinho,TCP,991554.655,0.0,0.0
2016,330455705156,Rocinha,ADA,1460252.789,906579.798,62.083757
2016,330455705156,Rocinha,CV,1460252.789,0.0,0.0
2016,330455705156,Rocinha,Milicia,1460252.789,0.0,0.0
2016,330455705156,Rocinha,TCP,1460252.789,0.0,0.0
2016,330455705157,Complexo do Alemão,ADA,2854606.277,0.0,0.0
2016,330455705157,Complexo do Alemão,CV,2854606.277,1973590.552,69.137049
2016,330455705157,Complexo do Alemão,Milicia,2854606.277,0.0,0.0
2016,330455705157,Complexo do Alemão,TCP,2854606.277,0.0,0.0
2016,330455705158,Maré,ADA,4347749.885,0.0,0.0
2016,330455705158,Maré,CV,4347749.885,952214.684,21.901322
2016,330455705158,Maré,Milicia,4347749.885,850249.124,19.556073
2016,330455705158,Maré,TCP,4347749.885,1237801.578,28.469935
2016,330455705159,Vasco da Gama,ADA,1051322.951,0.0,0.0
2016,330455705159,Vasco da Gama,CV,1051322.951,107375.1,10.213332
2016,330455705159,Vasco da Gama,Milicia,1051322.951,0.0,0.0
2016,330455705159,Vasco da Gama,TCP,1051322.951,0.0,0.0
2016,330455705160,Gericinó,ADA,1903405.18,0.0,0.0
2016,330455705160,Gericinó,CV,1903405.18,61892.983,3.251698
2016,330455705160,Gericinó,Milicia,1903405.18,39180.263,2.05843
2016,330455705160,Gericinó,TCP,1903405.18,0.0,0.0
2017,330455705001,Centro,ADA,5999470.914,0.0,0.0
2017,330455705001,Centro,CV,5999470.914,0.0,0.0
2017,330455705001,Centro,Milicia,5999470.914,231598.702,3.860319
2017,330455705001,Centro,TCP,5999470.914,0.0,0.0
2017,330455705002,Gamboa,ADA,1136868.144,0.0,0.0
2017,330455705002,Gamboa,CV,1136868.144,108806.99,9.570766
2017,330455705002,Gamboa,Milicia,1136868.144,0.0,0.0
2017,330455705002,Gamboa,TCP,1136868.144,0.0,0.0
2017,330455705003,Santo Cristo,ADA,1672344.478,0.0,0.0
2017,330455705003,Santo Cristo,CV,1672344.478,39947.24,2.388697
2017,330455705003,Santo Cristo,Milicia,1672344.478,15.006,0.000897
2017,330455705003,Santo Cristo,TCP,1672344.478,0.0,0.0
2017,330455705004,Caju,ADA,5067155.95,198718.263,3.921692
2017,330455705004,Caju,CV,5067155.95,56895.643,1.122832
2017,330455705004,Caju,Milicia,5067155.95,0.0,0.0
2017,330455705004,Caju,TCP,5067155.95,407.009,0.008032
2017,330455705005,Catumbi,ADA,632389.034,147786.3,23.369523
2017,330455705005,Catumbi,CV,632389.034,8.618,0.001363
2017,330455705005,Catumbi,Milicia,632389.034,0.0,0.0
2017,330455705005,Catumbi,TCP,632389.034,0.0,0.0
2017,330455705006,Rio Comprido,ADA,3330278.597,102421.799,3.075472
2017,330455705006,Rio Comprido,CV,3330278.597,367807.978,11.044361
2017,330455705006,Rio Comprido,Milicia,3330278.597,0.0,0.0
2017,330455705006,Rio Comprido,TCP,3330278.597,0.0,0.0
2017,330455705007,Cidade Nova,ADA,936691.34,0.0,0.0
2017,330455705007,Cidade Nova,CV,936691.34,0.187,2e-05
2017,330455705007,Cidade Nova,Milicia,936691.34,0.969,0.000103
2017,330455705007,Cidade Nova,TCP,936691.34,0.0,0.0
2017,330455705008,Estácio,ADA,914078.001,158365.603,17.325174
2017,330455705008,Estácio,CV,914078.001,0.0,0.0
2017,330455705008,Estácio,Milicia,914078.001,0.0,0.0
2017,330455705008,Estácio,TCP,914078.001,0.0,0.0
2017,330455705009,Flamengo,ADA,1652155.006,23906.883,1.447012
2017,330455705009,Flamengo,CV,1652155.006,0.0,0.0
2017,330455705009,Flamengo,Milicia,1652155.006,0.0,0.0
2017,330455705009,Flamengo,TCP,1652155.006,0.0,0.0
2017,330455705010,Glória,ADA,1125643.202,0.0,0.0
2017,330455705010,Glória,CV,1125643.202,13.885,0.001234
2017,330455705010,Glória,Milicia,1125643.202,0.0,0.0
2017,330455705010,Glória,TCP,1125643.202,0.0,0.0
2017,330455705011,Laranjeiras,ADA,2488268.891,370.463,0.014888
2017,330455705011,Laranjeiras,CV,2488268.891,72703.449,2.921849
2017,330455705011,Laranjeiras,Milicia,2488268.891,0.0,0.0
2017,330455705011,Laranjeiras,TCP,2488268.891,0.0,0.0
2017,330455705012,Catete,ADA,690904.333,0.0,0.0
2017,330455705012,Catete,CV,690904.333,44946.383,6.505442
2017,330455705012,Catete,Milicia,690904.333,0.0,0.0
2017,330455705012,Catete,TCP,690904.333,0.0,0.0
2017,330455705013,Cosme Velho,ADA,933880.948,0.0,0.0
2017,330455705013,Cosme Velho,CV,933880.948,96808.358,10.366242
2017,330455705013,Cosme Velho,Milicia,933880.948,0.0,0.0
2017,330455705013,Cosme Velho,TCP,933880.948,0.0,0.0
2017,330455705014,Botafogo,ADA,4793518.99,181.399,0.003784
2017,330455705014,Botafogo,CV,4793518.99,108620.422,2.265985
2017,330455705014,Botafogo,Milicia,4793518.99,0.0,0.0
2017,330455705014,Botafogo,TCP,4793518.99,0.0,0.0
2017,330455705015,Urca,ADA,2443671.98,0.0,0.0
2017,330455705015,Urca,CV,2443671.98,0.0,0.0
2017,330455705015,Urca,Milicia,2443671.98,0.0,0.0
2017,330455705015,Urca,TCP,2443671.98,0.0,0.0
2017,330455705016,Humaitá,ADA,1068177.754,0.0,0.0
2017,330455705016,Humaitá,CV,1068177.754,5547.437,0.519337
2017,330455705016,Humaitá,Milicia,1068177.754,0.0,0.0
2017,330455705016,Humaitá,TCP,1068177.754,0.0,0.0
2017,330455705017,Leme,ADA,1017046.998,0.0,0.0
2017,330455705017,Leme,CV,1017046.998,154956.837,15.235956
2017,330455705017,Leme,Milicia,1017046.998,0.0,0.0
2017,330455705017,Leme,TCP,1017046.998,0.0,0.0
2017,330455705018,Copacabana,ADA,4201270.477,0.0,0.0
2017,330455705018,Copacabana,CV,4201270.477,211677.279,5.038411
2017,330455705018,Copacabana,Milicia,4201270.477,0.0,0.0
2017,330455705018,Copacabana,TCP,4201270.477,0.0,0.0
2017,330455705019,Ipanema,ADA,3060078.202,0.0,0.0
2017,330455705019,Ipanema,CV,3060078.202,46130.548,1.507496
2017,330455705019,Ipanema,Milicia,3060078.202,0.0,0.0
2017,330455705019,Ipanema,TCP,3060078.202,0.0,0.0
2017,330455705020,Leblon,ADA,2118156.856,11750.6,0.554756
2017,330455705020,Leblon,CV,2118156.856,0.0,0.0
2017,330455705020,Leblon,Milicia,2118156.856,0.0,0.0
2017,330455705020,Leblon,TCP,2118156.856,0.0,0.0
2017,330455705021,Lagoa,ADA,5193577.874,5.53,0.000106
2017,330455705021,Lagoa,CV,5193577.874,845.013,0.01627
2017,330455705021,Lagoa,Milicia,5193577.874,0.0,0.0
2017,330455705021,Lagoa,TCP,5193577.874,0.0,0.0
2017,330455705022,Jardim Botânico,ADA,2817694.6,0.0,0.0
2017,330455705022,Jardim Botânico,CV,2817694.6,0.0,0.0
2017,330455705022,Jardim Botânico,Milicia,2817694.6,0.0,0.0
2017,330455705022,Jardim Botânico,TCP,2817694.6,0.0,0.0
2017,330455705023,Gávea,ADA,2733785.645,31232.71,1.142471
2017,330455705023,Gávea,CV,2733785.645,0.0,0.0
2017,330455705023,Gávea,Milicia,2733785.645,0.0,0.0
2017,330455705023,Gávea,TCP,2733785.645,0.0,0.0
2017,330455705024,Vidigal,ADA,1781818.869,248487.879,13.945743
2017,330455705024,Vidigal,CV,1781818.869,0.0,0.0
2017,330455705024,Vidigal,Milicia,1781818.869,0.0,0.0
2017,330455705024,Vidigal,TCP,1781818.869,0.0,0.0
2017,330455705025,São Conrado,ADA,6668231.159,39173.886,0.58747
2017,330455705025,São Conrado,CV,6668231.159,0.0,0.0
2017,330455705025,São Conrado,Milicia,6668231.159,0.0,0.0
2017,330455705025,São Conrado,TCP,6668231.159,0.0,0.0
2017,330455705026,São Cristóvão,ADA,3794648.396,0.0,0.0
2017,330455705026,São Cristóvão,CV,3794648.396,339592.846,8.949257
2017,330455705026,São Cristóvão,Milicia,3794648.396,7.29,0.000192
2017,330455705026,São Cristóvão,TCP,3794648.396,227.141,0.005986
2017,330455705027,Mangueira,ADA,965517.733,0.0,0.0
2017,330455705027,Mangueira,CV,965517.733,356854.481,36.95991
2017,330455705027,Mangueira,Milicia,965517.733,0.0,0.0
2017,330455705027,Mangueira,TCP,965517.733,0.0,0.0
2017,330455705028,Benfica,ADA,1803020.832,1136.645,0.063041
2017,330455705028,Benfica,CV,1803020.832,156507.949,8.680318
2017,330455705028,Benfica,Milicia,1803020.832,26264.679,1.456704
2017,330455705028,Benfica,TCP,1803020.832,2203.972,0.122238
2017,330455705029,Praça da Bandeira,ADA,759082.679,0.0,0.0
2017,330455705029,Praça da Bandeira,CV,759082.679,0.0,0.0
2017,330455705029,Praça da Bandeira,Milicia,759082.679,208844.83,27.512791
2017,330455705029,Praça da Bandeira,TCP,759082.679,0.0,0.0
2017,330455705030,Tijuca,ADA,9943019.197,19227.095,0.193373
2017,330455705030,Tijuca,CV,9943019.197,761805.774,7.661715
2017,330455705030,Tijuca,Milicia,9943019.197,0.0,0.0
2017,330455705030,Tijuca,TCP,9943019.197,85166.149,0.856542
2017,330455705031,Alto da Boa Vista,ADA,31327174.846,0.0,0.0
2017,330455705031,Alto da Boa Vista,CV,31327174.846,214619.037,0.685089
2017,330455705031,Alto da Boa Vista,Milicia,31327174.846,2479.521,0.007915
2017,330455705031,Alto da Boa Vista,TCP,31327174.846,0.0,0.0
2017,330455705032,Maracanã,ADA,1618236.441,0.0,0.0
2017,330455705032,Maracanã,CV,1618236.441,6310.973,0.389991
2017,330455705032,Maracanã,Milicia,1618236.441,0.0,0.0
2017,330455705032,Maracanã,TCP,1618236.441,0.0,0.0
2017,330455705033,Vila Isabel,ADA,3335039.051,271270.393,8.13395
2017,330455705033,Vila Isabel,CV,3335039.051,0.0,0.0
2017,330455705033,Vila Isabel,Milicia,3335039.051,0.0,0.0
2017,330455705033,Vila Isabel,TCP,3335039.051,0.0,0.0
2017,330455705034,Andaraí,ADA,2288826.412,0.0,0.0
2017,330455705034,Andaraí,CV,2288826.412,313983.204,13.718087
2017,330455705034,Andaraí,Milicia,2288826.412,0.0,0.0
2017,330455705034,Andaraí,TCP,2288826.412,0.0,0.0
2017,330455705035,Grajaú,ADA,5666000.278,0.0,0.0
2017,330455705035,Grajaú,CV,5666000.278,262375.008,4.630692
2017,330455705035,Grajaú,Milicia,5666000.278,0.0,0.0
2017,330455705035,Grajaú,TCP,5666000.278,0.0,0.0
2017,330455705036,Manguinhos,ADA,2904792.726,0.0,0.0
2017,330455705036,Manguinhos,CV,2904792.726,376244.55,12.952544
2017,330455705036,Manguinhos,Milicia,2904792.726,65755.991,2.263707
2017,330455705036,Manguinhos,TCP,2904792.726,157.452,0.00542
2017,330455705037,Bonsucesso,ADA,2246914.385,0.0,0.0
2017,330455705037,Bonsucesso,CV,2246914.385,40041.623,1.782072
2017,330455705037,Bonsucesso,Milicia,2246914.385,0.0,0.0
2017,330455705037,Bonsucesso,TCP,2246914.385,226.526,0.010082
2017,330455705038,Ramos,ADA,2803461.571,0.0,0.0
2017,330455705038,Ramos,CV,2803461.571,207044.006,7.385299
2017,330455705038,Ramos,Milicia,2803461.571,1099806.512,39.230305
2017,330455705038,Ramos,TCP,2803461.571,0.0,0.0
2017,330455705039,Olaria,ADA,3777725.993,0.0,0.0
2017,330455705039,Olaria,CV,3777725.993,743551.69,19.68252
2017,330455705039,Olaria,Milicia,3777725.993,226215.576,5.988141
2017,330455705039,Olaria,TCP,3777725.993,0.0,0.0
2017,330455705040,Penha,ADA,5667327.123,0.0,0.0
2017,330455705040,Penha,CV,5667327.123,1158015.138,20.43318
2017,330455705040,Penha,Milicia,5667327.123,17773.968,0.313622
2017,330455705040,Penha,TCP,5667327.123,0.0,0.0
2017,330455705041,Penha Circular,ADA,4750762.719,0.0,0.0
2017,330455705041,Penha Circular,CV,4750762.719,815341.662,17.162332
2017,330455705041,Penha Circular,Milicia,4750762.719,87991.545,1.852156
2017,330455705041,Penha Circular,TCP,4750762.719,0.0,0.0
2017,330455705042,Brás de Pina,ADA,3512571.928,0.0,0.0
2017,330455705042,Brás de Pina,CV,3512571.928,163522.551,4.655351
2017,330455705042,Brás de Pina,Milicia,3512571.928,440217.18,12.532617
2017,330455705042,Brás de Pina,TCP,3512571.928,12470.08,0.355013
2017,330455705043,Cordovil,ADA,3753939.247,0.0,0.0
2017,330455705043,Cordovil,CV,3753939.247,326675.008,8.702192
2017,330455705043,Cordovil,Milicia,3753939.247,133288.534,3.550631
2017,330455705043,Cordovil,TCP,3753939.247,268953.248,7.16456
2017,330455705044,Parada de Lucas,ADA,2297621.975,0.0,0.0
2017,330455705044,Parada de Lucas,CV,2297621.975,7297.798,0.317624
2017,330455705044,Parada de Lucas,Milicia,2297621.975,18203.319,0.792268
2017,330455705044,Parada de Lucas,TCP,2297621.975,605997.664,26.374994
2017,330455705045,Vigário Geral,ADA,3417305.816,0.0,0.0
2017,330455705045,Vigário Geral,CV,3417305.816,321721.571,9.41448
2017,330455705045,Vigário Geral,Milicia,3417305.816,0.0,0.0
2017,330455705045,Vigário Geral,TCP,3417305.816,161833.148,4.735694
2017,330455705046,Jardim América,ADA,1948170.717,0.0,0.0
2017,330455705046,Jardim América,CV,1948170.717,209897.526,10.774083
2017,330455705046,Jardim América,Milicia,1948170.717,0.0,0.0
2017,330455705046,Jardim América,TCP,1948170.717,0.0,0.0
2017,330455705047,São Francisco Xavier,ADA,665866.707,0.0,0.0
2017,330455705047,São Francisco Xavier,CV,665866.707,8657.787,1.300228
2017,330455705047,São Francisco Xavier,Milicia,665866.707,0.0,0.0
2017,330455705047,São Francisco Xavier,TCP,665866.707,0.0,0.0
2017,330455705048,Rocha,ADA,1195663.72,0.0,0.0
2017,330455705048,Rocha,CV,1195663.72,0.0,0.0
2017,330455705048,Rocha,Milicia,1195663.72,0.0,0.0
2017,330455705048,Rocha,TCP,1195663.72,0.0,0.0
2017,330455705049,Riachuelo,ADA,1007501.654,0.0,0.0
2017,330455705049,Riachuelo,CV,1007501.654,0.0,0.0
2017,330455705049,Riachuelo,Milicia,1007501.654,0.0,0.0
2017,330455705049,Riachuelo,TCP,1007501.654,0.0,0.0
2017,330455705050,Sampaio,ADA,834065.511,0.0,0.0
2017,330455705050,Sampaio,CV,834065.511,29032.545,3.480847
2017,330455705050,Sampaio,Milicia,834065.511,0.0,0.0
2017,330455705050,Sampaio,TCP,834065.511,0.0,0.0
2017,330455705051,Engenho Novo,ADA,2670486.436,1106.168,0.041422
2017,330455705051,Engenho Novo,CV,2670486.436,522982.587,19.583795
2017,330455705051,Engenho Novo,Milicia,2670486.436,872.648,0.032677
2017,330455705051,Engenho Novo,TCP,2670486.436,0.0,0.0
2017,330455705052,Lins de Vasconcelos,ADA,2795375.736,0.0,0.0
2017,330455705052,Lins de Vasconcelos,CV,2795375.736,747280.068,26.732724
2017,330455705052,Lins de Vasconcelos,Milicia,2795375.736,0.0,0.0
2017,330455705052,Lins de Vasconcelos,TCP,2795375.736,0.0,0.0
2017,330455705053,Méier,ADA,2365369.616,0.0,0.0
2017,330455705053,Méier,CV,2365369.616,83586.886,3.533777
2017,330455705053,Méier,Milicia,2365369.616,108213.338,4.574902
2017,330455705053,Méier,TCP,2365369.616,0.0,0.0
2017,330455705054,Todos os Santos,ADA,1096583.584,0.0,0.0
2017,330455705054,Todos os Santos,CV,1096583.584,0.024,2e-06
2017,330455705054,Todos os Santos,Milicia,1096583.584,51434.601,4.690441
2017,330455705054,Todos os Santos,TCP,1096583.584,0.0,0.0
2017,330455705055,Cachambi,ADA,2184248.384,0.0,0.0
2017,330455705055,Cachambi,CV,2184248.384,24161.522,1.106171
2017,330455705055,Cachambi,Milicia,2184248.384,381316.2,17.457548
2017,330455705055,Cachambi,TCP,2184248.384,0.0,0.0
2017,330455705056,Engenho de Dentro,ADA,3860558.733,0.0,0.0
2017,330455705056,Engenho de Dentro,CV,3860558.733,372604.023,9.651557
2017,330455705056,Engenho de Dentro,Milicia,3860558.733,367755.044,9.525954
2017,330455705056,Engenho de Dentro,TCP,3860558.733,0.0,0.0
2017,330455705057,Água Santa,ADA,2443119.047,0.0,0.0
2017,330455705057,Água Santa,CV,2443119.047,8827.196,0.361308
2017,330455705057,Água Santa,Milicia,2443119.047,69132.818,2.829695
2017,330455705057,Água Santa,TCP,2443119.047,0.0,0.0
2017,330455705058,Encantado,ADA,1017956.092,0.0,0.0
2017,330455705058,Encantado,CV,1017956.092,5034.295,0.494549
2017,330455705058,Encantado,Milicia,1017956.092,68155.616,6.695339
2017,330455705058,Encantado,TCP,1017956.092,0.0,0.0
2017,330455705059,Piedade,ADA,3975814.299,122936.776,3.092116
2017,330455705059,Piedade,CV,3975814.299,0.0,0.0
2017,330455705059,Piedade,Milicia,3975814.299,913994.167,22.988855
2017,330455705059,Piedade,TCP,3975814.299,0.0,0.0
2017,330455705060,Abolição,ADA,681919.203,119.689,0.017552
2017,330455705060,Abolição,CV,681919.203,0.0,0.0
2017,330455705060,Abolição,Milicia,681919.203,87124.047,12.776301
2017,330455705060,Abolição,TCP,681919.203,0.0,0.0
2017,330455705061,Pilares,ADA,1736724.672,115844.411,6.670281
2017,330455705061,Pilares,CV,1736724.672,197072.638,11.347374
2017,330455705061,Pilares,Milicia,1736724.672,340747.736,19.620136
2017,330455705061,Pilares,TCP,1736724.672,0.0,0.0
2017,330455705062,Vila Kosmos,ADA,1459829.177,0.0,0.0
2017,330455705062,Vila Kosmos,CV,1459829.177,569076.801,38.982424
2017,330455705062,Vila Kosmos,Milicia,1459829.177,199028.106,13.633657
2017,330455705062,Vila Kosmos,TCP,1459829.177,0.0,0.0
2017,330455705063,Vicente de Carvalho,ADA,1861712.205,332640.138,17.867431
2017,330455705063,Vicente de Carvalho,CV,1861712.205,380282.811,20.426509
2017,330455705063,Vicente de Carvalho,Milicia,1861712.205,0.0,0.0
2017,330455705063,Vicente de Carvalho,TCP,1861712.205,135.146,0.007259
2017,330455705064,Vila da Penha,ADA,1459935.08,0.0,0.0
2017,330455705064,Vila da Penha,CV,1459935.08,0.0,0.0
2017,330455705064,Vila da Penha,Milicia,1459935.08,946.811,0.064853
2017,330455705064,Vila da Penha,TCP,1459935.08,0.0,0.0
2017,330455705065,Vista Alegre,ADA,543631.474,0.0,0.0
2017,330455705065,Vista Alegre,CV,543631.474,670.515,0.12334
2017,330455705065,Vista Alegre,Milicia,543631.474,0.0,0.0
2017,330455705065,Vista Alegre,TCP,543631.474,0.0,0.0
2017,330455705066,Irajá,ADA,7756434.911,0.0,0.0
2017,330455705066,Irajá,CV,7756434.911,151035.744,1.947232
2017,330455705066,Irajá,Milicia,7756434.911,574357.857,7.404921
2017,330455705066,Irajá,TCP,7756434.911,62919.347,0.811189
2017,330455705067,Colégio,ADA,1977696.341,0.0,0.0
2017,330455705067,Colégio,CV,1977696.341,45498.33,2.300572
2017,330455705067,Colégio,Milicia,1977696.341,0.0,0.0
2017,330455705067,Colégio,TCP,1977696.341,438301.149,22.162207
2017,330455705068,Campinho,ADA,818895.95,0.0,0.0
2017,330455705068,Campinho,CV,818895.95,0.0,0.0
2017,330455705068,Campinho,Milicia,818895.95,589034.301,71.930298
2017,330455705068,Campinho,TCP,818895.95,0.0,0.0
2017,330455705069,Quintino Bocaiúva,ADA,4327748.625,79369.556,1.833969
2017,330455705069,Quintino Bocaiúva,CV,4327748.625,0.0,0.0
2017,330455705069,Quintino Bocaiúva,Milicia,4327748.625,1526736.715,35.277851
2017,330455705069,Quintino Bocaiúva,TCP,4327748.625,0.0,0.0
2017,330455705070,Cavalcanti,ADA,1841740.248,149390.686,8.111387
2017,330455705070,Cavalcanti,CV,1841740.248,0.0,0.0
2017,330455705070,Cavalcanti,Milicia,1841740.248,160404.216,8.709383
2017,330455705070,Cavalcanti,TCP,1841740.248,986.873,0.053584
2017,330455705071,Engenheiro Leal,ADA,666173.029,0.0,0.0
2017,330455705071,Engenheiro Leal,CV,666173.029,0.0,0.0
2017,330455705071,Engenheiro Leal,Milicia,666173.029,69909.986,10.494268
2017,330455705071,Engenheiro Leal,TCP,666173.029,69849.801,10.485234
2017,330455705072,Cascadura,ADA,3007879.708,0.0,0.0
2017,330455705072,Cascadura,CV,3007879.708,2564.621,0.085263
2017,330455705072,Cascadura,Milicia,3007879.708,2227367.525,74.051084
2017,330455705072,Cascadura,TCP,3007879.708,0.0,0.0
2017,330455705073,Madureira,ADA,3784149.277,0.0,0.0
2017,330455705073,Madureira,CV,3784149.277,219332.656,5.796089
2017,330455705073,Madureira,Milicia,3784149.277,1148305.818,30.345151
2017,330455705073,Madureira,TCP,3784149.277,362395.85,9.57668
2017,330455705074,Vaz Lobo,ADA,1053976.763,0.0,0.0
2017,330455705074,Vaz Lobo,CV,1053976.763,20201.915,1.916733
2017,330455705074,Vaz Lobo,Milicia,1053976.763,0.0,0.0
2017,330455705074,Vaz Lobo,TCP,1053976.763,111474.327,10.576545
2017,330455705075,Turiaçu,ADA,1312987.215,0.0,0.0
2017,330455705075,Turiaçu,CV,1312987.215,403763.083,30.751486
2017,330455705075,Turiaçu,Milicia,1312987.215,1663.177,0.126671
2017,330455705075,Turiaçu,TCP,1312987.215,0.0,0.0
2017,330455705076,Rocha Miranda,ADA,2931197.068,0.0,0.0
2017,330455705076,Rocha Miranda,CV,2931197.068,662096.455,22.58792
2017,330455705076,Rocha Miranda,Milicia,2931197.068,0.0,0.0
2017,330455705076,Rocha Miranda,TCP,2931197.068,0.0,0.0
2017,330455705077,Honório Gurgel,ADA,1291655.929,55.307,0.004282
2017,330455705077,Honório Gurgel,CV,1291655.929,138373.682,10.71289
2017,330455705077,Honório Gurgel,Milicia,1291655.929,54437.386,4.214542
2017,330455705077,Honório Gurgel,TCP,1291655.929,0.0,0.0
2017,330455705078,Oswaldo Cruz,ADA,2109374.788,0.0,0.0
2017,330455705078,Oswaldo Cruz,CV,2109374.788,6228.193,0.295263
2017,330455705078,Oswaldo Cruz,Milicia,2109374.788,91428.301,4.334379
2017,330455705078,Oswaldo Cruz,TCP,2109374.788,0.0,0.0
2017,330455705079,Bento Ribeiro,ADA,3148947.915,0.0,0.0
2017,330455705079,Bento Ribeiro,CV,3148947.915,8335.575,0.26471
2017,330455705079,Bento Ribeiro,Milicia,3148947.915,28886.685,0.917344
2017,330455705079,Bento Ribeiro,TCP,3148947.915,0.0,0.0
2017,330455705080,Marechal Hermes,ADA,3842053.359,0.0,0.0
2017,330455705080,Marechal Hermes,CV,3842053.359,249998.263,6.506892
2017,330455705080,Marechal Hermes,Milicia,3842053.359,116122.969,3.022419
2017,330455705080,Marechal Hermes,TCP,3842053.359,42001.684,1.093209
2017,330455705081,Jacarepaguá,ADA,74749389.951,0.0,0.0
2017,330455705081,Jacarepaguá,CV,74749389.951,168960.468,0.226036
2017,330455705081,Jacarepaguá,Milicia,74749389.951,12214981.717,16.341246
2017,330455705081,Jacarepaguá,TCP,74749389.951,0.0,0.0
2017,330455705082,Anil,ADA,3773328.725,0.0,0.0
2017,330455705082,Anil,CV,3773328.725,14291.005,0.378737
2017,330455705082,Anil,Milicia,3773328.725,716321.108,18.983798
2017,330455705082,Anil,TCP,3773328.725,0.0,0.0
2017,330455705083,Gardênia Azul,ADA,949103.226,0.0,0.0
2017,330455705083,Gardênia Azul,CV,949103.226,111.158,0.011712
2017,330455705083,Gardênia Azul,Milicia,949103.226,772428.388,81.385077
2017,330455705083,Gardênia Azul,TCP,949103.226,0.0,0.0
2017,330455705084,Cidade de Deus,ADA,1390931.874,0.0,0.0
2017,330455705084,Cidade de Deus,CV,1390931.874,970155.23,69.74858
2017,330455705084,Cidade de Deus,Milicia,1390931.874,3724.898,0.267799
2017,330455705084,Cidade de Deus,TCP,1390931.874,0.0,0.0
2017,330455705085,Curicica,ADA,3339007.728,0.0,0.0
2017,330455705085,Curicica,CV,3339007.728,0.0,0.0
2017,330455705085,Curicica,Milicia,3339007.728,1892839.132,56.688672
2017,330455705085,Curicica,TCP,3339007.728,0.0,0.0
2017,330455705086,Freguesia (Jacarepaguá),ADA,10108021.173,0.0,0.0
2017,330455705086,Freguesia (Jacarepaguá),CV,10108021.173,344867.394,3.411819
2017,330455705086,Freguesia (Jacarepaguá),Milicia,10108021.173,662610.719,6.555296
2017,330455705086,Freguesia (Jacarepaguá),TCP,10108021.173,0.0,0.0
2017,330455705087,Pechincha,ADA,3127046.955,0.0,0.0
2017,330455705087,Pechincha,CV,3127046.955,60403.716,1.931654
2017,330455705087,Pechincha,Milicia,3127046.955,107104.096,3.425088
2017,330455705087,Pechincha,TCP,3127046.955,0.0,0.0
2017,330455705088,Taquara,ADA,13409639.819,0.0,0.0
2017,330455705088,Taquara,CV,13409639.819,109723.892,0.818246
2017,330455705088,Taquara,Milicia,13409639.819,5077572.837,37.865095
2017,330455705088,Taquara,TCP,13409639.819,0.0,0.0
2017,330455705089,Tanque,ADA,5758334.63,0.0,0.0
2017,330455705089,Tanque,CV,5758334.63,253.375,0.0044
2017,330455705089,Tanque,Milicia,5758334.63,2106061.194,36.574137
2017,330455705089,Tanque,TCP,5758334.63,0.0,0.0
2017,330455705090,Praça Seca,ADA,6556015.532,0.0,0.0
2017,330455705090,Praça Seca,CV,6556015.532,0.0,0.0
2017,330455705090,Praça Seca,Milicia,6556015.532,4516519.621,68.891228
2017,330455705090,Praça Seca,TCP,6556015.532,0.0,0.0
2017,330455705091,Vila Valqueire,ADA,4013527.509,0.0,0.0
2017,330455705091,Vila Valqueire,CV,4013527.509,0.0,0.0
2017,330455705091,Vila Valqueire,Milicia,4013527.509,1217786.212,30.342042
2017,330455705091,Vila Valqueire,TCP,4013527.509,0.0,0.0
2017,330455705092,Deodoro,ADA,4683193.264,0.0,0.0
2017,330455705092,Deodoro,CV,4683193.264,1033.211,0.022062
2017,330455705092,Deodoro,Milicia,4683193.264,2464.047,0.052615
2017,330455705092,Deodoro,TCP,4683193.264,297482.521,6.35213
2017,330455705093,Vila Militar,ADA,10520035.885,0.0,0.0
2017,330455705093,Vila Militar,CV,10520035.885,0.0,0.0
2017,330455705093,Vila Militar,Milicia,10520035.885,393309.756,3.738673
2017,330455705093,Vila Militar,TCP,10520035.885,0.0,0.0
2017,330455705094,Campo dos Afonsos,ADA,3173081.541,0.0,0.0
2017,330455705094,Campo dos Afonsos,CV,3173081.541,0.0,0.0
2017,330455705094,Campo dos Afonsos,Milicia,3173081.541,0.0,0.0
2017,330455705094,Campo dos Afonsos,TCP,3173081.541,0.0,0.0
2017,330455705095,Jardim Sulacap,ADA,7838000.908,0.0,0.0
2017,330455705095,Jardim Sulacap,CV,7838000.908,0.0,0.0
2017,330455705095,Jardim Sulacap,Milicia,7838000.908,20616.104,0.263028
2017,330455705095,Jardim Sulacap,TCP,7838000.908,0.0,0.0
2017,330455705096,Magalhães Bastos,ADA,2054160.612,87299.092,4.249867
2017,330455705096,Magalhães Bastos,CV,2054160.612,0.0,0.0
2017,330455705096,Magalhães Bastos,Milicia,2054160.612,388382.439,18.907112
2017,330455705096,Magalhães Bastos,TCP,2054160.612,0.0,0.0
2017,330455705097,Realengo,ADA,25902981.11,590099.515,2.278114
2017,330455705097,Realengo,CV,25902981.11,27699.798,0.106937
2017,330455705097,Realengo,Milicia,25902981.11,4330293.442,16.717356
2017,330455705097,Realengo,TCP,25902981.11,93531.236,0.361083
2017,330455705098,Padre Miguel,ADA,4845945.365,1044355.155,21.551113
2017,330455705098,Padre Miguel,CV,4845945.365,21766.829,0.449176
2017,330455705098,Padre Miguel,Milicia,4845945.365,427900.513,8.830073
2017,330455705098,Padre Miguel,TCP,4845945.365,0.0,0.0
2017,330455705099,Bangu,ADA,37830395.943,1400276.344,3.701458
2017,330455705099,Bangu,CV,37830395.943,2282906.381,6.034582
2017,330455705099,Bangu,Milicia,37830395.943,3919713.015,10.361279
2017,330455705099,Bangu,TCP,37830395.943,1351775.283,3.573252
2017,330455705100,Senador Camará,ADA,17294389.899,73189.169,0.423196
2017,330455705100,Senador Camará,CV,17294389.899,178696.798,1.033265
2017,330455705100,Senador Camará,Milicia,17294389.899,249814.185,1.444481
2017,330455705100,Senador Camará,TCP,17294389.899,2205663.602,12.753636
2017,330455705101,Santíssimo,ADA,8471414.284,0.0,0.0
2017,330455705101,Santíssimo,CV,8471414.284,0.0,0.0
2017,330455705101,Santíssimo,Milicia,8471414.284,703376.302,8.302938
2017,330455705101,Santíssimo,TCP,8471414.284,335406.216,3.959271
2017,330455705102,Campo Grande,ADA,104874675.28,0.0,0.0
2017,330455705102,Campo Grande,CV,104874675.28,4205.162,0.00401
2017,330455705102,Campo Grande,Milicia,104874675.28,19319932.967,18.421924
2017,330455705102,Campo Grande,TCP,104874675.28,0.0,0.0
2017,330455705103,Senador Vasconcelos,ADA,6282463.302,0.0,0.0
2017,330455705103,Senador Vasconcelos,CV,6282463.302,0.0,0.0
2017,330455705103,Senador Vasconcelos,Milicia,6282463.302,618574.954,9.846058
2017,330455705103,Senador Vasconcelos,TCP,6282463.302,0.0,0.0
2017,330455705104,Inhoaíba,ADA,8246887.204,0.0,0.0
2017,330455705104,Inhoaíba,CV,8246887.204,231.804,0.002811
2017,330455705104,Inhoaíba,Milicia,8246887.204,3570768.121,43.298375
2017,330455705104,Inhoaíba,TCP,8246887.204,0.0,0.0
2017,330455705105,Cosmos,ADA,11341801.939,0.0,0.0
2017,330455705105,Cosmos,CV,11341801.939,0.0,0.0
2017,330455705105,Cosmos,Milicia,11341801.939,4357440.204,38.419294
2017,330455705105,Cosmos,TCP,11341801.939,0.0,0.0
2017,330455705106,Paciência,ADA,26711558.485,0.0,0.0
2017,330455705106,Paciência,CV,26711558.485,363748.436,1.361764
2017,330455705106,Paciência,Milicia,26711558.485,8257697.221,30.914322
2017,330455705106,Paciência,TCP,26711558.485,0.0,0.0
2017,330455705107,Santa Cruz,ADA,123060884.941,0.0,0.0
2017,330455705107,Santa Cruz,CV,123060884.941,1024290.484,0.832344
2017,330455705107,Santa Cruz,Milicia,123060884.941,16524342.816,13.427778
2017,330455705107,Santa Cruz,TCP,123060884.941,216910.412,0.176263
2017,330455705108,Sepetiba,ADA,11867945.594,0.0,0.0
2017,330455705108,Sepetiba,CV,11867945.594,0.0,0.0
2017,330455705108,Sepetiba,Milicia,11867945.594,7920390.158,66.737668
2017,330455705108,Sepetiba,TCP,11867945.594,0.0,0.0
2017,330455705109,Ribeira,ADA,873943.13,0.0,0.0
2017,330455705109,Ribeira,CV,873943.13,0.0,0.0
2017,330455705109,Ribeira,Milicia,873943.13,0.0,0.0
2017,330455705109,Ribeira,TCP,873943.13,0.0,0.0
2017,330455705110,Zumbi,ADA,182858.391,0.0,0.0
2017,330455705110,Zumbi,CV,182858.391,0.0,0.0
2017,330455705110,Zumbi,Milicia,182858.391,0.0,0.0
2017,330455705110,Zumbi,TCP,182858.391,0.0,0.0
2017,330455705111,Cacuia,ADA,2145636.701,0.0,0.0
2017,330455705111,Cacuia,CV,2145636.701,0.0,0.0
2017,330455705111,Cacuia,Milicia,2145636.701,81029.907,3.776497
2017,330455705111,Cacuia,TCP,2145636.701,0.014,1e-06
2017,330455705112,Pitangueiras,ADA,619268.101,0.0,0.0
2017,330455705112,Pitangueiras,CV,619268.101,0.0,0.0
2017,330455705112,Pitangueiras,Milicia,619268.101,113639.068,18.350544
2017,330455705112,Pitangueiras,TCP,619268.101,0.0,0.0
2017,330455705113,Praia da Bandeira,ADA,332647.93,0.0,0.0
2017,330455705113,Praia da Bandeira,CV,332647.93,0.0,0.0
2017,330455705113,Praia da Bandeira,Milicia,332647.93,0.0,0.0
2017,330455705113,Praia da Bandeira,TCP,332647.93,0.0,0.0
2017,330455705114,Cocotá,ADA,579176.523,0.0,0.0
2017,330455705114,Cocotá,CV,579176.523,0.0,0.0
2017,330455705114,Cocotá,Milicia,579176.523,0.0,0.0
2017,330455705114,Cocotá,TCP,579176.523,729.966,0.126035
2017,330455705115,Bancários,ADA,1020691.23,57075.198,5.591818
2017,330455705115,Bancários,CV,1020691.23,0.0,0.0
2017,330455705115,Bancários,Milicia,1020691.23,227.211,0.022261
2017,330455705115,Bancários,TCP,1020691.23,91996.693,9.013176
2017,330455705116,Freguesia (Ilha do Governador),ADA,4109015.707,0.0,0.0
2017,330455705116,Freguesia (Ilha do Governador),CV,4109015.707,0.0,0.0
2017,330455705116,Freguesia (Ilha do Governador),Milicia,4109015.707,0.0,0.0
2017,330455705116,Freguesia (Ilha do Governador),TCP,4109015.707,161353.678,3.926821
2017,330455705117,Jardim Guanabara,ADA,3207591.058,0.0,0.0
2017,330455705117,Jardim Guanabara,CV,3207591.058,0.0,0.0
2017,330455705117,Jardim Guanabara,Milicia,3207591.058,0.0,0.0
2017,330455705117,Jardim Guanabara,TCP,3207591.058,13300.394,0.414654
2017,330455705118,Jardim Carioca,ADA,1569958.828,0.0,0.0
2017,330455705118,Jardim Carioca,CV,1569958.828,0.0,0.0
2017,330455705118,Jardim Carioca,Milicia,1569958.828,0.0,0.0
2017,330455705118,Jardim Carioca,TCP,1569958.828,125714.505,8.007503
2017,330455705119,Tauá,ADA,1617763.743,539.288,0.033335
2017,330455705119,Tauá,CV,1617763.743,0.0,0.0
2017,330455705119,Tauá,Milicia,1617763.743,49219.313,3.042429
2017,330455705119,Tauá,TCP,1617763.743,246104.47,15.212634
2017,330455705120,Moneró,ADA,532864.681,0.0,0.0
2017,330455705120,Moneró,CV,532864.681,0.0,0.0
2017,330455705120,Moneró,Milicia,532864.681,0.0,0.0
2017,330455705120,Moneró,TCP,532864.681,0.0,0.0
2017,330455705121,Portuguesa,ADA,1208445.694,0.0,0.0
2017,330455705121,Portuguesa,CV,1208445.694,0.0,0.0
2017,330455705121,Portuguesa,Milicia,1208445.694,0.0,0.0
2017,330455705121,Portuguesa,TCP,1208445.694,189073.847,15.646036
2017,330455705122,Galeão,ADA,18992288.329,0.0,0.0
2017,330455705122,Galeão,CV,18992288.329,341503.063,1.798114
2017,330455705122,Galeão,Milicia,18992288.329,0.0,0.0
2017,330455705122,Galeão,TCP,18992288.329,118171.304,0.622207
2017,330455705123,Cidade Universitária,ADA,4947976.897,0.0,0.0
2017,330455705123,Cidade Universitária,CV,4947976.897,0.0,0.0
2017,330455705123,Cidade Universitária,Milicia,4947976.897,0.0,0.0
2017,330455705123,Cidade Universitária,TCP,4947976.897,0.0,0.0
2017,330455705124,Guadalupe,ADA,3803468.412,196.506,0.005166
2017,330455705124,Guadalupe,CV,3803468.412,511054.212,13.436531
2017,330455705124,Guadalupe,Milicia,3803468.412,465526.558,12.239527
2017,330455705124,Guadalupe,TCP,3803468.412,447.12,0.011756
2017,330455705125,Anchieta,ADA,4330770.883,7.788,0.00018
2017,330455705125,Anchieta,CV,4330770.883,1634826.249,37.749082
2017,330455705125,Anchieta,Milicia,4330770.883,381562.521,8.810499
2017,330455705125,Anchieta,TCP,4330770.883,0.0,0.0
2017,330455705126,Parque Anchieta,ADA,3956592.823,0.0,0.0
2017,330455705126,Parque Anchieta,CV,3956592.823,34752.536,0.878345
2017,330455705126,Parque Anchieta,Milicia,3956592.823,318746.406,8.056083
2017,330455705126,Parque Anchieta,TCP,3956592.823,0.0,0.0
2017,330455705127,Ricardo de Albuquerque,ADA,2278207.357,0.0,0.0
2017,330455705127,Ricardo de Albuquerque,CV,2278207.357,372471.778,16.349336
2017,330455705127,Ricardo de Albuquerque,Milicia,2278207.357,98892.62,4.340809
2017,330455705127,Ricardo de Albuquerque,TCP,2278207.357,0.0,0.0
2017,330455705128,Santa Teresa,ADA,5083505.53,84134.093,1.655041
2017,330455705128,Santa Teresa,CV,5083505.53,227200.117,4.469359
2017,330455705128,Santa Teresa,Milicia,5083505.53,3420.642,0.067289
2017,330455705128,Santa Teresa,TCP,5083505.53,0.0,0.0
2017,330455705129,Joá,ADA,1704745.172,0.0,0.0
2017,330455705129,Joá,CV,1704745.172,0.0,0.0
2017,330455705129,Joá,Milicia,1704745.172,0.0,0.0
2017,330455705129,Joá,TCP,1704745.172,0.0,0.0
2017,330455705130,Itanhangá,ADA,13103660.398,0.0,0.0
2017,330455705130,Itanhangá,CV,13103660.398,11378.926,0.086838
2017,330455705130,Itanhangá,Milicia,13103660.398,1782875.149,13.605932
2017,330455705130,Itanhangá,TCP,13103660.398,0.0,0.0
2017,330455705131,Barra da Tijuca,ADA,49110465.087,0.0,0.0
2017,330455705131,Barra da Tijuca,CV,49110465.087,0.0,0.0
2017,330455705131,Barra da Tijuca,Milicia,49110465.087,194067.22,0.395165
2017,330455705131,Barra da Tijuca,TCP,49110465.087,0.0,0.0
2017,330455705132,Camorim,ADA,8382818.669,0.0,0.0
2017,330455705132,Camorim,CV,8382818.669,0.0,0.0
2017,330455705132,Camorim,Milicia,8382818.669,7053.444,0.084142
2017,330455705132,Camorim,TCP,8382818.669,0.0,0.0
2017,330455705133,Vargem Pequena,ADA,14217990.568,0.0,0.0
2017,330455705133,Vargem Pequena,CV,14217990.568,0.0,0.0
2017,330455705133,Vargem Pequena,Milicia,14217990.568,2449252.987,17.226436
2017,330455705133,Vargem Pequena,TCP,14217990.568,0.0,0.0
2017,330455705134,Vargem Grande,ADA,39432003.265,0.0,0.0
2017,330455705134,Vargem Grande,CV,39432003.265,0.0,0.0
2017,330455705134,Vargem Grande,Milicia,39432003.265,956704.53,2.426213
2017,330455705134,Vargem Grande,TCP,39432003.265,0.0,0.0
2017,330455705135,Recreio dos Bandeirantes,ADA,31185606.999,0.0,0.0
2017,330455705135,Recreio dos Bandeirantes,CV,31185606.999,0.0,0.0
2017,330455705135,Recreio dos Bandeirantes,Milicia,31185606.999,3311151.701,10.617564
2017,330455705135,Recreio dos Bandeirantes,TCP,31185606.999,0.0,0.0
2017,330455705136,Grumari,ADA,9952429.072,0.0,0.0
2017,330455705136,Grumari,CV,9952429.072,0.0,0.0
2017,330455705136,Grumari,Milicia,9952429.072,0.0,0.0
2017,330455705136,Grumari,TCP,9952429.072,0.0,0.0
2017,330455705137,Coelho Neto,ADA,2502135.272,163297.383,6.526321
2017,330455705137,Coelho Neto,CV,2502135.272,90105.213,3.601133
2017,330455705137,Coelho Neto,Milicia,2502135.272,0.0,0.0
2017,330455705137,Coelho Neto,TCP,2502135.272,2176.029,0.086967
2017,330455705138,Acari,ADA,1585077.274,0.0,0.0
2017,330455705138,Acari,CV,1585077.274,0.0,0.0
2017,330455705138,Acari,Milicia,1585077.274,330.579,0.020856
2017,330455705138,Acari,TCP,1585077.274,665076.698,41.958629
2017,330455705139,Barros Filho,ADA,1761486.011,759967.875,43.143566
2017,330455705139,Barros Filho,CV,1761486.011,396.149,0.022489
2017,330455705139,Barros Filho,Milicia,1761486.011,3.03,0.000172
2017,330455705139,Barros Filho,TCP,1761486.011,0.0,0.0
2017,330455705140,Costa Barros,ADA,1854314.876,479110.83,25.83762
2017,330455705140,Costa Barros,CV,1854314.876,546570.164,29.475585
2017,330455705140,Costa Barros,Milicia,1854314.876,0.15,8e-06
2017,330455705140,Costa Barros,TCP,1854314.876,0.0,0.0
2017,330455705141,Pavuna,ADA,8250574.787,922459.187,11.180545
2017,330455705141,Pavuna,CV,8250574.787,1365092.008,16.545417
2017,330455705141,Pavuna,Milicia,8250574.787,485332.137,5.882404
2017,330455705141,Pavuna,TCP,8250574.787,35433.18,0.429463
2017,330455705142,Guaratiba,ADA,135062990.914,0.0,0.0
2017,330455705142,Guaratiba,CV,135062990.914,0.0,0.0
2017,330455705142,Guaratiba,Milicia,135062990.914,11389548.159,8.432768
2017,330455705142,Guaratiba,TCP,135062990.914,0.0,0.0
2017,330455705143,Barra de Guaratiba,ADA,9977019.052,0.0,0.0
2017,330455705143,Barra de Guaratiba,CV,9977019.052,0.0,0.0
2017,330455705143,Barra de Guaratiba,Milicia,9977019.052,0.0,0.0
2017,330455705143,Barra de Guaratiba,TCP,9977019.052,0.0,0.0
2017,330455705144,Pedra de Guaratiba,ADA,3641094.955,0.0,0.0
2017,330455705144,Pedra de Guaratiba,CV,3641094.955,0.0,0.0
2017,330455705144,Pedra de Guaratiba,Milicia,3641094.955,783529.169,21.519053
2017,330455705144,Pedra de Guaratiba,TCP,3641094.955,0.0,0.0
2017,330455705145,Higienópolis,ADA,1151794.312,0.0,0.0
2017,330455705145,Higienópolis,CV,1151794.312,11302.359,0.981283
2017,330455705145,Higienópolis,Milicia,1151794.312,16509.437,1.433367
2017,330455705145,Higienópolis,TCP,1151794.312,0.0,0.0
2017,330455705146,Jacaré,ADA,904148.125,0.0,0.0
2017,330455705146,Jacaré,CV,904148.125,64709.921,7.157004
2017,330455705146,Jacaré,Milicia,904148.125,0.0,0.0
2017,330455705146,Jacaré,TCP,904148.125,0.0,0.0
2017,330455705147,Maria da Graça,ADA,874970.376,0.0,0.0
2017,330455705147,Maria da Graça,CV,874970.376,294.941,0.033709
2017,330455705147,Maria da Graça,Milicia,874970.376,0.0,0.0
2017,330455705147,Maria da Graça,TCP,874970.376,0.0,0.0
2017,330455705148,Del Castilho,ADA,1383449.914,0.0,0.0
2017,330455705148,Del Castilho,CV,1383449.914,21055.936,1.521988
2017,330455705148,Del Castilho,Milicia,1383449.914,829759.647,59.97757
2017,330455705148,Del Castilho,TCP,1383449.914,0.0,0.0
2017,330455705149,Inhaúma,ADA,3496464.039,0.0,0.0
2017,330455705149,Inhaúma,CV,3496464.039,339198.823,9.701196
2017,330455705149,Inhaúma,Milicia,3496464.039,988130.362,28.260847
2017,330455705149,Inhaúma,TCP,3496464.039,0.0,0.0
2017,330455705150,Engenho da Rainha,ADA,2257186.131,0.0,0.0
2017,330455705150,Engenho da Rainha,CV,2257186.131,578608.203,25.634049
2017,330455705150,Engenho da Rainha,Milicia,2257186.131,0.0,0.0
2017,330455705150,Engenho da Rainha,TCP,2257186.131,0.0,0.0
2017,330455705151,Tomás Coelho,ADA,1774340.341,181804.384,10.246308
2017,330455705151,Tomás Coelho,CV,1774340.341,117276.537,6.609585
2017,330455705151,Tomás Coelho,Milicia,1774340.341,0.0,0.0
2017,330455705151,Tomás Coelho,TCP,1774340.341,0.0,0.0
2017,330455705152,Saúde,ADA,344572.668,0.0,0.0
2017,330455705152,Saúde,CV,344572.668,0.0,0.0
2017,330455705152,Saúde,Milicia,344572.668,2474.188,0.718045
2017,330455705152,Saúde,TCP,344572.668,0.0,0.0
2017,330455705153,Paquetá,ADA,1675845.054,163725.228,9.769712
2017,330455705153,Paquetá,CV,1675845.054,24864.53,1.483701
2017,330455705153,Paquetá,Milicia,1675845.054,0.0,0.0
2017,330455705153,Paquetá,TCP,1675845.054,0.0,0.0
2017,330455705154,Parque Columbia,ADA,1519835.366,20488.1,1.348047
2017,330455705154,Parque Columbia,CV,1519835.366,0.0,0.0
2017,330455705154,Parque Columbia,Milicia,1519835.366,18.606,0.001224
2017,330455705154,Parque Columbia,TCP,1519835.366,113570.978,7.472584
2017,330455705155,Jacarezinho,ADA,991554.655,0.0,0.0
2017,330455705155,Jacarezinho,CV,991554.655,526225.999,53.070801
2017,330455705155,Jacarezinho,Milicia,991554.655,0.0,0.0
2017,330455705155,Jacarezinho,TCP,991554.655,0.0,0.0
2017,330455705156,Rocinha,ADA,1460252.789,906579.798,62.083757
2017,330455705156,Rocinha,CV,1460252.789,0.0,0.0
2017,330455705156,Rocinha,Milicia,1460252.789,0.0,0.0
2017,330455705156,Rocinha,TCP,1460252.789,0.0,0.0
2017,330455705157,Complexo do Alemão,ADA,2854606.277,0.0,0.0
2017,330455705157,Complexo do Alemão,CV,2854606.277,1973590.552,69.137049
2017,330455705157,Complexo do Alemão,Milicia,2854606.277,0.0,0.0
2017,330455705157,Complexo do Alemão,TCP,2854606.277,0.0,0.0
2017,330455705158,Maré,ADA,4347749.885,0.0,0.0
2017,330455705158,Maré,CV,4347749.885,952214.684,21.901322
2017,330455705158,Maré,Milicia,4347749.885,850430.101,19.560235
2017,330455705158,Maré,TCP,4347749.885,1237801.578,28.469935
2017,330455705159,Vasco da Gama,ADA,1051322.951,0.0,0.0
2017,330455705159,Vasco da Gama,CV,1051322.951,107375.1,10.213332
2017,330455705159,Vasco da Gama,Milicia,1051322.951,0.0,0.0
2017,330455705159,Vasco da Gama,TCP,1051322.951,0.0,0.0
2017,330455705160,Gericinó,ADA,1903405.18,0.0,0.0
2017,330455705160,Gericinó,CV,1903405.18,61892.983,3.251698
2017,330455705160,Gericinó,Milicia,1903405.18,1354153.477,71.143732
2017,330455705160,Gericinó,TCP,1903405.18,0.0,0.0
2018,330455705001,Centro,ADA,5999470.914,0.0,0.0
2018,330455705001,Centro,CV,5999470.914,0.0,0.0
2018,330455705001,Centro,Milicia,5999470.914,238642.649,3.977728
2018,330455705001,Centro,TCP,5999470.914,0.0,0.0
2018,330455705002,Gamboa,ADA,1136868.144,0.0,0.0
2018,330455705002,Gamboa,CV,1136868.144,108806.99,9.570766
2018,330455705002,Gamboa,Milicia,1136868.144,0.0,0.0
2018,330455705002,Gamboa,TCP,1136868.144,0.0,0.0
2018,330455705003,Santo Cristo,ADA,1672344.478,0.0,0.0
2018,330455705003,Santo Cristo,CV,1672344.478,39947.24,2.388697
2018,330455705003,Santo Cristo,Milicia,1672344.478,15.006,0.000897
2018,330455705003,Santo Cristo,TCP,1672344.478,0.0,0.0
2018,330455705004,Caju,ADA,5067155.95,198718.263,3.921692
2018,330455705004,Caju,CV,5067155.95,56895.643,1.122832
2018,330455705004,Caju,Milicia,5067155.95,0.0,0.0
2018,330455705004,Caju,TCP,5067155.95,407.009,0.008032
2018,330455705005,Catumbi,ADA,632389.034,147786.3,23.369523
2018,330455705005,Catumbi,CV,632389.034,8.618,0.001363
2018,330455705005,Catumbi,Milicia,632389.034,0.0,0.0
2018,330455705005,Catumbi,TCP,632389.034,0.0,0.0
2018,330455705006,Rio Comprido,ADA,3330278.597,102421.799,3.075472
2018,330455705006,Rio Comprido,CV,3330278.597,367807.978,11.044361
2018,330455705006,Rio Comprido,Milicia,3330278.597,0.0,0.0
2018,330455705006,Rio Comprido,TCP,3330278.597,0.0,0.0
2018,330455705007,Cidade Nova,ADA,936691.34,0.0,0.0
2018,330455705007,Cidade Nova,CV,936691.34,0.187,2e-05
2018,330455705007,Cidade Nova,Milicia,936691.34,0.969,0.000103
2018,330455705007,Cidade Nova,TCP,936691.34,0.0,0.0
2018,330455705008,Estácio,ADA,914078.001,158365.603,17.325174
2018,330455705008,Estácio,CV,914078.001,0.0,0.0
2018,330455705008,Estácio,Milicia,914078.001,0.0,0.0
2018,330455705008,Estácio,TCP,914078.001,0.0,0.0
2018,330455705009,Flamengo,ADA,1652155.006,23906.883,1.447012
2018,330455705009,Flamengo,CV,1652155.006,0.0,0.0
2018,330455705009,Flamengo,Milicia,1652155.006,0.0,0.0
2018,330455705009,Flamengo,TCP,1652155.006,0.0,0.0
2018,330455705010,Glória,ADA,1125643.202,0.0,0.0
2018,330455705010,Glória,CV,1125643.202,13.885,0.001234
2018,330455705010,Glória,Milicia,1125643.202,0.0,0.0
2018,330455705010,Glória,TCP,1125643.202,0.0,0.0
2018,330455705011,Laranjeiras,ADA,2488268.891,370.463,0.014888
2018,330455705011,Laranjeiras,CV,2488268.891,72703.449,2.921849
2018,330455705011,Laranjeiras,Milicia,2488268.891,0.0,0.0
2018,330455705011,Laranjeiras,TCP,2488268.891,0.0,0.0
2018,330455705012,Catete,ADA,690904.333,0.0,0.0
2018,330455705012,Catete,CV,690904.333,44946.383,6.505442
2018,330455705012,Catete,Milicia,690904.333,0.0,0.0
2018,330455705012,Catete,TCP,690904.333,0.0,0.0
2018,330455705013,Cosme Velho,ADA,933880.948,0.0,0.0
2018,330455705013,Cosme Velho,CV,933880.948,96808.358,10.366242
2018,330455705013,Cosme Velho,Milicia,933880.948,0.0,0.0
2018,330455705013,Cosme Velho,TCP,933880.948,0.0,0.0
2018,330455705014,Botafogo,ADA,4793518.99,181.399,0.003784
2018,330455705014,Botafogo,CV,4793518.99,66804.744,1.393647
2018,330455705014,Botafogo,Milicia,4793518.99,0.0,0.0
2018,330455705014,Botafogo,TCP,4793518.99,0.0,0.0
2018,330455705015,Urca,ADA,2443671.98,0.0,0.0
2018,330455705015,Urca,CV,2443671.98,0.0,0.0
2018,330455705015,Urca,Milicia,2443671.98,0.0,0.0
2018,330455705015,Urca,TCP,2443671.98,0.0,0.0
2018,330455705016,Humaitá,ADA,1068177.754,0.0,0.0
2018,330455705016,Humaitá,CV,1068177.754,5547.437,0.519337
2018,330455705016,Humaitá,Milicia,1068177.754,0.0,0.0
2018,330455705016,Humaitá,TCP,1068177.754,0.0,0.0
2018,330455705017,Leme,ADA,1017046.998,0.0,0.0
2018,330455705017,Leme,CV,1017046.998,154956.837,15.235956
2018,330455705017,Leme,Milicia,1017046.998,0.0,0.0
2018,330455705017,Leme,TCP,1017046.998,0.0,0.0
2018,330455705018,Copacabana,ADA,4201270.477,0.0,0.0
2018,330455705018,Copacabana,CV,4201270.477,204885.728,4.876756
2018,330455705018,Copacabana,Milicia,4201270.477,0.0,0.0
2018,330455705018,Copacabana,TCP,4201270.477,0.0,0.0
2018,330455705019,Ipanema,ADA,3060078.202,0.0,0.0
2018,330455705019,Ipanema,CV,3060078.202,46130.548,1.507496
2018,330455705019,Ipanema,Milicia,3060078.202,0.0,0.0
2018,330455705019,Ipanema,TCP,3060078.202,0.0,0.0
2018,330455705020,Leblon,ADA,2118156.856,11750.6,0.554756
2018,330455705020,Leblon,CV,2118156.856,0.0,0.0
2018,330455705020,Leblon,Milicia,2118156.856,0.0,0.0
2018,330455705020,Leblon,TCP,2118156.856,0.0,0.0
2018,330455705021,Lagoa,ADA,5193577.874,5.53,0.000106
2018,330455705021,Lagoa,CV,5193577.874,845.013,0.01627
2018,330455705021,Lagoa,Milicia,5193577.874,0.0,0.0
2018,330455705021,Lagoa,TCP,5193577.874,0.0,0.0
2018,330455705022,Jardim Botânico,ADA,2817694.6,0.0,0.0
2018,330455705022,Jardim Botânico,CV,2817694.6,0.0,0.0
2018,330455705022,Jardim Botânico,Milicia,2817694.6,0.0,0.0
2018,330455705022,Jardim Botânico,TCP,2817694.6,0.0,0.0
2018,330455705023,Gávea,ADA,2733785.645,31232.71,1.142471
2018,330455705023,Gávea,CV,2733785.645,0.0,0.0
2018,330455705023,Gávea,Milicia,2733785.645,0.0,0.0
2018,330455705023,Gávea,TCP,2733785.645,0.0,0.0
2018,330455705024,Vidigal,ADA,1781818.869,248487.879,13.945743
2018,330455705024,Vidigal,CV,1781818.869,0.0,0.0
2018,330455705024,Vidigal,Milicia,1781818.869,0.0,0.0
2018,330455705024,Vidigal,TCP,1781818.869,0.0,0.0
2018,330455705025,São Conrado,ADA,6668231.159,39173.886,0.58747
2018,330455705025,São Conrado,CV,6668231.159,0.0,0.0
2018,330455705025,São Conrado,Milicia,6668231.159,0.0,0.0
2018,330455705025,São Conrado,TCP,6668231.159,0.0,0.0
2018,330455705026,São Cristóvão,ADA,3794648.396,0.0,0.0
2018,330455705026,São Cristóvão,CV,3794648.396,339592.846,8.949257
2018,330455705026,São Cristóvão,Milicia,3794648.396,7.29,0.000192
2018,330455705026,São Cristóvão,TCP,3794648.396,227.141,0.005986
2018,330455705027,Mangueira,ADA,965517.733,0.0,0.0
2018,330455705027,Mangueira,CV,965517.733,356854.481,36.95991
2018,330455705027,Mangueira,Milicia,965517.733,0.0,0.0
2018,330455705027,Mangueira,TCP,965517.733,0.0,0.0
2018,330455705028,Benfica,ADA,1803020.832,1136.645,0.063041
2018,330455705028,Benfica,CV,1803020.832,156507.949,8.680318
2018,330455705028,Benfica,Milicia,1803020.832,26264.679,1.456704
2018,330455705028,Benfica,TCP,1803020.832,2203.972,0.122238
2018,330455705029,Praça da Bandeira,ADA,759082.679,0.0,0.0
2018,330455705029,Praça da Bandeira,CV,759082.679,0.0,0.0
2018,330455705029,Praça da Bandeira,Milicia,759082.679,208844.83,27.512791
2018,330455705029,Praça da Bandeira,TCP,759082.679,0.0,0.0
2018,330455705030,Tijuca,ADA,9943019.197,19227.095,0.193373
2018,330455705030,Tijuca,CV,9943019.197,761805.774,7.661715
2018,330455705030,Tijuca,Milicia,9943019.197,0.0,0.0
2018,330455705030,Tijuca,TCP,9943019.197,85166.149,0.856542
2018,330455705031,Alto da Boa Vista,ADA,31327174.846,0.0,0.0
2018,330455705031,Alto da Boa Vista,CV,31327174.846,214619.037,0.685089
2018,330455705031,Alto da Boa Vista,Milicia,31327174.846,2479.521,0.007915
2018,330455705031,Alto da Boa Vista,TCP,31327174.846,0.0,0.0
2018,330455705032,Maracanã,ADA,1618236.441,0.0,0.0
2018,330455705032,Maracanã,CV,1618236.441,6310.973,0.389991
2018,330455705032,Maracanã,Milicia,1618236.441,0.0,0.0
2018,330455705032,Maracanã,TCP,1618236.441,0.0,0.0
2018,330455705033,Vila Isabel,ADA,3335039.051,271270.393,8.13395
2018,330455705033,Vila Isabel,CV,3335039.051,0.0,0.0
2018,330455705033,Vila Isabel,Milicia,3335039.051,0.0,0.0
2018,330455705033,Vila Isabel,TCP,3335039.051,0.0,0.0
2018,330455705034,Andaraí,ADA,2288826.412,0.0,0.0
2018,330455705034,Andaraí,CV,2288826.412,313983.204,13.718087
2018,330455705034,Andaraí,Milicia,2288826.412,0.0,0.0
2018,330455705034,Andaraí,TCP,2288826.412,0.0,0.0
2018,330455705035,Grajaú,ADA,5666000.278,0.0,0.0
2018,330455705035,Grajaú,CV,5666000.278,262375.008,4.630692
2018,330455705035,Grajaú,Milicia,5666000.278,42733.586,0.754211
2018,330455705035,Grajaú,TCP,5666000.278,0.0,0.0
2018,330455705036,Manguinhos,ADA,2904792.726,0.0,0.0
2018,330455705036,Manguinhos,CV,2904792.726,376244.55,12.952544
2018,330455705036,Manguinhos,Milicia,2904792.726,65755.991,2.263707
2018,330455705036,Manguinhos,TCP,2904792.726,157.452,0.00542
2018,330455705037,Bonsucesso,ADA,2246914.385,0.0,0.0
2018,330455705037,Bonsucesso,CV,2246914.385,40041.623,1.782072
2018,330455705037,Bonsucesso,Milicia,2246914.385,0.0,0.0
2018,330455705037,Bonsucesso,TCP,2246914.385,226.526,0.010082
2018,330455705038,Ramos,ADA,2803461.571,0.0,0.0
2018,330455705038,Ramos,CV,2803461.571,207044.006,7.385299
2018,330455705038,Ramos,Milicia,2803461.571,1087631.076,38.796004
2018,330455705038,Ramos,TCP,2803461.571,0.0,0.0
2018,330455705039,Olaria,ADA,3777725.993,0.0,0.0
2018,330455705039,Olaria,CV,3777725.993,727861.776,19.267193
2018,330455705039,Olaria,Milicia,3777725.993,226215.576,5.988141
2018,330455705039,Olaria,TCP,3777725.993,0.0,0.0
2018,330455705040,Penha,ADA,5667327.123,0.0,0.0
2018,330455705040,Penha,CV,5667327.123,1158015.135,20.43318
2018,330455705040,Penha,Milicia,5667327.123,17773.968,0.313622
2018,330455705040,Penha,TCP,5667327.123,0.0,0.0
2018,330455705041,Penha Circular,ADA,4750762.719,0.0,0.0
2018,330455705041,Penha Circular,CV,4750762.719,453656.228,9.549124
2018,330455705041,Penha Circular,Milicia,4750762.719,89679.943,1.887696
2018,330455705041,Penha Circular,TCP,4750762.719,618.216,0.013013
2018,330455705042,Brás de Pina,ADA,3512571.928,0.0,0.0
2018,330455705042,Brás de Pina,CV,3512571.928,163522.551,4.655351
2018,330455705042,Brás de Pina,Milicia,3512571.928,1149895.349,32.736564
2018,330455705042,Brás de Pina,TCP,3512571.928,497366.326,14.159605
2018,330455705043,Cordovil,ADA,3753939.247,0.0,0.0
2018,330455705043,Cordovil,CV,3753939.247,326675.008,8.702192
2018,330455705043,Cordovil,Milicia,3753939.247,290128.093,7.72863
2018,330455705043,Cordovil,TCP,3753939.247,360397.662,9.600519
2018,330455705044,Parada de Lucas,ADA,2297621.975,0.0,0.0
2018,330455705044,Parada de Lucas,CV,2297621.975,1162.536,0.050597
2018,330455705044,Parada de Lucas,Milicia,2297621.975,18641.616,0.811344
2018,330455705044,Parada de Lucas,TCP,2297621.975,612132.927,26.642021
2018,330455705045,Vigário Geral,ADA,3417305.816,0.0,0.0
2018,330455705045,Vigário Geral,CV,3417305.816,321721.571,9.41448
2018,330455705045,Vigário Geral,Milicia,3417305.816,0.0,0.0
2018,330455705045,Vigário Geral,TCP,3417305.816,161833.148,4.735694
2018,330455705046,Jardim América,ADA,1948170.717,0.0,0.0
2018,330455705046,Jardim América,CV,1948170.717,209897.526,10.774083
2018,330455705046,Jardim América,Milicia,1948170.717,0.0,0.0
2018,330455705046,Jardim América,TCP,1948170.717,0.0,0.0
2018,330455705047,São Francisco Xavier,ADA,665866.707,0.0,0.0
2018,330455705047,São Francisco Xavier,CV,665866.707,8657.787,1.300228
2018,330455705047,São Francisco Xavier,Milicia,665866.707,0.0,0.0
2018,330455705047,São Francisco Xavier,TCP,665866.707,0.0,0.0
2018,330455705048,Rocha,ADA,1195663.72,0.0,0.0
2018,330455705048,Rocha,CV,1195663.72,0.0,0.0
2018,330455705048,Rocha,Milicia,1195663.72,0.0,0.0
2018,330455705048,Rocha,TCP,1195663.72,0.0,0.0
2018,330455705049,Riachuelo,ADA,1007501.654,0.0,0.0
2018,330455705049,Riachuelo,CV,1007501.654,0.0,0.0
2018,330455705049,Riachuelo,Milicia,1007501.654,0.0,0.0
2018,330455705049,Riachuelo,TCP,1007501.654,0.0,0.0
2018,330455705050,Sampaio,ADA,834065.511,0.0,0.0
2018,330455705050,Sampaio,CV,834065.511,29032.545,3.480847
2018,330455705050,Sampaio,Milicia,834065.511,0.0,0.0
2018,330455705050,Sampaio,TCP,834065.511,0.0,0.0
2018,330455705051,Engenho Novo,ADA,2670486.436,1106.168,0.041422
2018,330455705051,Engenho Novo,CV,2670486.436,522982.587,19.583795
2018,330455705051,Engenho Novo,Milicia,2670486.436,872.648,0.032677
2018,330455705051,Engenho Novo,TCP,2670486.436,0.0,0.0
2018,330455705052,Lins de Vasconcelos,ADA,2795375.736,0.0,0.0
2018,330455705052,Lins de Vasconcelos,CV,2795375.736,747280.068,26.732724
2018,330455705052,Lins de Vasconcelos,Milicia,2795375.736,0.0,0.0
2018,330455705052,Lins de Vasconcelos,TCP,2795375.736,0.0,0.0
2018,330455705053,Méier,ADA,2365369.616,0.0,0.0
2018,330455705053,Méier,CV,2365369.616,83586.886,3.533777
2018,330455705053,Méier,Milicia,2365369.616,186121.314,7.868593
2018,330455705053,Méier,TCP,2365369.616,0.0,0.0
2018,330455705054,Todos os Santos,ADA,1096583.584,0.0,0.0
2018,330455705054,Todos os Santos,CV,1096583.584,0.024,2e-06
2018,330455705054,Todos os Santos,Milicia,1096583.584,62174.747,5.669859
2018,330455705054,Todos os Santos,TCP,1096583.584,0.0,0.0
2018,330455705055,Cachambi,ADA,2184248.384,0.0,0.0
2018,330455705055,Cachambi,CV,2184248.384,24161.522,1.106171
2018,330455705055,Cachambi,Milicia,2184248.384,381328.139,17.458094
2018,330455705055,Cachambi,TCP,2184248.384,0.0,0.0
2018,330455705056,Engenho de Dentro,ADA,3860558.733,0.0,0.0
2018,330455705056,Engenho de Dentro,CV,3860558.733,372604.023,9.651557
2018,330455705056,Engenho de Dentro,Milicia,3860558.733,559739.493,14.498924
2018,330455705056,Engenho de Dentro,TCP,3860558.733,0.0,0.0
2018,330455705057,Água Santa,ADA,2443119.047,0.0,0.0
2018,330455705057,Água Santa,CV,2443119.047,8827.196,0.361308
2018,330455705057,Água Santa,Milicia,2443119.047,69540.126,2.846367
2018,330455705057,Água Santa,TCP,2443119.047,0.0,0.0
2018,330455705058,Encantado,ADA,1017956.092,0.0,0.0
2018,330455705058,Encantado,CV,1017956.092,5034.295,0.494549
2018,330455705058,Encantado,Milicia,1017956.092,68155.616,6.695339
2018,330455705058,Encantado,TCP,1017956.092,0.0,0.0
2018,330455705059,Piedade,ADA,3975814.299,122936.776,3.092116
2018,330455705059,Piedade,CV,3975814.299,0.0,0.0
2018,330455705059,Piedade,Milicia,3975814.299,1160703.881,29.194117
2018,330455705059,Piedade,TCP,3975814.299,0.0,0.0
2018,330455705060,Abolição,ADA,681919.203,119.689,0.017552
2018,330455705060,Abolição,CV,681919.203,0.0,0.0
2018,330455705060,Abolição,Milicia,681919.203,87124.047,12.776301
2018,330455705060,Abolição,TCP,681919.203,0.0,0.0
2018,330455705061,Pilares,ADA,1736724.672,115844.411,6.670281
2018,330455705061,Pilares,CV,1736724.672,197072.638,11.347374
2018,330455705061,Pilares,Milicia,1736724.672,424569.179,24.446545
2018,330455705061,Pilares,TCP,1736724.672,0.0,0.0
2018,330455705062,Vila Kosmos,ADA,1459829.177,0.0,0.0
2018,330455705062,Vila Kosmos,CV,1459829.177,644244.508,44.1315
2018,330455705062,Vila Kosmos,Milicia,1459829.177,199028.106,13.633657
2018,330455705062,Vila Kosmos,TCP,1459829.177,0.0,0.0
2018,330455705063,Vicente de Carvalho,ADA,1861712.205,332640.138,17.867431
2018,330455705063,Vicente de Carvalho,CV,1861712.205,380282.811,20.426509
2018,330455705063,Vicente de Carvalho,Milicia,1861712.205,0.0,0.0
2018,330455705063,Vicente de Carvalho,TCP,1861712.205,135.146,0.007259
2018,330455705064,Vila da Penha,ADA,1459935.08,0.0,0.0
2018,330455705064,Vila da Penha,CV,1459935.08,32.071,0.002197
2018,330455705064,Vila da Penha,Milicia,1459935.08,70633.401,4.838119
2018,330455705064,Vila da Penha,TCP,1459935.08,0.0,0.0
2018,330455705065,Vista Alegre,ADA,543631.474,0.0,0.0
2018,330455705065,Vista Alegre,CV,543631.474,670.515,0.12334
2018,330455705065,Vista Alegre,Milicia,543631.474,0.0,0.0
2018,330455705065,Vista Alegre,TCP,543631.474,0.0,0.0
2018,330455705066,Irajá,ADA,7756434.911,0.0,0.0
2018,330455705066,Irajá,CV,7756434.911,151035.744,1.947232
2018,330455705066,Irajá,Milicia,7756434.911,614653.204,7.924429
2018,330455705066,Irajá,TCP,7756434.911,62919.347,0.811189
2018,330455705067,Colégio,ADA,1977696.341,0.0,0.0
2018,330455705067,Colégio,CV,1977696.341,45498.33,2.300572
2018,330455705067,Colégio,Milicia,1977696.341,52.956,0.002678
2018,330455705067,Colégio,TCP,1977696.341,438301.149,22.162207
2018,330455705068,Campinho,ADA,818895.95,0.0,0.0
2018,330455705068,Campinho,CV,818895.95,0.0,0.0
2018,330455705068,Campinho,Milicia,818895.95,589344.655,71.968198
2018,330455705068,Campinho,TCP,818895.95,0.0,0.0
2018,330455705069,Quintino Bocaiúva,ADA,4327748.625,79369.556,1.833969
2018,330455705069,Quintino Bocaiúva,CV,4327748.625,0.0,0.0
2018,330455705069,Quintino Bocaiúva,Milicia,4327748.625,1640438.533,37.905125
2018,330455705069,Quintino Bocaiúva,TCP,4327748.625,0.0,0.0
2018,330455705070,Cavalcanti,ADA,1841740.248,149390.686,8.111387
2018,330455705070,Cavalcanti,CV,1841740.248,0.0,0.0
2018,330455705070,Cavalcanti,Milicia,1841740.248,232401.327,12.618572
2018,330455705070,Cavalcanti,TCP,1841740.248,76353.08,4.145703
2018,330455705071,Engenheiro Leal,ADA,666173.029,0.0,0.0
2018,330455705071,Engenheiro Leal,CV,666173.029,0.0,0.0
2018,330455705071,Engenheiro Leal,Milicia,666173.029,173484.928,26.042022
2018,330455705071,Engenheiro Leal,TCP,666173.029,69849.801,10.485234
2018,330455705072,Cascadura,ADA,3007879.708,0.0,0.0
2018,330455705072,Cascadura,CV,3007879.708,0.0,0.0
2018,330455705072,Cascadura,Milicia,3007879.708,2437725.53,81.044648
2018,330455705072,Cascadura,TCP,3007879.708,0.0,0.0
2018,330455705073,Madureira,ADA,3784149.277,0.0,0.0
2018,330455705073,Madureira,CV,3784149.277,219332.656,5.796089
2018,330455705073,Madureira,Milicia,3784149.277,1231906.978,32.554397
2018,330455705073,Madureira,TCP,3784149.277,362395.85,9.57668
2018,330455705074,Vaz Lobo,ADA,1053976.763,0.0,0.0
2018,330455705074,Vaz Lobo,CV,1053976.763,20201.915,1.916733
2018,330455705074,Vaz Lobo,Milicia,1053976.763,55959.691,5.309386
2018,330455705074,Vaz Lobo,TCP,1053976.763,111474.327,10.576545
2018,330455705075,Turiaçu,ADA,1312987.215,0.0,0.0
2018,330455705075,Turiaçu,CV,1312987.215,403763.083,30.751486
2018,330455705075,Turiaçu,Milicia,1312987.215,1663.177,0.126671
2018,330455705075,Turiaçu,TCP,1312987.215,0.0,0.0
2018,330455705076,Rocha Miranda,ADA,2931197.068,0.0,0.0
2018,330455705076,Rocha Miranda,CV,2931197.068,553701.39,18.889941
2018,330455705076,Rocha Miranda,Milicia,2931197.068,0.0,0.0
2018,330455705076,Rocha Miranda,TCP,2931197.068,0.0,0.0
2018,330455705077,Honório Gurgel,ADA,1291655.929,55.307,0.004282
2018,330455705077,Honório Gurgel,CV,1291655.929,138373.682,10.71289
2018,330455705077,Honório Gurgel,Milicia,1291655.929,54437.386,4.214542
2018,330455705077,Honório Gurgel,TCP,1291655.929,0.0,0.0
2018,330455705078,Oswaldo Cruz,ADA,2109374.788,0.0,0.0
2018,330455705078,Oswaldo Cruz,CV,2109374.788,6228.193,0.295263
2018,330455705078,Oswaldo Cruz,Milicia,2109374.788,306498.94,14.530322
2018,330455705078,Oswaldo Cruz,TCP,2109374.788,0.0,0.0
2018,330455705079,Bento Ribeiro,ADA,3148947.915,0.0,0.0
2018,330455705079,Bento Ribeiro,CV,3148947.915,8335.575,0.26471
2018,330455705079,Bento Ribeiro,Milicia,3148947.915,115680.435,3.673622
2018,330455705079,Bento Ribeiro,TCP,3148947.915,0.0,0.0
2018,330455705080,Marechal Hermes,ADA,3842053.359,0.0,0.0
2018,330455705080,Marechal Hermes,CV,3842053.359,249998.263,6.506892
2018,330455705080,Marechal Hermes,Milicia,3842053.359,116073.835,3.021141
2018,330455705080,Marechal Hermes,TCP,3842053.359,42001.684,1.093209
2018,330455705081,Jacarepaguá,ADA,74749389.951,0.0,0.0
2018,330455705081,Jacarepaguá,CV,74749389.951,168960.468,0.226036
2018,330455705081,Jacarepaguá,Milicia,74749389.951,12982299.836,17.367767
2018,330455705081,Jacarepaguá,TCP,74749389.951,0.0,0.0
2018,330455705082,Anil,ADA,3773328.725,0.0,0.0
2018,330455705082,Anil,CV,3773328.725,14291.005,0.378737
2018,330455705082,Anil,Milicia,3773328.725,1353114.257,35.859962
2018,330455705082,Anil,TCP,3773328.725,0.0,0.0
2018,330455705083,Gardênia Azul,ADA,949103.226,0.0,0.0
2018,330455705083,Gardênia Azul,CV,949103.226,111.158,0.011712
2018,330455705083,Gardênia Azul,Milicia,949103.226,772840.115,81.428457
2018,330455705083,Gardênia Azul,TCP,949103.226,0.0,0.0
2018,330455705084,Cidade de Deus,ADA,1390931.874,0.0,0.0
2018,330455705084,Cidade de Deus,CV,1390931.874,973880.127,70.016379
2018,330455705084,Cidade de Deus,Milicia,1390931.874,23647.927,1.70015
2018,330455705084,Cidade de Deus,TCP,1390931.874,0.0,0.0
2018,330455705085,Curicica,ADA,3339007.728,0.0,0.0
2018,330455705085,Curicica,CV,3339007.728,0.0,0.0
2018,330455705085,Curicica,Milicia,3339007.728,1555195.547,46.576578
2018,330455705085,Curicica,TCP,3339007.728,0.0,0.0
2018,330455705086,Freguesia (Jacarepaguá),ADA,10108021.173,0.0,0.0
2018,330455705086,Freguesia (Jacarepaguá),CV,10108021.173,344867.394,3.411819
2018,330455705086,Freguesia (Jacarepaguá),Milicia,10108021.173,662623.54,6.555423
2018,330455705086,Freguesia (Jacarepaguá),TCP,10108021.173,0.0,0.0
2018,330455705087,Pechincha,ADA,3127046.955,0.0,0.0
2018,330455705087,Pechincha,CV,3127046.955,60403.716,1.931654
2018,330455705087,Pechincha,Milicia,3127046.955,107910.891,3.450888
2018,330455705087,Pechincha,TCP,3127046.955,0.0,0.0
2018,330455705088,Taquara,ADA,13409639.819,0.0,0.0
2018,330455705088,Taquara,CV,13409639.819,109830.009,0.819038
2018,330455705088,Taquara,Milicia,13409639.819,6145043.893,45.82557
2018,330455705088,Taquara,TCP,13409639.819,0.0,0.0
2018,330455705089,Tanque,ADA,5758334.63,0.0,0.0
2018,330455705089,Tanque,CV,5758334.63,253.375,0.0044
2018,330455705089,Tanque,Milicia,5758334.63,2598772.59,45.130628
2018,330455705089,Tanque,TCP,5758334.63,0.0,0.0
2018,330455705090,Praça Seca,ADA,6556015.532,0.0,0.0
2018,330455705090,Praça Seca,CV,6556015.532,0.0,0.0
2018,330455705090,Praça Seca,Milicia,6556015.532,4590912.407,70.025954
2018,330455705090,Praça Seca,TCP,6556015.532,0.0,0.0
2018,330455705091,Vila Valqueire,ADA,4013527.509,0.0,0.0
2018,330455705091,Vila Valqueire,CV,4013527.509,0.0,0.0
2018,330455705091,Vila Valqueire,Milicia,4013527.509,1218303.31,30.354926
2018,330455705091,Vila Valqueire,TCP,4013527.509,0.0,0.0
2018,330455705092,Deodoro,ADA,4683193.264,0.0,0.0
2018,330455705092,Deodoro,CV,4683193.264,1033.211,0.022062
2018,330455705092,Deodoro,Milicia,4683193.264,2464.047,0.052615
2018,330455705092,Deodoro,TCP,4683193.264,297482.521,6.35213
2018,330455705093,Vila Militar,ADA,10520035.885,0.0,0.0
2018,330455705093,Vila Militar,CV,10520035.885,0.0,0.0
2018,330455705093,Vila Militar,Milicia,10520035.885,393309.756,3.738673
2018,330455705093,Vila Militar,TCP,10520035.885,0.0,0.0
2018,330455705094,Campo dos Afonsos,ADA,3173081.541,0.0,0.0
2018,330455705094,Campo dos Afonsos,CV,3173081.541,0.0,0.0
2018,330455705094,Campo dos Afonsos,Milicia,3173081.541,0.0,0.0
2018,330455705094,Campo dos Afonsos,TCP,3173081.541,0.0,0.0
2018,330455705095,Jardim Sulacap,ADA,7838000.908,0.0,0.0
2018,330455705095,Jardim Sulacap,CV,7838000.908,0.0,0.0
2018,330455705095,Jardim Sulacap,Milicia,7838000.908,20616.104,0.263028
2018,330455705095,Jardim Sulacap,TCP,7838000.908,0.0,0.0
2018,330455705096,Magalhães Bastos,ADA,2054160.612,87299.092,4.249867
2018,330455705096,Magalhães Bastos,CV,2054160.612,0.0,0.0
2018,330455705096,Magalhães Bastos,Milicia,2054160.612,388400.449,18.907988
2018,330455705096,Magalhães Bastos,TCP,2054160.612,0.0,0.0
2018,330455705097,Realengo,ADA,25902981.11,993203.108,3.83432
2018,330455705097,Realengo,CV,25902981.11,27699.798,0.106937
2018,330455705097,Realengo,Milicia,25902981.11,4215206.433,16.273055
2018,330455705097,Realengo,TCP,25902981.11,93531.236,0.361083
2018,330455705098,Padre Miguel,ADA,4845945.365,1044355.155,21.551113
2018,330455705098,Padre Miguel,CV,4845945.365,21766.829,0.449176
2018,330455705098,Padre Miguel,Milicia,4845945.365,565105.807,11.661415
2018,330455705098,Padre Miguel,TCP,4845945.365,0.0,0.0
2018,330455705099,Bangu,ADA,37830395.943,1400276.344,3.701458
2018,330455705099,Bangu,CV,37830395.943,2550197.646,6.741134
2018,330455705099,Bangu,Milicia,37830395.943,5899306.265,15.594091
2018,330455705099,Bangu,TCP,37830395.943,1351324.053,3.572059
2018,330455705100,Senador Camará,ADA,17294389.899,73189.169,0.423196
2018,330455705100,Senador Camará,CV,17294389.899,178696.798,1.033265
2018,330455705100,Senador Camará,Milicia,17294389.899,249888.781,1.444912
2018,330455705100,Senador Camará,TCP,17294389.899,2205589.006,12.753205
2018,330455705101,Santíssimo,ADA,8471414.284,0.0,0.0
2018,330455705101,Santíssimo,CV,8471414.284,0.0,0.0
2018,330455705101,Santíssimo,Milicia,8471414.284,1419635.829,16.757955
2018,330455705101,Santíssimo,TCP,8471414.284,173258.302,2.045211
2018,330455705102,Campo Grande,ADA,104874675.28,0.0,0.0
2018,330455705102,Campo Grande,CV,104874675.28,4205.162,0.00401
2018,330455705102,Campo Grande,Milicia,104874675.28,23265329.622,22.183935
2018,330455705102,Campo Grande,TCP,104874675.28,0.0,0.0
2018,330455705103,Senador Vasconcelos,ADA,6282463.302,0.0,0.0
2018,330455705103,Senador Vasconcelos,CV,6282463.302,0.0,0.0
2018,330455705103,Senador Vasconcelos,Milicia,6282463.302,618650.927,9.847267
2018,330455705103,Senador Vasconcelos,TCP,6282463.302,0.0,0.0
2018,330455705104,Inhoaíba,ADA,8246887.204,0.0,0.0
2018,330455705104,Inhoaíba,CV,8246887.204,231.804,0.002811
2018,330455705104,Inhoaíba,Milicia,8246887.204,3772648.548,45.746334
2018,330455705104,Inhoaíba,TCP,8246887.204,0.0,0.0
2018,330455705105,Cosmos,ADA,11341801.939,0.0,0.0
2018,330455705105,Cosmos,CV,11341801.939,0.0,0.0
2018,330455705105,Cosmos,Milicia,11341801.939,5229821.289,46.111026
2018,330455705105,Cosmos,TCP,11341801.939,0.0,0.0
2018,330455705106,Paciência,ADA,26711558.485,0.0,0.0
2018,330455705106,Paciência,CV,26711558.485,363748.436,1.361764
2018,330455705106,Paciência,Milicia,26711558.485,8877449.177,33.234486
2018,330455705106,Paciência,TCP,26711558.485,0.0,0.0
2018,330455705107,Santa Cruz,ADA,123060884.941,0.0,0.0
2018,330455705107,Santa Cruz,CV,123060884.941,705244.287,0.573086
2018,330455705107,Santa Cruz,Milicia,123060884.941,20847693.279,16.940958
2018,330455705107,Santa Cruz,TCP,123060884.941,169680.07,0.137883
2018,330455705108,Sepetiba,ADA,11867945.594,0.0,0.0
2018,330455705108,Sepetiba,CV,11867945.594,0.0,0.0
2018,330455705108,Sepetiba,Milicia,11867945.594,8074023.376,68.032191
2018,330455705108,Sepetiba,TCP,11867945.594,0.0,0.0
2018,330455705109,Ribeira,ADA,873943.13,0.0,0.0
2018,330455705109,Ribeira,CV,873943.13,0.0,0.0
2018,330455705109,Ribeira,Milicia,873943.13,0.0,0.0
2018,330455705109,Ribeira,TCP,873943.13,0.0,0.0
2018,330455705110,Zumbi,ADA,182858.391,0.0,0.0
2018,330455705110,Zumbi,CV,182858.391,0.0,0.0
2018,330455705110,Zumbi,Milicia,182858.391,0.0,0.0
2018,330455705110,Zumbi,TCP,182858.391,0.0,0.0
2018,330455705111,Cacuia,ADA,2145636.701,0.0,0.0
2018,330455705111,Cacuia,CV,2145636.701,0.0,0.0
2018,330455705111,Cacuia,Milicia,2145636.701,81029.907,3.776497
2018,330455705111,Cacuia,TCP,2145636.701,0.014,1e-06
2018,330455705112,Pitangueiras,ADA,619268.101,0.0,0.0
2018,330455705112,Pitangueiras,CV,619268.101,0.0,0.0
2018,330455705112,Pitangueiras,Milicia,619268.101,113639.068,18.350544
2018,330455705112,Pitangueiras,TCP,619268.101,0.0,0.0
2018,330455705113,Praia da Bandeira,ADA,332647.93,0.0,0.0
2018,330455705113,Praia da Bandeira,CV,332647.93,0.0,0.0
2018,330455705113,Praia da Bandeira,Milicia,332647.93,0.0,0.0
2018,330455705113,Praia da Bandeira,TCP,332647.93,0.0,0.0
2018,330455705114,Cocotá,ADA,579176.523,0.0,0.0
2018,330455705114,Cocotá,CV,579176.523,0.0,0.0
2018,330455705114,Cocotá,Milicia,579176.523,0.0,0.0
2018,330455705114,Cocotá,TCP,579176.523,729.966,0.126035
2018,330455705115,Bancários,ADA,1020691.23,57075.198,5.591818
2018,330455705115,Bancários,CV,1020691.23,0.0,0.0
2018,330455705115,Bancários,Milicia,1020691.23,227.211,0.022261
2018,330455705115,Bancários,TCP,1020691.23,91996.693,9.013176
2018,330455705116,Freguesia (Ilha do Governador),ADA,4109015.707,0.0,0.0
2018,330455705116,Freguesia (Ilha do Governador),CV,4109015.707,0.0,0.0
2018,330455705116,Freguesia (Ilha do Governador),Milicia,4109015.707,0.0,0.0
2018,330455705116,Freguesia (Ilha do Governador),TCP,4109015.707,195993.886,4.76985
2018,330455705117,Jardim Guanabara,ADA,3207591.058,0.0,0.0
2018,330455705117,Jardim Guanabara,CV,3207591.058,0.0,0.0
2018,330455705117,Jardim Guanabara,Milicia,3207591.058,0.0,0.0
2018,330455705117,Jardim Guanabara,TCP,3207591.058,13300.394,0.414654
2018,330455705118,Jardim Carioca,ADA,1569958.828,0.0,0.0
2018,330455705118,Jardim Carioca,CV,1569958.828,0.0,0.0
2018,330455705118,Jardim Carioca,Milicia,1569958.828,0.0,0.0
2018,330455705118,Jardim Carioca,TCP,1569958.828,125714.505,8.007503
2018,330455705119,Tauá,ADA,1617763.743,539.288,0.033335
2018,330455705119,Tauá,CV,1617763.743,0.0,0.0
2018,330455705119,Tauá,Milicia,1617763.743,49219.313,3.042429
2018,330455705119,Tauá,TCP,1617763.743,246104.47,15.212634
2018,330455705120,Moneró,ADA,532864.681,0.0,0.0
2018,330455705120,Moneró,CV,532864.681,0.0,0.0
2018,330455705120,Moneró,Milicia,532864.681,0.0,0.0
2018,330455705120,Moneró,TCP,532864.681,0.0,0.0
2018,330455705121,Portuguesa,ADA,1208445.694,0.0,0.0
2018,330455705121,Portuguesa,CV,1208445.694,0.0,0.0
2018,330455705121,Portuguesa,Milicia,1208445.694,0.0,0.0
2018,330455705121,Portuguesa,TCP,1208445.694,189073.847,15.646036
2018,330455705122,Galeão,ADA,18992288.329,0.0,0.0
2018,330455705122,Galeão,CV,18992288.329,341503.063,1.798114
2018,330455705122,Galeão,Milicia,18992288.329,0.0,0.0
2018,330455705122,Galeão,TCP,18992288.329,118171.304,0.622207
2018,330455705123,Cidade Universitária,ADA,4947976.897,0.0,0.0
2018,330455705123,Cidade Universitária,CV,4947976.897,0.0,0.0
2018,330455705123,Cidade Universitária,Milicia,4947976.897,0.0,0.0
2018,330455705123,Cidade Universitária,TCP,4947976.897,0.0,0.0
2018,330455705124,Guadalupe,ADA,3803468.412,196.506,0.005166
2018,330455705124,Guadalupe,CV,3803468.412,511054.212,13.436531
2018,330455705124,Guadalupe,Milicia,3803468.412,254756.677,6.69801
2018,330455705124,Guadalupe,TCP,3803468.412,447.12,0.011756
2018,330455705125,Anchieta,ADA,4330770.883,7.788,0.00018
2018,330455705125,Anchieta,CV,4330770.883,1540801.307,35.577992
2018,330455705125,Anchieta,Milicia,4330770.883,24497.446,0.56566
2018,330455705125,Anchieta,TCP,4330770.883,146981.485,3.393887
2018,330455705126,Parque Anchieta,ADA,3956592.823,0.0,0.0
2018,330455705126,Parque Anchieta,CV,3956592.823,34315.886,0.867309
2018,330455705126,Parque Anchieta,Milicia,3956592.823,0.0,0.0
2018,330455705126,Parque Anchieta,TCP,3956592.823,472.145,0.011933
2018,330455705127,Ricardo de Albuquerque,ADA,2278207.357,0.0,0.0
2018,330455705127,Ricardo de Albuquerque,CV,2278207.357,372471.778,16.349336
2018,330455705127,Ricardo de Albuquerque,Milicia,2278207.357,122944.95,5.396565
2018,330455705127,Ricardo de Albuquerque,TCP,2278207.357,0.0,0.0
2018,330455705128,Santa Teresa,ADA,5083505.53,84134.093,1.655041
2018,330455705128,Santa Teresa,CV,5083505.53,227200.117,4.469359
2018,330455705128,Santa Teresa,Milicia,5083505.53,3420.642,0.067289
2018,330455705128,Santa Teresa,TCP,5083505.53,0.0,0.0
2018,330455705129,Joá,ADA,1704745.172,0.0,0.0
2018,330455705129,Joá,CV,1704745.172,0.0,0.0
2018,330455705129,Joá,Milicia,1704745.172,0.0,0.0
2018,330455705129,Joá,TCP,1704745.172,0.0,0.0
2018,330455705130,Itanhangá,ADA,13103660.398,0.0,0.0
2018,330455705130,Itanhangá,CV,13103660.398,11378.926,0.086838
2018,330455705130,Itanhangá,Milicia,13103660.398,2199025.387,16.781764
2018,330455705130,Itanhangá,TCP,13103660.398,0.0,0.0
2018,330455705131,Barra da Tijuca,ADA,49110465.087,0.0,0.0
2018,330455705131,Barra da Tijuca,CV,49110465.087,0.0,0.0
2018,330455705131,Barra da Tijuca,Milicia,49110465.087,324458.136,0.66067
2018,330455705131,Barra da Tijuca,TCP,49110465.087,0.0,0.0
2018,330455705132,Camorim,ADA,8382818.669,0.0,0.0
2018,330455705132,Camorim,CV,8382818.669,0.0,0.0
2018,330455705132,Camorim,Milicia,8382818.669,1195875.963,14.265798
2018,330455705132,Camorim,TCP,8382818.669,0.0,0.0
2018,330455705133,Vargem Pequena,ADA,14217990.568,0.0,0.0
2018,330455705133,Vargem Pequena,CV,14217990.568,0.0,0.0
2018,330455705133,Vargem Pequena,Milicia,14217990.568,1885597.981,13.262057
2018,330455705133,Vargem Pequena,TCP,14217990.568,0.0,0.0
2018,330455705134,Vargem Grande,ADA,39432003.265,0.0,0.0
2018,330455705134,Vargem Grande,CV,39432003.265,0.0,0.0
2018,330455705134,Vargem Grande,Milicia,39432003.265,2351429.938,5.963253
2018,330455705134,Vargem Grande,TCP,39432003.265,0.0,0.0
2018,330455705135,Recreio dos Bandeirantes,ADA,31185606.999,0.0,0.0
2018,330455705135,Recreio dos Bandeirantes,CV,31185606.999,0.0,0.0
2018,330455705135,Recreio dos Bandeirantes,Milicia,31185606.999,3418218.248,10.960884
2018,330455705135,Recreio dos Bandeirantes,TCP,31185606.999,0.0,0.0
2018,330455705136,Grumari,ADA,9952429.072,0.0,0.0
2018,330455705136,Grumari,CV,9952429.072,0.0,0.0
2018,330455705136,Grumari,Milicia,9952429.072,0.0,0.0
2018,330455705136,Grumari,TCP,9952429.072,0.0,0.0
2018,330455705137,Coelho Neto,ADA,2502135.272,163297.383,6.526321
2018,330455705137,Coelho Neto,CV,2502135.272,90105.213,3.601133
2018,330455705137,Coelho Neto,Milicia,2502135.272,0.0,0.0
2018,330455705137,Coelho Neto,TCP,2502135.272,2176.029,0.086967
2018,330455705138,Acari,ADA,1585077.274,0.0,0.0
2018,330455705138,Acari,CV,1585077.274,0.0,0.0
2018,330455705138,Acari,Milicia,1585077.274,330.579,0.020856
2018,330455705138,Acari,TCP,1585077.274,665076.698,41.958629
2018,330455705139,Barros Filho,ADA,1761486.011,759967.875,43.143566
2018,330455705139,Barros Filho,CV,1761486.011,396.149,0.022489
2018,330455705139,Barros Filho,Milicia,1761486.011,0.984,5.6e-05
2018,330455705139,Barros Filho,TCP,1761486.011,0.0,0.0
2018,330455705140,Costa Barros,ADA,1854314.876,479110.83,25.83762
2018,330455705140,Costa Barros,CV,1854314.876,546570.164,29.475585
2018,330455705140,Costa Barros,Milicia,1854314.876,0.15,8e-06
2018,330455705140,Costa Barros,TCP,1854314.876,0.0,0.0
2018,330455705141,Pavuna,ADA,8250574.787,922459.187,11.180545
2018,330455705141,Pavuna,CV,8250574.787,1365095.097,16.545454
2018,330455705141,Pavuna,Milicia,8250574.787,1508572.724,18.284456
2018,330455705141,Pavuna,TCP,8250574.787,35433.18,0.429463
2018,330455705142,Guaratiba,ADA,135062990.914,0.0,0.0
2018,330455705142,Guaratiba,CV,135062990.914,0.0,0.0
2018,330455705142,Guaratiba,Milicia,135062990.914,11667618.065,8.638649
2018,330455705142,Guaratiba,TCP,135062990.914,0.0,0.0
2018,330455705143,Barra de Guaratiba,ADA,9977019.052,0.0,0.0
2018,330455705143,Barra de Guaratiba,CV,9977019.052,0.0,0.0
2018,330455705143,Barra de Guaratiba,Milicia,9977019.052,0.0,0.0
2018,330455705143,Barra de Guaratiba,TCP,9977019.052,0.0,0.0
2018,330455705144,Pedra de Guaratiba,ADA,3641094.955,0.0,0.0
2018,330455705144,Pedra de Guaratiba,CV,3641094.955,0.0,0.0
2018,330455705144,Pedra de Guaratiba,Milicia,3641094.955,703280.051,19.31507
2018,330455705144,Pedra de Guaratiba,TCP,3641094.955,0.0,0.0
2018,330455705145,Higienópolis,ADA,1151794.312,0.0,0.0
2018,330455705145,Higienópolis,CV,1151794.312,11302.359,0.981283
2018,330455705145,Higienópolis,Milicia,1151794.312,16509.437,1.433367
2018,330455705145,Higienópolis,TCP,1151794.312,0.0,0.0
2018,330455705146,Jacaré,ADA,904148.125,0.0,0.0
2018,330455705146,Jacaré,CV,904148.125,64709.921,7.157004
2018,330455705146,Jacaré,Milicia,904148.125,0.0,0.0
2018,330455705146,Jacaré,TCP,904148.125,0.0,0.0
2018,330455705147,Maria da Graça,ADA,874970.376,0.0,0.0
2018,330455705147,Maria da Graça,CV,874970.376,294.941,0.033709
2018,330455705147,Maria da Graça,Milicia,874970.376,0.0,0.0
2018,330455705147,Maria da Graça,TCP,874970.376,0.0,0.0
2018,330455705148,Del Castilho,ADA,1383449.914,0.0,0.0
2018,330455705148,Del Castilho,CV,1383449.914,21055.936,1.521988
2018,330455705148,Del Castilho,Milicia,1383449.914,829759.647,59.97757
2018,330455705148,Del Castilho,TCP,1383449.914,0.0,0.0
2018,330455705149,Inhaúma,ADA,3496464.039,0.0,0.0
2018,330455705149,Inhaúma,CV,3496464.039,339198.823,9.701196
2018,330455705149,Inhaúma,Milicia,3496464.039,988133.013,28.260923
2018,330455705149,Inhaúma,TCP,3496464.039,0.0,0.0
2018,330455705150,Engenho da Rainha,ADA,2257186.131,0.0,0.0
2018,330455705150,Engenho da Rainha,CV,2257186.131,578608.203,25.634049
2018,330455705150,Engenho da Rainha,Milicia,2257186.131,0.0,0.0
2018,330455705150,Engenho da Rainha,TCP,2257186.131,0.0,0.0
2018,330455705151,Tomás Coelho,ADA,1774340.341,181804.384,10.246308
2018,330455705151,Tomás Coelho,CV,1774340.341,117276.537,6.609585
2018,330455705151,Tomás Coelho,Milicia,1774340.341,0.0,0.0
2018,330455705151,Tomás Coelho,TCP,1774340.341,0.0,0.0
2018,330455705152,Saúde,ADA,344572.668,0.0,0.0
2018,330455705152,Saúde,CV,344572.668,0.0,0.0
2018,330455705152,Saúde,Milicia,344572.668,2474.188,0.718045
2018,330455705152,Saúde,TCP,344572.668,0.0,0.0
2018,330455705153,Paquetá,ADA,1675845.054,163725.228,9.769712
2018,330455705153,Paquetá,CV,1675845.054,24864.53,1.483701
2018,330455705153,Paquetá,Milicia,1675845.054,0.0,0.0
2018,330455705153,Paquetá,TCP,1675845.054,0.0,0.0
2018,330455705154,Parque Columbia,ADA,1519835.366,20488.1,1.348047
2018,330455705154,Parque Columbia,CV,1519835.366,0.0,0.0
2018,330455705154,Parque Columbia,Milicia,1519835.366,18.606,0.001224
2018,330455705154,Parque Columbia,TCP,1519835.366,113570.978,7.472584
2018,330455705155,Jacarezinho,ADA,991554.655,0.0,0.0
2018,330455705155,Jacarezinho,CV,991554.655,526225.999,53.070801
2018,330455705155,Jacarezinho,Milicia,991554.655,0.0,0.0
2018,330455705155,Jacarezinho,TCP,991554.655,0.0,0.0
2018,330455705156,Rocinha,ADA,1460252.789,906579.798,62.083757
2018,330455705156,Rocinha,CV,1460252.789,0.0,0.0
2018,330455705156,Rocinha,Milicia,1460252.789,0.0,0.0
2018,330455705156,Rocinha,TCP,1460252.789,0.0,0.0
2018,330455705157,Complexo do Alemão,ADA,2854606.277,0.0,0.0
2018,330455705157,Complexo do Alemão,CV,2854606.277,1973590.552,69.137049
2018,330455705157,Complexo do Alemão,Milicia,2854606.277,0.0,0.0
2018,330455705157,Complexo do Alemão,TCP,2854606.277,0.0,0.0
2018,330455705158,Maré,ADA,4347749.885,0.0,0.0
2018,330455705158,Maré,CV,4347749.885,952214.684,21.901322
2018,330455705158,Maré,Milicia,4347749.885,770288.748,17.716952
2018,330455705158,Maré,TCP,4347749.885,1237801.578,28.469935
2018,330455705159,Vasco da Gama,ADA,1051322.951,0.0,0.0
2018,330455705159,Vasco da Gama,CV,1051322.951,107375.1,10.213332
2018,330455705159,Vasco da Gama,Milicia,1051322.951,0.0,0.0
2018,330455705159,Vasco da Gama,TCP,1051322.951,0.0,0.0
2018,330455705160,Gericinó,ADA,1903405.18,0.0,0.0
2018,330455705160,Gericinó,CV,1903405.18,56429.813,2.964677
2018,330455705160,Gericinó,Milicia,1903405.18,1731846.824,90.986766
2018,330455705160,Gericinó,TCP,1903405.18,0.0,0.0
2019,330455705001,Centro,ADA,5999470.914,0.0,0.0
2019,330455705001,Centro,CV,5999470.914,0.0,0.0
2019,330455705001,Centro,Milicia,5999470.914,231598.702,3.860319
2019,330455705001,Centro,TCP,5999470.914,0.0,0.0
2019,330455705002,Gamboa,ADA,1136868.144,0.0,0.0
2019,330455705002,Gamboa,CV,1136868.144,108806.99,9.570766
2019,330455705002,Gamboa,Milicia,1136868.144,0.0,0.0
2019,330455705002,Gamboa,TCP,1136868.144,0.0,0.0
2019,330455705003,Santo Cristo,ADA,1672344.478,0.0,0.0
2019,330455705003,Santo Cristo,CV,1672344.478,39947.24,2.388697
2019,330455705003,Santo Cristo,Milicia,1672344.478,0.0,0.0
2019,330455705003,Santo Cristo,TCP,1672344.478,0.0,0.0
2019,330455705004,Caju,ADA,5067155.95,198718.263,3.921692
2019,330455705004,Caju,CV,5067155.95,56895.643,1.122832
2019,330455705004,Caju,Milicia,5067155.95,0.0,0.0
2019,330455705004,Caju,TCP,5067155.95,407.009,0.008032
2019,330455705005,Catumbi,ADA,632389.034,147786.3,23.369523
2019,330455705005,Catumbi,CV,632389.034,8.618,0.001363
2019,330455705005,Catumbi,Milicia,632389.034,0.0,0.0
2019,330455705005,Catumbi,TCP,632389.034,0.0,0.0
2019,330455705006,Rio Comprido,ADA,3330278.597,102421.799,3.075472
2019,330455705006,Rio Comprido,CV,3330278.597,367807.978,11.044361
2019,330455705006,Rio Comprido,Milicia,3330278.597,0.0,0.0
2019,330455705006,Rio Comprido,TCP,3330278.597,0.0,0.0
2019,330455705007,Cidade Nova,ADA,936691.34,0.0,0.0
2019,330455705007,Cidade Nova,CV,936691.34,0.187,2e-05
2019,330455705007,Cidade Nova,Milicia,936691.34,0.0,0.0
2019,330455705007,Cidade Nova,TCP,936691.34,0.0,0.0
2019,330455705008,Estácio,ADA,914078.001,158365.603,17.325174
2019,330455705008,Estácio,CV,914078.001,0.0,0.0
2019,330455705008,Estácio,Milicia,914078.001,0.0,0.0
2019,330455705008,Estácio,TCP,914078.001,0.0,0.0
2019,330455705009,Flamengo,ADA,1652155.006,23906.883,1.447012
2019,330455705009,Flamengo,CV,1652155.006,0.0,0.0
2019,330455705009,Flamengo,Milicia,1652155.006,0.0,0.0
2019,330455705009,Flamengo,TCP,1652155.006,0.0,0.0
2019,330455705010,Glória,ADA,1125643.202,0.0,0.0
2019,330455705010,Glória,CV,1125643.202,13.885,0.001234
2019,330455705010,Glória,Milicia,1125643.202,0.0,0.0
2019,330455705010,Glória,TCP,1125643.202,0.0,0.0
2019,330455705011,Laranjeiras,ADA,2488268.891,370.463,0.014888
2019,330455705011,Laranjeiras,CV,2488268.891,72703.449,2.921849
2019,330455705011,Laranjeiras,Milicia,2488268.891,0.0,0.0
2019,330455705011,Laranjeiras,TCP,2488268.891,0.0,0.0
2019,330455705012,Catete,ADA,690904.333,0.0,0.0
2019,330455705012,Catete,CV,690904.333,44946.383,6.505442
2019,330455705012,Catete,Milicia,690904.333,0.0,0.0
2019,330455705012,Catete,TCP,690904.333,0.0,0.0
2019,330455705013,Cosme Velho,ADA,933880.948,0.0,0.0
2019,330455705013,Cosme Velho,CV,933880.948,96808.358,10.366242
2019,330455705013,Cosme Velho,Milicia,933880.948,0.0,0.0
2019,330455705013,Cosme Velho,TCP,933880.948,0.0,0.0
2019,330455705014,Botafogo,ADA,4793518.99,181.399,0.003784
2019,330455705014,Botafogo,CV,4793518.99,135988.381,2.836922
2019,330455705014,Botafogo,Milicia,4793518.99,0.0,0.0
2019,330455705014,Botafogo,TCP,4793518.99,0.0,0.0
2019,330455705015,Urca,ADA,2443671.98,0.0,0.0
2019,330455705015,Urca,CV,2443671.98,0.0,0.0
2019,330455705015,Urca,Milicia,2443671.98,0.0,0.0
2019,330455705015,Urca,TCP,2443671.98,0.0,0.0
2019,330455705016,Humaitá,ADA,1068177.754,0.0,0.0
2019,330455705016,Humaitá,CV,1068177.754,5547.437,0.519337
2019,330455705016,Humaitá,Milicia,1068177.754,0.0,0.0
2019,330455705016,Humaitá,TCP,1068177.754,0.0,0.0
2019,330455705017,Leme,ADA,1017046.998,0.0,0.0
2019,330455705017,Leme,CV,1017046.998,154956.837,15.235956
2019,330455705017,Leme,Milicia,1017046.998,0.0,0.0
2019,330455705017,Leme,TCP,1017046.998,0.0,0.0
2019,330455705018,Copacabana,ADA,4201270.477,0.0,0.0
2019,330455705018,Copacabana,CV,4201270.477,211677.279,5.038411
2019,330455705018,Copacabana,Milicia,4201270.477,0.0,0.0
2019,330455705018,Copacabana,TCP,4201270.477,0.0,0.0
2019,330455705019,Ipanema,ADA,3060078.202,0.0,0.0
2019,330455705019,Ipanema,CV,3060078.202,46130.548,1.507496
2019,330455705019,Ipanema,Milicia,3060078.202,0.0,0.0
2019,330455705019,Ipanema,TCP,3060078.202,0.0,0.0
2019,330455705020,Leblon,ADA,2118156.856,11750.6,0.554756
2019,330455705020,Leblon,CV,2118156.856,0.0,0.0
2019,330455705020,Leblon,Milicia,2118156.856,0.0,0.0
2019,330455705020,Leblon,TCP,2118156.856,0.0,0.0
2019,330455705021,Lagoa,ADA,5193577.874,5.53,0.000106
2019,330455705021,Lagoa,CV,5193577.874,845.013,0.01627
2019,330455705021,Lagoa,Milicia,5193577.874,0.0,0.0
2019,330455705021,Lagoa,TCP,5193577.874,0.0,0.0
2019,330455705022,Jardim Botânico,ADA,2817694.6,0.0,0.0
2019,330455705022,Jardim Botânico,CV,2817694.6,0.0,0.0
2019,330455705022,Jardim Botânico,Milicia,2817694.6,0.0,0.0
2019,330455705022,Jardim Botânico,TCP,2817694.6,0.0,0.0
2019,330455705023,Gávea,ADA,2733785.645,18606.97,0.68063
2019,330455705023,Gávea,CV,2733785.645,12625.74,0.461841
2019,330455705023,Gávea,Milicia,2733785.645,0.0,0.0
2019,330455705023,Gávea,TCP,2733785.645,0.0,0.0
2019,330455705024,Vidigal,ADA,1781818.869,25090.597,1.408145
2019,330455705024,Vidigal,CV,1781818.869,223397.282,12.537598
2019,330455705024,Vidigal,Milicia,1781818.869,0.0,0.0
2019,330455705024,Vidigal,TCP,1781818.869,0.0,0.0
2019,330455705025,São Conrado,ADA,6668231.159,33131.87,0.496861
2019,330455705025,São Conrado,CV,6668231.159,398996.382,5.983542
2019,330455705025,São Conrado,Milicia,6668231.159,0.0,0.0
2019,330455705025,São Conrado,TCP,6668231.159,0.0,0.0
2019,330455705026,São Cristóvão,ADA,3794648.396,0.0,0.0
2019,330455705026,São Cristóvão,CV,3794648.396,339592.846,8.949257
2019,330455705026,São Cristóvão,Milicia,3794648.396,0.0,0.0
2019,330455705026,São Cristóvão,TCP,3794648.396,227.141,0.005986
2019,330455705027,Mangueira,ADA,965517.733,0.0,0.0
2019,330455705027,Mangueira,CV,965517.733,356854.481,36.95991
2019,330455705027,Mangueira,Milicia,965517.733,0.0,0.0
2019,330455705027,Mangueira,TCP,965517.733,0.0,0.0
2019,330455705028,Benfica,ADA,1803020.832,1136.645,0.063041
2019,330455705028,Benfica,CV,1803020.832,156507.949,8.680318
2019,330455705028,Benfica,Milicia,1803020.832,26264.679,1.456704
2019,330455705028,Benfica,TCP,1803020.832,2203.972,0.122238
2019,330455705029,Praça da Bandeira,ADA,759082.679,0.0,0.0
2019,330455705029,Praça da Bandeira,CV,759082.679,0.0,0.0
2019,330455705029,Praça da Bandeira,Milicia,759082.679,0.0,0.0
2019,330455705029,Praça da Bandeira,TCP,759082.679,0.0,0.0
2019,330455705030,Tijuca,ADA,9943019.197,19227.095,0.193373
2019,330455705030,Tijuca,CV,9943019.197,761805.774,7.661715
2019,330455705030,Tijuca,Milicia,9943019.197,0.0,0.0
2019,330455705030,Tijuca,TCP,9943019.197,85166.149,0.856542
2019,330455705031,Alto da Boa Vista,ADA,31327174.846,0.0,0.0
2019,330455705031,Alto da Boa Vista,CV,31327174.846,214619.037,0.685089
2019,330455705031,Alto da Boa Vista,Milicia,31327174.846,2479.521,0.007915
2019,330455705031,Alto da Boa Vista,TCP,31327174.846,0.0,0.0
2019,330455705032,Maracanã,ADA,1618236.441,0.0,0.0
2019,330455705032,Maracanã,CV,1618236.441,6310.973,0.389991
2019,330455705032,Maracanã,Milicia,1618236.441,0.0,0.0
2019,330455705032,Maracanã,TCP,1618236.441,0.0,0.0
2019,330455705033,Vila Isabel,ADA,3335039.051,271270.393,8.13395
2019,330455705033,Vila Isabel,CV,3335039.051,0.0,0.0
2019,330455705033,Vila Isabel,Milicia,3335039.051,0.0,0.0
2019,330455705033,Vila Isabel,TCP,3335039.051,0.0,0.0
2019,330455705034,Andaraí,ADA,2288826.412,0.0,0.0
2019,330455705034,Andaraí,CV,2288826.412,313983.204,13.718087
2019,330455705034,Andaraí,Milicia,2288826.412,0.0,0.0
2019,330455705034,Andaraí,TCP,2288826.412,0.0,0.0
2019,330455705035,Grajaú,ADA,5666000.278,0.0,0.0
2019,330455705035,Grajaú,CV,5666000.278,262375.008,4.630692
2019,330455705035,Grajaú,Milicia,5666000.278,42733.586,0.754211
2019,330455705035,Grajaú,TCP,5666000.278,0.0,0.0
2019,330455705036,Manguinhos,ADA,2904792.726,0.0,0.0
2019,330455705036,Manguinhos,CV,2904792.726,376244.55,12.952544
2019,330455705036,Manguinhos,Milicia,2904792.726,65755.991,2.263707
2019,330455705036,Manguinhos,TCP,2904792.726,157.452,0.00542
2019,330455705037,Bonsucesso,ADA,2246914.385,0.0,0.0
2019,330455705037,Bonsucesso,CV,2246914.385,40041.623,1.782072
2019,330455705037,Bonsucesso,Milicia,2246914.385,0.0,0.0
2019,330455705037,Bonsucesso,TCP,2246914.385,226.526,0.010082
2019,330455705038,Ramos,ADA,2803461.571,0.0,0.0
2019,330455705038,Ramos,CV,2803461.571,207044.006,7.385299
2019,330455705038,Ramos,Milicia,2803461.571,979529.585,34.940004
2019,330455705038,Ramos,TCP,2803461.571,0.0,0.0
2019,330455705039,Olaria,ADA,3777725.993,0.0,0.0
2019,330455705039,Olaria,CV,3777725.993,770200.103,20.387929
2019,330455705039,Olaria,Milicia,3777725.993,226215.576,5.988141
2019,330455705039,Olaria,TCP,3777725.993,0.0,0.0
2019,330455705040,Penha,ADA,5667327.123,0.0,0.0
2019,330455705040,Penha,CV,5667327.123,1158015.138,20.43318
2019,330455705040,Penha,Milicia,5667327.123,52308.125,0.922977
2019,330455705040,Penha,TCP,5667327.123,0.0,0.0
2019,330455705041,Penha Circular,ADA,4750762.719,0.0,0.0
2019,330455705041,Penha Circular,CV,4750762.719,732655.59,15.421852
2019,330455705041,Penha Circular,Milicia,4750762.719,89911.106,1.892561
2019,330455705041,Penha Circular,TCP,4750762.719,618.216,0.013013
2019,330455705042,Brás de Pina,ADA,3512571.928,0.0,0.0
2019,330455705042,Brás de Pina,CV,3512571.928,163522.551,4.655351
2019,330455705042,Brás de Pina,Milicia,3512571.928,1216743.412,34.639672
2019,330455705042,Brás de Pina,TCP,3512571.928,592940.517,16.880523
2019,330455705043,Cordovil,ADA,3753939.247,0.0,0.0
2019,330455705043,Cordovil,CV,3753939.247,323702.936,8.62302
2019,330455705043,Cordovil,Milicia,3753939.247,241581.898,6.435424
2019,330455705043,Cordovil,TCP,3753939.247,439582.19,11.709891
2019,330455705044,Parada de Lucas,ADA,2297621.975,0.0,0.0
2019,330455705044,Parada de Lucas,CV,2297621.975,1060.991,0.046178
2019,330455705044,Parada de Lucas,Milicia,2297621.975,18641.616,0.811344
2019,330455705044,Parada de Lucas,TCP,2297621.975,612234.472,26.64644
2019,330455705045,Vigário Geral,ADA,3417305.816,0.0,0.0
2019,330455705045,Vigário Geral,CV,3417305.816,321721.571,9.41448
2019,330455705045,Vigário Geral,Milicia,3417305.816,0.0,0.0
2019,330455705045,Vigário Geral,TCP,3417305.816,161833.148,4.735694
2019,330455705046,Jardim América,ADA,1948170.717,0.0,0.0
2019,330455705046,Jardim América,CV,1948170.717,209897.526,10.774083
2019,330455705046,Jardim América,Milicia,1948170.717,0.0,0.0
2019,330455705046,Jardim América,TCP,1948170.717,0.0,0.0
2019,330455705047,São Francisco Xavier,ADA,665866.707,0.0,0.0
2019,330455705047,São Francisco Xavier,CV,665866.707,8657.787,1.300228
2019,330455705047,São Francisco Xavier,Milicia,665866.707,0.0,0.0
2019,330455705047,São Francisco Xavier,TCP,665866.707,0.0,0.0
2019,330455705048,Rocha,ADA,1195663.72,0.0,0.0
2019,330455705048,Rocha,CV,1195663.72,0.0,0.0
2019,330455705048,Rocha,Milicia,1195663.72,0.0,0.0
2019,330455705048,Rocha,TCP,1195663.72,0.0,0.0
2019,330455705049,Riachuelo,ADA,1007501.654,0.0,0.0
2019,330455705049,Riachuelo,CV,1007501.654,0.0,0.0
2019,330455705049,Riachuelo,Milicia,1007501.654,0.0,0.0
2019,330455705049,Riachuelo,TCP,1007501.654,0.0,0.0
2019,330455705050,Sampaio,ADA,834065.511,0.0,0.0
2019,330455705050,Sampaio,CV,834065.511,29032.545,3.480847
2019,330455705050,Sampaio,Milicia,834065.511,0.0,0.0
2019,330455705050,Sampaio,TCP,834065.511,0.0,0.0
2019,330455705051,Engenho Novo,ADA,2670486.436,1106.168,0.041422
2019,330455705051,Engenho Novo,CV,2670486.436,522982.587,19.583795
2019,330455705051,Engenho Novo,Milicia,2670486.436,872.648,0.032677
2019,330455705051,Engenho Novo,TCP,2670486.436,0.0,0.0
2019,330455705052,Lins de Vasconcelos,ADA,2795375.736,0.0,0.0
2019,330455705052,Lins de Vasconcelos,CV,2795375.736,747280.068,26.732724
2019,330455705052,Lins de Vasconcelos,Milicia,2795375.736,0.0,0.0
2019,330455705052,Lins de Vasconcelos,TCP,2795375.736,0.0,0.0
2019,330455705053,Méier,ADA,2365369.616,0.0,0.0
2019,330455705053,Méier,CV,2365369.616,83586.886,3.533777
2019,330455705053,Méier,Milicia,2365369.616,108213.338,4.574902
2019,330455705053,Méier,TCP,2365369.616,0.0,0.0
2019,330455705054,Todos os Santos,ADA,1096583.584,0.0,0.0
2019,330455705054,Todos os Santos,CV,1096583.584,0.024,2e-06
2019,330455705054,Todos os Santos,Milicia,1096583.584,116418.733,10.616494
2019,330455705054,Todos os Santos,TCP,1096583.584,0.0,0.0
2019,330455705055,Cachambi,ADA,2184248.384,0.0,0.0
2019,330455705055,Cachambi,CV,2184248.384,24161.522,1.106171
2019,330455705055,Cachambi,Milicia,2184248.384,520288.944,23.820045
2019,330455705055,Cachambi,TCP,2184248.384,0.0,0.0
2019,330455705056,Engenho de Dentro,ADA,3860558.733,0.0,0.0
2019,330455705056,Engenho de Dentro,CV,3860558.733,372604.023,9.651557
2019,330455705056,Engenho de Dentro,Milicia,3860558.733,561226.332,14.537438
2019,330455705056,Engenho de Dentro,TCP,3860558.733,0.0,0.0
2019,330455705057,Água Santa,ADA,2443119.047,0.0,0.0
2019,330455705057,Água Santa,CV,2443119.047,8827.196,0.361308
2019,330455705057,Água Santa,Milicia,2443119.047,361486.624,14.796112
2019,330455705057,Água Santa,TCP,2443119.047,0.0,0.0
2019,330455705058,Encantado,ADA,1017956.092,0.0,0.0
2019,330455705058,Encantado,CV,1017956.092,5034.295,0.494549
2019,330455705058,Encantado,Milicia,1017956.092,596125.681,58.561041
2019,330455705058,Encantado,TCP,1017956.092,0.0,0.0
2019,330455705059,Piedade,ADA,3975814.299,63006.457,1.584743
2019,330455705059,Piedade,CV,3975814.299,31371.97,0.78907
2019,330455705059,Piedade,Milicia,3975814.299,2422873.607,60.940311
2019,330455705059,Piedade,TCP,3975814.299,0.0,0.0
2019,330455705060,Abolição,ADA,681919.203,119.689,0.017552
2019,330455705060,Abolição,CV,681919.203,0.0,0.0
2019,330455705060,Abolição,Milicia,681919.203,87124.047,12.776301
2019,330455705060,Abolição,TCP,681919.203,0.0,0.0
2019,330455705061,Pilares,ADA,1736724.672,115761.61,6.665513
2019,330455705061,Pilares,CV,1736724.672,197072.638,11.347374
2019,330455705061,Pilares,Milicia,1736724.672,498923.85,28.727861
2019,330455705061,Pilares,TCP,1736724.672,0.0,0.0
2019,330455705062,Vila Kosmos,ADA,1459829.177,0.0,0.0
2019,330455705062,Vila Kosmos,CV,1459829.177,644494.251,44.148607
2019,330455705062,Vila Kosmos,Milicia,1459829.177,199974.579,13.698492
2019,330455705062,Vila Kosmos,TCP,1459829.177,0.0,0.0
2019,330455705063,Vicente de Carvalho,ADA,1861712.205,0.0,0.0
2019,330455705063,Vicente de Carvalho,CV,1861712.205,712922.948,38.29394
2019,330455705063,Vicente de Carvalho,Milicia,1861712.205,774.192,0.041585
2019,330455705063,Vicente de Carvalho,TCP,1861712.205,135.146,0.007259
2019,330455705064,Vila da Penha,ADA,1459935.08,0.0,0.0
2019,330455705064,Vila da Penha,CV,1459935.08,32.071,0.002197
2019,330455705064,Vila da Penha,Milicia,1459935.08,35100.763,2.404269
2019,330455705064,Vila da Penha,TCP,1459935.08,0.0,0.0
2019,330455705065,Vista Alegre,ADA,543631.474,0.0,0.0
2019,330455705065,Vista Alegre,CV,543631.474,670.515,0.12334
2019,330455705065,Vista Alegre,Milicia,543631.474,0.0,0.0
2019,330455705065,Vista Alegre,TCP,543631.474,0.0,0.0
2019,330455705066,Irajá,ADA,7756434.911,0.0,0.0
2019,330455705066,Irajá,CV,7756434.911,151035.744,1.947232
2019,330455705066,Irajá,Milicia,7756434.911,712516.298,9.186131
2019,330455705066,Irajá,TCP,7756434.911,62919.347,0.811189
2019,330455705067,Colégio,ADA,1977696.341,0.0,0.0
2019,330455705067,Colégio,CV,1977696.341,45498.33,2.300572
2019,330455705067,Colégio,Milicia,1977696.341,52.956,0.002678
2019,330455705067,Colégio,TCP,1977696.341,438301.149,22.162207
2019,330455705068,Campinho,ADA,818895.95,0.0,0.0
2019,330455705068,Campinho,CV,818895.95,0.0,0.0
2019,330455705068,Campinho,Milicia,818895.95,635072.781,77.552317
2019,330455705068,Campinho,TCP,818895.95,0.0,0.0
2019,330455705069,Quintino Bocaiúva,ADA,4327748.625,79369.556,1.833969
2019,330455705069,Quintino Bocaiúva,CV,4327748.625,0.0,0.0
2019,330455705069,Quintino Bocaiúva,Milicia,4327748.625,1723866.584,39.832872
2019,330455705069,Quintino Bocaiúva,TCP,4327748.625,0.0,0.0
2019,330455705070,Cavalcanti,ADA,1841740.248,13299.367,0.722109
2019,330455705070,Cavalcanti,CV,1841740.248,0.0,0.0
2019,330455705070,Cavalcanti,Milicia,1841740.248,168227.644,9.134168
2019,330455705070,Cavalcanti,TCP,1841740.248,276662.184,15.021781
2019,330455705071,Engenheiro Leal,ADA,666173.029,0.0,0.0
2019,330455705071,Engenheiro Leal,CV,666173.029,0.0,0.0
2019,330455705071,Engenheiro Leal,Milicia,666173.029,173484.921,26.042021
2019,330455705071,Engenheiro Leal,TCP,666173.029,69849.801,10.485234
2019,330455705072,Cascadura,ADA,3007879.708,0.0,0.0
2019,330455705072,Cascadura,CV,3007879.708,0.0,0.0
2019,330455705072,Cascadura,Milicia,3007879.708,2390119.983,79.461954
2019,330455705072,Cascadura,TCP,3007879.708,0.0,0.0
2019,330455705073,Madureira,ADA,3784149.277,0.0,0.0
2019,330455705073,Madureira,CV,3784149.277,219332.656,5.796089
2019,330455705073,Madureira,Milicia,3784149.277,1342862.589,35.486512
2019,330455705073,Madureira,TCP,3784149.277,362395.85,9.57668
2019,330455705074,Vaz Lobo,ADA,1053976.763,0.0,0.0
2019,330455705074,Vaz Lobo,CV,1053976.763,20201.915,1.916733
2019,330455705074,Vaz Lobo,Milicia,1053976.763,56125.397,5.325108
2019,330455705074,Vaz Lobo,TCP,1053976.763,111474.327,10.576545
2019,330455705075,Turiaçu,ADA,1312987.215,0.0,0.0
2019,330455705075,Turiaçu,CV,1312987.215,403763.083,30.751486
2019,330455705075,Turiaçu,Milicia,1312987.215,1663.177,0.126671
2019,330455705075,Turiaçu,TCP,1312987.215,0.0,0.0
2019,330455705076,Rocha Miranda,ADA,2931197.068,0.0,0.0
2019,330455705076,Rocha Miranda,CV,2931197.068,615471.45,20.997273
2019,330455705076,Rocha Miranda,Milicia,2931197.068,0.0,0.0
2019,330455705076,Rocha Miranda,TCP,2931197.068,0.0,0.0
2019,330455705077,Honório Gurgel,ADA,1291655.929,55.307,0.004282
2019,330455705077,Honório Gurgel,CV,1291655.929,138373.682,10.71289
2019,330455705077,Honório Gurgel,Milicia,1291655.929,54570.886,4.224878
2019,330455705077,Honório Gurgel,TCP,1291655.929,0.0,0.0
2019,330455705078,Oswaldo Cruz,ADA,2109374.788,0.0,0.0
2019,330455705078,Oswaldo Cruz,CV,2109374.788,6228.193,0.295263
2019,330455705078,Oswaldo Cruz,Milicia,2109374.788,306498.94,14.530322
2019,330455705078,Oswaldo Cruz,TCP,2109374.788,0.0,0.0
2019,330455705079,Bento Ribeiro,ADA,3148947.915,0.0,0.0
2019,330455705079,Bento Ribeiro,CV,3148947.915,8335.575,0.26471
2019,330455705079,Bento Ribeiro,Milicia,3148947.915,59917.368,1.902774
2019,330455705079,Bento Ribeiro,TCP,3148947.915,0.0,0.0
2019,330455705080,Marechal Hermes,ADA,3842053.359,0.0,0.0
2019,330455705080,Marechal Hermes,CV,3842053.359,249998.263,6.506892
2019,330455705080,Marechal Hermes,Milicia,3842053.359,67322.19,1.752245
2019,330455705080,Marechal Hermes,TCP,3842053.359,42001.684,1.093209
2019,330455705081,Jacarepaguá,ADA,74749389.951,0.0,0.0
2019,330455705081,Jacarepaguá,CV,74749389.951,232448.355,0.31097
2019,330455705081,Jacarepaguá,Milicia,74749389.951,13056257.502,17.466708
2019,330455705081,Jacarepaguá,TCP,74749389.951,0.0,0.0
2019,330455705082,Anil,ADA,3773328.725,0.0,0.0
2019,330455705082,Anil,CV,3773328.725,14291.005,0.378737
2019,330455705082,Anil,Milicia,3773328.725,1484734.902,39.348146
2019,330455705082,Anil,TCP,3773328.725,0.0,0.0
2019,330455705083,Gardênia Azul,ADA,949103.226,0.0,0.0
2019,330455705083,Gardênia Azul,CV,949103.226,111.158,0.011712
2019,330455705083,Gardênia Azul,Milicia,949103.226,772840.115,81.428457
2019,330455705083,Gardênia Azul,TCP,949103.226,0.0,0.0
2019,330455705084,Cidade de Deus,ADA,1390931.874,0.0,0.0
2019,330455705084,Cidade de Deus,CV,1390931.874,1141805.235,82.089228
2019,330455705084,Cidade de Deus,Milicia,1390931.874,0.0,0.0
2019,330455705084,Cidade de Deus,TCP,1390931.874,0.0,0.0
2019,330455705085,Curicica,ADA,3339007.728,0.0,0.0
2019,330455705085,Curicica,CV,3339007.728,0.0,0.0
2019,330455705085,Curicica,Milicia,3339007.728,2346525.995,70.276147
2019,330455705085,Curicica,TCP,3339007.728,0.0,0.0
2019,330455705086,Freguesia (Jacarepaguá),ADA,10108021.173,0.0,0.0
2019,330455705086,Freguesia (Jacarepaguá),CV,10108021.173,345036.327,3.41349
2019,330455705086,Freguesia (Jacarepaguá),Milicia,10108021.173,810150.414,8.014926
2019,330455705086,Freguesia (Jacarepaguá),TCP,10108021.173,0.0,0.0
2019,330455705087,Pechincha,ADA,3127046.955,0.0,0.0
2019,330455705087,Pechincha,CV,3127046.955,60403.722,1.931654
2019,330455705087,Pechincha,Milicia,3127046.955,109862.681,3.513304
2019,330455705087,Pechincha,TCP,3127046.955,0.0,0.0
2019,330455705088,Taquara,ADA,13409639.819,0.0,0.0
2019,330455705088,Taquara,CV,13409639.819,112101.516,0.835977
2019,330455705088,Taquara,Milicia,13409639.819,7595474.455,56.641898
2019,330455705088,Taquara,TCP,13409639.819,0.0,0.0
2019,330455705089,Tanque,ADA,5758334.63,0.0,0.0
2019,330455705089,Tanque,CV,5758334.63,253.375,0.0044
2019,330455705089,Tanque,Milicia,5758334.63,3418689.657,59.369416
2019,330455705089,Tanque,TCP,5758334.63,0.0,0.0
2019,330455705090,Praça Seca,ADA,6556015.532,0.0,0.0
2019,330455705090,Praça Seca,CV,6556015.532,0.0,0.0
2019,330455705090,Praça Seca,Milicia,6556015.532,5078346.643,77.46087
2019,330455705090,Praça Seca,TCP,6556015.532,0.0,0.0
2019,330455705091,Vila Valqueire,ADA,4013527.509,0.0,0.0
2019,330455705091,Vila Valqueire,CV,4013527.509,0.0,0.0
2019,330455705091,Vila Valqueire,Milicia,4013527.509,1218159.586,30.351345
2019,330455705091,Vila Valqueire,TCP,4013527.509,0.0,0.0
2019,330455705092,Deodoro,ADA,4683193.264,0.0,0.0
2019,330455705092,Deodoro,CV,4683193.264,1033.211,0.022062
2019,330455705092,Deodoro,Milicia,4683193.264,482023.727,10.292629
2019,330455705092,Deodoro,TCP,4683193.264,297482.521,6.35213
2019,330455705093,Vila Militar,ADA,10520035.885,0.0,0.0
2019,330455705093,Vila Militar,CV,10520035.885,0.0,0.0
2019,330455705093,Vila Militar,Milicia,10520035.885,393309.756,3.738673
2019,330455705093,Vila Militar,TCP,10520035.885,0.0,0.0
2019,330455705094,Campo dos Afonsos,ADA,3173081.541,0.0,0.0
2019,330455705094,Campo dos Afonsos,CV,3173081.541,0.0,0.0
2019,330455705094,Campo dos Afonsos,Milicia,3173081.541,0.0,0.0
2019,330455705094,Campo dos Afonsos,TCP,3173081.541,0.0,0.0
2019,330455705095,Jardim Sulacap,ADA,7838000.908,0.0,0.0
2019,330455705095,Jardim Sulacap,CV,7838000.908,0.0,0.0
2019,330455705095,Jardim Sulacap,Milicia,7838000.908,21726.051,0.277189
2019,330455705095,Jardim Sulacap,TCP,7838000.908,0.0,0.0
2019,330455705096,Magalhães Bastos,ADA,2054160.612,87299.092,4.249867
2019,330455705096,Magalhães Bastos,CV,2054160.612,0.0,0.0
2019,330455705096,Magalhães Bastos,Milicia,2054160.612,388400.449,18.907988
2019,330455705096,Magalhães Bastos,TCP,2054160.612,0.0,0.0
2019,330455705097,Realengo,ADA,25902981.11,993203.108,3.83432
2019,330455705097,Realengo,CV,25902981.11,27699.798,0.106937
2019,330455705097,Realengo,Milicia,25902981.11,4590401.169,17.721517
2019,330455705097,Realengo,TCP,25902981.11,78267.471,0.302156
2019,330455705098,Padre Miguel,ADA,4845945.365,1044355.155,21.551113
2019,330455705098,Padre Miguel,CV,4845945.365,21766.829,0.449176
2019,330455705098,Padre Miguel,Milicia,4845945.365,479064.761,9.885889
2019,330455705098,Padre Miguel,TCP,4845945.365,0.0,0.0
2019,330455705099,Bangu,ADA,37830395.943,1378887.035,3.644918
2019,330455705099,Bangu,CV,37830395.943,2550197.646,6.741134
2019,330455705099,Bangu,Milicia,37830395.943,5920705.513,15.650657
2019,330455705099,Bangu,TCP,37830395.943,1351324.053,3.572059
2019,330455705100,Senador Camará,ADA,17294389.899,73189.169,0.423196
2019,330455705100,Senador Camará,CV,17294389.899,178696.798,1.033265
2019,330455705100,Senador Camará,Milicia,17294389.899,39900.044,0.230711
2019,330455705100,Senador Camará,TCP,17294389.899,2415577.743,13.967407
2019,330455705101,Santíssimo,ADA,8471414.284,0.0,0.0
2019,330455705101,Santíssimo,CV,8471414.284,0.0,0.0
2019,330455705101,Santíssimo,Milicia,8471414.284,1764363.893,20.827265
2019,330455705101,Santíssimo,TCP,8471414.284,129403.484,1.527531
2019,330455705102,Campo Grande,ADA,104874675.28,0.0,0.0
2019,330455705102,Campo Grande,CV,104874675.28,4205.162,0.00401
2019,330455705102,Campo Grande,Milicia,104874675.28,27250706.421,25.984068
2019,330455705102,Campo Grande,TCP,104874675.28,0.0,0.0
2019,330455705103,Senador Vasconcelos,ADA,6282463.302,0.0,0.0
2019,330455705103,Senador Vasconcelos,CV,6282463.302,0.0,0.0
2019,330455705103,Senador Vasconcelos,Milicia,6282463.302,1365377.999,21.733163
2019,330455705103,Senador Vasconcelos,TCP,6282463.302,0.0,0.0
2019,330455705104,Inhoaíba,ADA,8246887.204,0.0,0.0
2019,330455705104,Inhoaíba,CV,8246887.204,231.804,0.002811
2019,330455705104,Inhoaíba,Milicia,8246887.204,4015166.723,48.687058
2019,330455705104,Inhoaíba,TCP,8246887.204,0.0,0.0
2019,330455705105,Cosmos,ADA,11341801.939,0.0,0.0
2019,330455705105,Cosmos,CV,11341801.939,0.0,0.0
2019,330455705105,Cosmos,Milicia,11341801.939,5499710.193,48.490621
2019,330455705105,Cosmos,TCP,11341801.939,0.0,0.0
2019,330455705106,Paciência,ADA,26711558.485,0.0,0.0
2019,330455705106,Paciência,CV,26711558.485,363432.664,1.360582
2019,330455705106,Paciência,Milicia,26711558.485,8995537.167,33.676572
2019,330455705106,Paciência,TCP,26711558.485,0.0,0.0
2019,330455705107,Santa Cruz,ADA,123060884.941,0.0,0.0
2019,330455705107,Santa Cruz,CV,123060884.941,469556.876,0.381565
2019,330455705107,Santa Cruz,Milicia,123060884.941,21653377.706,17.595662
2019,330455705107,Santa Cruz,TCP,123060884.941,0.0,0.0
2019,330455705108,Sepetiba,ADA,11867945.594,0.0,0.0
2019,330455705108,Sepetiba,CV,11867945.594,0.0,0.0
2019,330455705108,Sepetiba,Milicia,11867945.594,7990385.26,67.327451
2019,330455705108,Sepetiba,TCP,11867945.594,0.0,0.0
2019,330455705109,Ribeira,ADA,873943.13,0.0,0.0
2019,330455705109,Ribeira,CV,873943.13,0.0,0.0
2019,330455705109,Ribeira,Milicia,873943.13,0.0,0.0
2019,330455705109,Ribeira,TCP,873943.13,0.0,0.0
2019,330455705110,Zumbi,ADA,182858.391,0.0,0.0
2019,330455705110,Zumbi,CV,182858.391,0.0,0.0
2019,330455705110,Zumbi,Milicia,182858.391,0.0,0.0
2019,330455705110,Zumbi,TCP,182858.391,0.0,0.0
2019,330455705111,Cacuia,ADA,2145636.701,0.0,0.0
2019,330455705111,Cacuia,CV,2145636.701,0.0,0.0
2019,330455705111,Cacuia,Milicia,2145636.701,106866.432,4.98064
2019,330455705111,Cacuia,TCP,2145636.701,0.014,1e-06
2019,330455705112,Pitangueiras,ADA,619268.101,0.0,0.0
2019,330455705112,Pitangueiras,CV,619268.101,0.0,0.0
2019,330455705112,Pitangueiras,Milicia,619268.101,113803.834,18.377151
2019,330455705112,Pitangueiras,TCP,619268.101,0.0,0.0
2019,330455705113,Praia da Bandeira,ADA,332647.93,0.0,0.0
2019,330455705113,Praia da Bandeira,CV,332647.93,0.0,0.0
2019,330455705113,Praia da Bandeira,Milicia,332647.93,171974.666,51.698703
2019,330455705113,Praia da Bandeira,TCP,332647.93,0.0,0.0
2019,330455705114,Cocotá,ADA,579176.523,0.0,0.0
2019,330455705114,Cocotá,CV,579176.523,0.0,0.0
2019,330455705114,Cocotá,Milicia,579176.523,300692.868,51.91731
2019,330455705114,Cocotá,TCP,579176.523,729.966,0.126035
2019,330455705115,Bancários,ADA,1020691.23,57075.198,5.591818
2019,330455705115,Bancários,CV,1020691.23,0.0,0.0
2019,330455705115,Bancários,Milicia,1020691.23,227.211,0.022261
2019,330455705115,Bancários,TCP,1020691.23,92668.727,9.079017
2019,330455705116,Freguesia (Ilha do Governador),ADA,4109015.707,0.0,0.0
2019,330455705116,Freguesia (Ilha do Governador),CV,4109015.707,0.0,0.0
2019,330455705116,Freguesia (Ilha do Governador),Milicia,4109015.707,0.0,0.0
2019,330455705116,Freguesia (Ilha do Governador),TCP,4109015.707,229217.357,5.578401
2019,330455705117,Jardim Guanabara,ADA,3207591.058,0.0,0.0
2019,330455705117,Jardim Guanabara,CV,3207591.058,0.0,0.0
2019,330455705117,Jardim Guanabara,Milicia,3207591.058,0.0,0.0
2019,330455705117,Jardim Guanabara,TCP,3207591.058,13300.394,0.414654
2019,330455705118,Jardim Carioca,ADA,1569958.828,0.0,0.0
2019,330455705118,Jardim Carioca,CV,1569958.828,0.0,0.0
2019,330455705118,Jardim Carioca,Milicia,1569958.828,264.973,0.016878
2019,330455705118,Jardim Carioca,TCP,1569958.828,125714.505,8.007503
2019,330455705119,Tauá,ADA,1617763.743,539.288,0.033335
2019,330455705119,Tauá,CV,1617763.743,0.0,0.0
2019,330455705119,Tauá,Milicia,1617763.743,49219.313,3.042429
2019,330455705119,Tauá,TCP,1617763.743,246104.47,15.212634
2019,330455705120,Moneró,ADA,532864.681,0.0,0.0
2019,330455705120,Moneró,CV,532864.681,0.0,0.0
2019,330455705120,Moneró,Milicia,532864.681,0.0,0.0
2019,330455705120,Moneró,TCP,532864.681,0.0,0.0
2019,330455705121,Portuguesa,ADA,1208445.694,0.0,0.0
2019,330455705121,Portuguesa,CV,1208445.694,0.0,0.0
2019,330455705121,Portuguesa,Milicia,1208445.694,0.0,0.0
2019,330455705121,Portuguesa,TCP,1208445.694,189073.847,15.646036
2019,330455705122,Galeão,ADA,18992288.329,0.0,0.0
2019,330455705122,Galeão,CV,18992288.329,341503.063,1.798114
2019,330455705122,Galeão,Milicia,18992288.329,0.0,0.0
2019,330455705122,Galeão,TCP,18992288.329,118171.304,0.622207
2019,330455705123,Cidade Universitária,ADA,4947976.897,0.0,0.0
2019,330455705123,Cidade Universitária,CV,4947976.897,0.0,0.0
2019,330455705123,Cidade Universitária,Milicia,4947976.897,0.0,0.0
2019,330455705123,Cidade Universitária,TCP,4947976.897,0.0,0.0
2019,330455705124,Guadalupe,ADA,3803468.412,196.506,0.005166
2019,330455705124,Guadalupe,CV,3803468.412,515846.608,13.562532
2019,330455705124,Guadalupe,Milicia,3803468.412,655314.657,17.229397
2019,330455705124,Guadalupe,TCP,3803468.412,447.12,0.011756
2019,330455705125,Anchieta,ADA,4330770.883,7.788,0.00018
2019,330455705125,Anchieta,CV,4330770.883,1705164.124,39.373224
2019,330455705125,Anchieta,Milicia,4330770.883,459009.868,10.598803
2019,330455705125,Anchieta,TCP,4330770.883,146981.485,3.393887
2019,330455705126,Parque Anchieta,ADA,3956592.823,0.0,0.0
2019,330455705126,Parque Anchieta,CV,3956592.823,34315.886,0.867309
2019,330455705126,Parque Anchieta,Milicia,3956592.823,108346.46,2.738378
2019,330455705126,Parque Anchieta,TCP,3956592.823,472.145,0.011933
2019,330455705127,Ricardo de Albuquerque,ADA,2278207.357,0.0,0.0
2019,330455705127,Ricardo de Albuquerque,CV,2278207.357,372471.778,16.349336
2019,330455705127,Ricardo de Albuquerque,Milicia,2278207.357,199737.476,8.767309
2019,330455705127,Ricardo de Albuquerque,TCP,2278207.357,0.0,0.0
2019,330455705128,Santa Teresa,ADA,5083505.53,84134.093,1.655041
2019,330455705128,Santa Teresa,CV,5083505.53,227200.117,4.469359
2019,330455705128,Santa Teresa,Milicia,5083505.53,3420.642,0.067289
2019,330455705128,Santa Teresa,TCP,5083505.53,0.0,0.0
2019,330455705129,Joá,ADA,1704745.172,0.0,0.0
2019,330455705129,Joá,CV,1704745.172,0.0,0.0
2019,330455705129,Joá,Milicia,1704745.172,0.0,0.0
2019,330455705129,Joá,TCP,1704745.172,0.0,0.0
2019,330455705130,Itanhangá,ADA,13103660.398,0.0,0.0
2019,330455705130,Itanhangá,CV,13103660.398,290692.248,2.218405
2019,330455705130,Itanhangá,Milicia,13103660.398,2074236.742,15.829445
2019,330455705130,Itanhangá,TCP,13103660.398,0.0,0.0
2019,330455705131,Barra da Tijuca,ADA,49110465.087,0.0,0.0
2019,330455705131,Barra da Tijuca,CV,49110465.087,0.0,0.0
2019,330455705131,Barra da Tijuca,Milicia,49110465.087,194806.517,0.39667
2019,330455705131,Barra da Tijuca,TCP,49110465.087,0.0,0.0
2019,330455705132,Camorim,ADA,8382818.669,0.0,0.0
2019,330455705132,Camorim,CV,8382818.669,0.0,0.0
2019,330455705132,Camorim,Milicia,8382818.669,8972.921,0.107039
2019,330455705132,Camorim,TCP,8382818.669,0.0,0.0
2019,330455705133,Vargem Pequena,ADA,14217990.568,0.0,0.0
2019,330455705133,Vargem Pequena,CV,14217990.568,0.0,0.0
2019,330455705133,Vargem Pequena,Milicia,14217990.568,2725792.509,19.171433
2019,330455705133,Vargem Pequena,TCP,14217990.568,0.0,0.0
2019,330455705134,Vargem Grande,ADA,39432003.265,0.0,0.0
2019,330455705134,Vargem Grande,CV,39432003.265,0.0,0.0
2019,330455705134,Vargem Grande,Milicia,39432003.265,5631380.252,14.281243
2019,330455705134,Vargem Grande,TCP,39432003.265,0.0,0.0
2019,330455705135,Recreio dos Bandeirantes,ADA,31185606.999,0.0,0.0
2019,330455705135,Recreio dos Bandeirantes,CV,31185606.999,0.0,0.0
2019,330455705135,Recreio dos Bandeirantes,Milicia,31185606.999,3517443.838,11.279062
2019,330455705135,Recreio dos Bandeirantes,TCP,31185606.999,0.0,0.0
2019,330455705136,Grumari,ADA,9952429.072,0.0,0.0
2019,330455705136,Grumari,CV,9952429.072,0.0,0.0
2019,330455705136,Grumari,Milicia,9952429.072,0.0,0.0
2019,330455705136,Grumari,TCP,9952429.072,0.0,0.0
2019,330455705137,Coelho Neto,ADA,2502135.272,162877.622,6.509545
2019,330455705137,Coelho Neto,CV,2502135.272,90105.213,3.601133
2019,330455705137,Coelho Neto,Milicia,2502135.272,0.0,0.0
2019,330455705137,Coelho Neto,TCP,2502135.272,2595.79,0.103743
2019,330455705138,Acari,ADA,1585077.274,0.0,0.0
2019,330455705138,Acari,CV,1585077.274,0.0,0.0
2019,330455705138,Acari,Milicia,1585077.274,330.579,0.020856
2019,330455705138,Acari,TCP,1585077.274,665076.698,41.958629
2019,330455705139,Barros Filho,ADA,1761486.011,759967.875,43.143566
2019,330455705139,Barros Filho,CV,1761486.011,78087.148,4.433027
2019,330455705139,Barros Filho,Milicia,1761486.011,0.0,0.0
2019,330455705139,Barros Filho,TCP,1761486.011,0.0,0.0
2019,330455705140,Costa Barros,ADA,1854314.876,476514.194,25.697588
2019,330455705140,Costa Barros,CV,1854314.876,546570.164,29.475585
2019,330455705140,Costa Barros,Milicia,1854314.876,0.0,0.0
2019,330455705140,Costa Barros,TCP,1854314.876,2596.636,0.140032
2019,330455705141,Pavuna,ADA,8250574.787,138431.118,1.677836
2019,330455705141,Pavuna,CV,8250574.787,1582764.423,19.183687
2019,330455705141,Pavuna,Milicia,8250574.787,1422397.152,17.239976
2019,330455705141,Pavuna,TCP,8250574.787,819461.25,9.932172
2019,330455705142,Guaratiba,ADA,135062990.914,0.0,0.0
2019,330455705142,Guaratiba,CV,135062990.914,0.0,0.0
2019,330455705142,Guaratiba,Milicia,135062990.914,12403164.763,9.183245
2019,330455705142,Guaratiba,TCP,135062990.914,0.0,0.0
2019,330455705143,Barra de Guaratiba,ADA,9977019.052,0.0,0.0
2019,330455705143,Barra de Guaratiba,CV,9977019.052,0.0,0.0
2019,330455705143,Barra de Guaratiba,Milicia,9977019.052,0.0,0.0
2019,330455705143,Barra de Guaratiba,TCP,9977019.052,0.0,0.0
2019,330455705144,Pedra de Guaratiba,ADA,3641094.955,0.0,0.0
2019,330455705144,Pedra de Guaratiba,CV,3641094.955,0.0,0.0
2019,330455705144,Pedra de Guaratiba,Milicia,3641094.955,936284.627,25.71437
2019,330455705144,Pedra de Guaratiba,TCP,3641094.955,0.0,0.0
2019,330455705145,Higienópolis,ADA,1151794.312,0.0,0.0
2019,330455705145,Higienópolis,CV,1151794.312,11302.359,0.981283
2019,330455705145,Higienópolis,Milicia,1151794.312,16509.437,1.433367
2019,330455705145,Higienópolis,TCP,1151794.312,0.0,0.0
2019,330455705146,Jacaré,ADA,904148.125,0.0,0.0
2019,330455705146,Jacaré,CV,904148.125,64709.921,7.157004
2019,330455705146,Jacaré,Milicia,904148.125,0.0,0.0
2019,330455705146,Jacaré,TCP,904148.125,0.0,0.0
2019,330455705147,Maria da Graça,ADA,874970.376,0.0,0.0
2019,330455705147,Maria da Graça,CV,874970.376,294.941,0.033709
2019,330455705147,Maria da Graça,Milicia,874970.376,0.0,0.0
2019,330455705147,Maria da Graça,TCP,874970.376,0.0,0.0
2019,330455705148,Del Castilho,ADA,1383449.914,0.0,0.0
2019,330455705148,Del Castilho,CV,1383449.914,21055.936,1.521988
2019,330455705148,Del Castilho,Milicia,1383449.914,829836.42,59.98312
2019,330455705148,Del Castilho,TCP,1383449.914,0.0,0.0
2019,330455705149,Inhaúma,ADA,3496464.039,0.0,0.0
2019,330455705149,Inhaúma,CV,3496464.039,339198.823,9.701196
2019,330455705149,Inhaúma,Milicia,3496464.039,1014608.265,29.018124
2019,330455705149,Inhaúma,TCP,3496464.039,0.0,0.0
2019,330455705150,Engenho da Rainha,ADA,2257186.131,0.0,0.0
2019,330455705150,Engenho da Rainha,CV,2257186.131,578608.203,25.634049
2019,330455705150,Engenho da Rainha,Milicia,2257186.131,0.0,0.0
2019,330455705150,Engenho da Rainha,TCP,2257186.131,0.0,0.0
2019,330455705151,Tomás Coelho,ADA,1774340.341,113332.27,6.38729
2019,330455705151,Tomás Coelho,CV,1774340.341,117803.74,6.639298
2019,330455705151,Tomás Coelho,Milicia,1774340.341,0.0,0.0
2019,330455705151,Tomás Coelho,TCP,1774340.341,53340.06,3.006191
2019,330455705152,Saúde,ADA,344572.668,0.0,0.0
2019,330455705152,Saúde,CV,344572.668,0.0,0.0
2019,330455705152,Saúde,Milicia,344572.668,2474.188,0.718045
2019,330455705152,Saúde,TCP,344572.668,0.0,0.0
2019,330455705153,Paquetá,ADA,1675845.054,163725.228,9.769712
2019,330455705153,Paquetá,CV,1675845.054,24864.53,1.483701
2019,330455705153,Paquetá,Milicia,1675845.054,0.0,0.0
2019,330455705153,Paquetá,TCP,1675845.054,0.0,0.0
2019,330455705154,Parque Columbia,ADA,1519835.366,20488.098,1.348047
2019,330455705154,Parque Columbia,CV,1519835.366,0.0,0.0
2019,330455705154,Parque Columbia,Milicia,1519835.366,18.606,0.001224
2019,330455705154,Parque Columbia,TCP,1519835.366,113570.98,7.472584
2019,330455705155,Jacarezinho,ADA,991554.655,0.0,0.0
2019,330455705155,Jacarezinho,CV,991554.655,526225.999,53.070801
2019,330455705155,Jacarezinho,Milicia,991554.655,0.0,0.0
2019,330455705155,Jacarezinho,TCP,991554.655,0.0,0.0
2019,330455705156,Rocinha,ADA,1460252.789,0.0,0.0
2019,330455705156,Rocinha,CV,1460252.789,906640.158,62.087891
2019,330455705156,Rocinha,Milicia,1460252.789,0.0,0.0
2019,330455705156,Rocinha,TCP,1460252.789,0.0,0.0
2019,330455705157,Complexo do Alemão,ADA,2854606.277,0.0,0.0
2019,330455705157,Complexo do Alemão,CV,2854606.277,1973590.552,69.137049
2019,330455705157,Complexo do Alemão,Milicia,2854606.277,0.0,0.0
2019,330455705157,Complexo do Alemão,TCP,2854606.277,0.0,0.0
2019,330455705158,Maré,ADA,4347749.885,0.0,0.0
2019,330455705158,Maré,CV,4347749.885,952214.684,21.901322
2019,330455705158,Maré,Milicia,4347749.885,770288.748,17.716952
2019,330455705158,Maré,TCP,4347749.885,1237801.578,28.469935
2019,330455705159,Vasco da Gama,ADA,1051322.951,0.0,0.0
2019,330455705159,Vasco da Gama,CV,1051322.951,107375.1,10.213332
2019,330455705159,Vasco da Gama,Milicia,1051322.951,0.0,0.0
2019,330455705159,Vasco da Gama,TCP,1051322.951,0.0,0.0
2019,330455705160,Gericinó,ADA,1903405.18,0.0,0.0
2019,330455705160,Gericinó,CV,1903405.18,56429.813,2.964677
2019,330455705160,Gericinó,Milicia,1903405.18,1731846.824,90.986766
2019,330455705160,Gericinó,TCP,1903405.18,0.0,0.0
2020,330455705001,Centro,ADA,5999470.914,0.0,0.0
2020,330455705001,Centro,CV,5999470.914,0.0,0.0
2020,330455705001,Centro,Milicia,5999470.914,231598.702,3.860319
2020,330455705001,Centro,TCP,5999470.914,0.0,0.0
2020,330455705002,Gamboa,ADA,1136868.144,0.0,0.0
2020,330455705002,Gamboa,CV,1136868.144,108806.99,9.570766
2020,330455705002,Gamboa,Milicia,1136868.144,0.0,0.0
2020,330455705002,Gamboa,TCP,1136868.144,0.0,0.0
2020,330455705003,Santo Cristo,ADA,1672344.478,0.0,0.0
2020,330455705003,Santo Cristo,CV,1672344.478,39947.24,2.388697
2020,330455705003,Santo Cristo,Milicia,1672344.478,0.0,0.0
2020,330455705003,Santo Cristo,TCP,1672344.478,0.0,0.0
2020,330455705004,Caju,ADA,5067155.95,91643.157,1.808572
2020,330455705004,Caju,CV,5067155.95,56895.643,1.122832
2020,330455705004,Caju,Milicia,5067155.95,0.0,0.0
2020,330455705004,Caju,TCP,5067155.95,107482.115,2.121153
2020,330455705005,Catumbi,ADA,632389.034,21930.767,3.467923
2020,330455705005,Catumbi,CV,632389.034,2266.287,0.358369
2020,330455705005,Catumbi,Milicia,632389.034,0.0,0.0
2020,330455705005,Catumbi,TCP,632389.034,123597.865,19.544593
2020,330455705006,Rio Comprido,ADA,3330278.597,101987.743,3.062439
2020,330455705006,Rio Comprido,CV,3330278.597,367807.978,11.044361
2020,330455705006,Rio Comprido,Milicia,3330278.597,0.0,0.0
2020,330455705006,Rio Comprido,TCP,3330278.597,434.056,0.013034
2020,330455705007,Cidade Nova,ADA,936691.34,0.0,0.0
2020,330455705007,Cidade Nova,CV,936691.34,0.187,2e-05
2020,330455705007,Cidade Nova,Milicia,936691.34,0.0,0.0
2020,330455705007,Cidade Nova,TCP,936691.34,0.0,0.0
2020,330455705008,Estácio,ADA,914078.001,5691.636,0.622664
2020,330455705008,Estácio,CV,914078.001,0.0,0.0
2020,330455705008,Estácio,Milicia,914078.001,0.0,0.0
2020,330455705008,Estácio,TCP,914078.001,152673.967,16.70251
2020,330455705009,Flamengo,ADA,1652155.006,23906.883,1.447012
2020,330455705009,Flamengo,CV,1652155.006,0.0,0.0
2020,330455705009,Flamengo,Milicia,1652155.006,0.0,0.0
2020,330455705009,Flamengo,TCP,1652155.006,0.0,0.0
2020,330455705010,Glória,ADA,1125643.202,0.0,0.0
2020,330455705010,Glória,CV,1125643.202,13.885,0.001234
2020,330455705010,Glória,Milicia,1125643.202,0.0,0.0
2020,330455705010,Glória,TCP,1125643.202,0.0,0.0
2020,330455705011,Laranjeiras,ADA,2488268.891,370.463,0.014888
2020,330455705011,Laranjeiras,CV,2488268.891,72703.449,2.921849
2020,330455705011,Laranjeiras,Milicia,2488268.891,0.0,0.0
2020,330455705011,Laranjeiras,TCP,2488268.891,0.0,0.0
2020,330455705012,Catete,ADA,690904.333,0.0,0.0
2020,330455705012,Catete,CV,690904.333,44946.383,6.505442
2020,330455705012,Catete,Milicia,690904.333,0.0,0.0
2020,330455705012,Catete,TCP,690904.333,0.0,0.0
2020,330455705013,Cosme Velho,ADA,933880.948,0.0,0.0
2020,330455705013,Cosme Velho,CV,933880.948,96808.358,10.366242
2020,330455705013,Cosme Velho,Milicia,933880.948,0.0,0.0
2020,330455705013,Cosme Velho,TCP,933880.948,0.0,0.0
2020,330455705014,Botafogo,ADA,4793518.99,181.399,0.003784
2020,330455705014,Botafogo,CV,4793518.99,168157.725,3.508023
2020,330455705014,Botafogo,Milicia,4793518.99,0.0,0.0
2020,330455705014,Botafogo,TCP,4793518.99,0.0,0.0
2020,330455705015,Urca,ADA,2443671.98,0.0,0.0
2020,330455705015,Urca,CV,2443671.98,0.0,0.0
2020,330455705015,Urca,Milicia,2443671.98,0.0,0.0
2020,330455705015,Urca,TCP,2443671.98,0.0,0.0
2020,330455705016,Humaitá,ADA,1068177.754,0.0,0.0
2020,330455705016,Humaitá,CV,1068177.754,5547.437,0.519337
2020,330455705016,Humaitá,Milicia,1068177.754,0.0,0.0
2020,330455705016,Humaitá,TCP,1068177.754,0.0,0.0
2020,330455705017,Leme,ADA,1017046.998,0.0,0.0
2020,330455705017,Leme,CV,1017046.998,154956.837,15.235956
2020,330455705017,Leme,Milicia,1017046.998,0.0,0.0
2020,330455705017,Leme,TCP,1017046.998,0.0,0.0
2020,330455705018,Copacabana,ADA,4201270.477,0.0,0.0
2020,330455705018,Copacabana,CV,4201270.477,211677.584,5.038418
2020,330455705018,Copacabana,Milicia,4201270.477,0.0,0.0
2020,330455705018,Copacabana,TCP,4201270.477,0.0,0.0
2020,330455705019,Ipanema,ADA,3060078.202,0.0,0.0
2020,330455705019,Ipanema,CV,3060078.202,46130.548,1.507496
2020,330455705019,Ipanema,Milicia,3060078.202,0.0,0.0
2020,330455705019,Ipanema,TCP,3060078.202,0.0,0.0
2020,330455705020,Leblon,ADA,2118156.856,11750.6,0.554756
2020,330455705020,Leblon,CV,2118156.856,0.0,0.0
2020,330455705020,Leblon,Milicia,2118156.856,0.0,0.0
2020,330455705020,Leblon,TCP,2118156.856,0.0,0.0
2020,330455705021,Lagoa,ADA,5193577.874,5.53,0.000106
2020,330455705021,Lagoa,CV,5193577.874,845.013,0.01627
2020,330455705021,Lagoa,Milicia,5193577.874,0.0,0.0
2020,330455705021,Lagoa,TCP,5193577.874,0.0,0.0
2020,330455705022,Jardim Botânico,ADA,2817694.6,0.0,0.0
2020,330455705022,Jardim Botânico,CV,2817694.6,0.0,0.0
2020,330455705022,Jardim Botânico,Milicia,2817694.6,0.0,0.0
2020,330455705022,Jardim Botânico,TCP,2817694.6,0.0,0.0
2020,330455705023,Gávea,ADA,2733785.645,0.0,0.0
2020,330455705023,Gávea,CV,2733785.645,31232.71,1.142471
2020,330455705023,Gávea,Milicia,2733785.645,0.0,0.0
2020,330455705023,Gávea,TCP,2733785.645,0.0,0.0
2020,330455705024,Vidigal,ADA,1781818.869,25090.597,1.408145
2020,330455705024,Vidigal,CV,1781818.869,223397.282,12.537598
2020,330455705024,Vidigal,Milicia,1781818.869,0.0,0.0
2020,330455705024,Vidigal,TCP,1781818.869,0.0,0.0
2020,330455705025,São Conrado,ADA,6668231.159,20172.682,0.302519
2020,330455705025,São Conrado,CV,6668231.159,411955.571,6.177884
2020,330455705025,São Conrado,Milicia,6668231.159,0.0,0.0
2020,330455705025,São Conrado,TCP,6668231.159,0.0,0.0
2020,330455705026,São Cristóvão,ADA,3794648.396,0.0,0.0
2020,330455705026,São Cristóvão,CV,3794648.396,339592.846,8.949257
2020,330455705026,São Cristóvão,Milicia,3794648.396,0.0,0.0
2020,330455705026,São Cristóvão,TCP,3794648.396,227.141,0.005986
2020,330455705027,Mangueira,ADA,965517.733,0.0,0.0
2020,330455705027,Mangueira,CV,965517.733,356854.481,36.95991
2020,330455705027,Mangueira,Milicia,965517.733,0.0,0.0
2020,330455705027,Mangueira,TCP,965517.733,0.0,0.0
2020,330455705028,Benfica,ADA,1803020.832,1136.645,0.063041
2020,330455705028,Benfica,CV,1803020.832,156507.949,8.680318
2020,330455705028,Benfica,Milicia,1803020.832,26264.679,1.456704
2020,330455705028,Benfica,TCP,1803020.832,2203.972,0.122238
2020,330455705029,Praça da Bandeira,ADA,759082.679,0.0,0.0
2020,330455705029,Praça da Bandeira,CV,759082.679,0.0,0.0
2020,330455705029,Praça da Bandeira,Milicia,759082.679,0.0,0.0
2020,330455705029,Praça da Bandeira,TCP,759082.679,0.0,0.0
2020,330455705030,Tijuca,ADA,9943019.197,19227.095,0.193373
2020,330455705030,Tijuca,CV,9943019.197,761805.774,7.661715
2020,330455705030,Tijuca,Milicia,9943019.197,0.0,0.0
2020,330455705030,Tijuca,TCP,9943019.197,85166.149,0.856542
2020,330455705031,Alto da Boa Vista,ADA,31327174.846,0.0,0.0
2020,330455705031,Alto da Boa Vista,CV,31327174.846,214619.037,0.685089
2020,330455705031,Alto da Boa Vista,Milicia,31327174.846,2479.521,0.007915
2020,330455705031,Alto da Boa Vista,TCP,31327174.846,0.0,0.0
2020,330455705032,Maracanã,ADA,1618236.441,0.0,0.0
2020,330455705032,Maracanã,CV,1618236.441,6310.973,0.389991
2020,330455705032,Maracanã,Milicia,1618236.441,0.0,0.0
2020,330455705032,Maracanã,TCP,1618236.441,0.0,0.0
2020,330455705033,Vila Isabel,ADA,3335039.051,271270.393,8.13395
2020,330455705033,Vila Isabel,CV,3335039.051,0.0,0.0
2020,330455705033,Vila Isabel,Milicia,3335039.051,0.0,0.0
2020,330455705033,Vila Isabel,TCP,3335039.051,0.0,0.0
2020,330455705034,Andaraí,ADA,2288826.412,0.0,0.0
2020,330455705034,Andaraí,CV,2288826.412,313983.204,13.718087
2020,330455705034,Andaraí,Milicia,2288826.412,0.0,0.0
2020,330455705034,Andaraí,TCP,2288826.412,0.0,0.0
2020,330455705035,Grajaú,ADA,5666000.278,0.0,0.0
2020,330455705035,Grajaú,CV,5666000.278,262375.008,4.630692
2020,330455705035,Grajaú,Milicia,5666000.278,0.0,0.0
2020,330455705035,Grajaú,TCP,5666000.278,0.0,0.0
2020,330455705036,Manguinhos,ADA,2904792.726,0.0,0.0
2020,330455705036,Manguinhos,CV,2904792.726,376244.55,12.952544
2020,330455705036,Manguinhos,Milicia,2904792.726,66727.796,2.297162
2020,330455705036,Manguinhos,TCP,2904792.726,157.452,0.00542
2020,330455705037,Bonsucesso,ADA,2246914.385,0.0,0.0
2020,330455705037,Bonsucesso,CV,2246914.385,40041.623,1.782072
2020,330455705037,Bonsucesso,Milicia,2246914.385,377996.375,16.82291
2020,330455705037,Bonsucesso,TCP,2246914.385,226.526,0.010082
2020,330455705038,Ramos,ADA,2803461.571,0.0,0.0
2020,330455705038,Ramos,CV,2803461.571,207044.006,7.385299
2020,330455705038,Ramos,Milicia,2803461.571,1131188.673,40.349712
2020,330455705038,Ramos,TCP,2803461.571,0.0,0.0
2020,330455705039,Olaria,ADA,3777725.993,0.0,0.0
2020,330455705039,Olaria,CV,3777725.993,770200.103,20.387929
2020,330455705039,Olaria,Milicia,3777725.993,226215.576,5.988141
2020,330455705039,Olaria,TCP,3777725.993,0.0,0.0
2020,330455705040,Penha,ADA,5667327.123,0.0,0.0
2020,330455705040,Penha,CV,5667327.123,1158017.244,20.433217
2020,330455705040,Penha,Milicia,5667327.123,17771.862,0.313585
2020,330455705040,Penha,TCP,5667327.123,0.0,0.0
2020,330455705041,Penha Circular,ADA,4750762.719,0.0,0.0
2020,330455705041,Penha Circular,CV,4750762.719,698823.431,14.70971
2020,330455705041,Penha Circular,Milicia,4750762.719,157562.618,3.316575
2020,330455705041,Penha Circular,TCP,4750762.719,647.437,0.013628
2020,330455705042,Brás de Pina,ADA,3512571.928,0.0,0.0
2020,330455705042,Brás de Pina,CV,3512571.928,163522.551,4.655351
2020,330455705042,Brás de Pina,Milicia,3512571.928,1547197.229,44.047418
2020,330455705042,Brás de Pina,TCP,3512571.928,644721.042,18.354672
2020,330455705043,Cordovil,ADA,3753939.247,0.0,0.0
2020,330455705043,Cordovil,CV,3753939.247,314254.935,8.371338
2020,330455705043,Cordovil,Milicia,3753939.247,865990.51,23.068847
2020,330455705043,Cordovil,TCP,3753939.247,605714.416,16.135435
2020,330455705044,Parada de Lucas,ADA,2297621.975,0.0,0.0
2020,330455705044,Parada de Lucas,CV,2297621.975,1060.991,0.046178
2020,330455705044,Parada de Lucas,Milicia,2297621.975,298706.231,13.000669
2020,330455705044,Parada de Lucas,TCP,2297621.975,694981.066,30.247842
2020,330455705045,Vigário Geral,ADA,3417305.816,0.0,0.0
2020,330455705045,Vigário Geral,CV,3417305.816,321721.571,9.41448
2020,330455705045,Vigário Geral,Milicia,3417305.816,3454.342,0.101084
2020,330455705045,Vigário Geral,TCP,3417305.816,161833.148,4.735694
2020,330455705046,Jardim América,ADA,1948170.717,0.0,0.0
2020,330455705046,Jardim América,CV,1948170.717,209897.526,10.774083
2020,330455705046,Jardim América,Milicia,1948170.717,0.0,0.0
2020,330455705046,Jardim América,TCP,1948170.717,0.0,0.0
2020,330455705047,São Francisco Xavier,ADA,665866.707,0.0,0.0
2020,330455705047,São Francisco Xavier,CV,665866.707,8657.787,1.300228
2020,330455705047,São Francisco Xavier,Milicia,665866.707,0.0,0.0
2020,330455705047,São Francisco Xavier,TCP,665866.707,0.0,0.0
2020,330455705048,Rocha,ADA,1195663.72,0.0,0.0
2020,330455705048,Rocha,CV,1195663.72,0.0,0.0
2020,330455705048,Rocha,Milicia,1195663.72,0.0,0.0
2020,330455705048,Rocha,TCP,1195663.72,0.0,0.0
2020,330455705049,Riachuelo,ADA,1007501.654,0.0,0.0
2020,330455705049,Riachuelo,CV,1007501.654,0.0,0.0
2020,330455705049,Riachuelo,Milicia,1007501.654,0.0,0.0
2020,330455705049,Riachuelo,TCP,1007501.654,0.0,0.0
2020,330455705050,Sampaio,ADA,834065.511,0.0,0.0
2020,330455705050,Sampaio,CV,834065.511,29032.545,3.480847
2020,330455705050,Sampaio,Milicia,834065.511,0.0,0.0
2020,330455705050,Sampaio,TCP,834065.511,0.0,0.0
2020,330455705051,Engenho Novo,ADA,2670486.436,1106.168,0.041422
2020,330455705051,Engenho Novo,CV,2670486.436,522982.587,19.583795
2020,330455705051,Engenho Novo,Milicia,2670486.436,872.648,0.032677
2020,330455705051,Engenho Novo,TCP,2670486.436,0.0,0.0
2020,330455705052,Lins de Vasconcelos,ADA,2795375.736,0.0,0.0
2020,330455705052,Lins de Vasconcelos,CV,2795375.736,747280.068,26.732724
2020,330455705052,Lins de Vasconcelos,Milicia,2795375.736,0.0,0.0
2020,330455705052,Lins de Vasconcelos,TCP,2795375.736,0.0,0.0
2020,330455705053,Méier,ADA,2365369.616,0.0,0.0
2020,330455705053,Méier,CV,2365369.616,83586.886,3.533777
2020,330455705053,Méier,Milicia,2365369.616,252228.789,10.663399
2020,330455705053,Méier,TCP,2365369.616,0.0,0.0
2020,330455705054,Todos os Santos,ADA,1096583.584,0.0,0.0
2020,330455705054,Todos os Santos,CV,1096583.584,0.024,2e-06
2020,330455705054,Todos os Santos,Milicia,1096583.584,122054.169,11.130403
2020,330455705054,Todos os Santos,TCP,1096583.584,0.0,0.0
2020,330455705055,Cachambi,ADA,2184248.384,0.0,0.0
2020,330455705055,Cachambi,CV,2184248.384,24161.522,1.106171
2020,330455705055,Cachambi,Milicia,2184248.384,520288.944,23.820045
2020,330455705055,Cachambi,TCP,2184248.384,0.0,0.0
2020,330455705056,Engenho de Dentro,ADA,3860558.733,0.0,0.0
2020,330455705056,Engenho de Dentro,CV,3860558.733,372604.023,9.651557
2020,330455705056,Engenho de Dentro,Milicia,3860558.733,559751.942,14.499247
2020,330455705056,Engenho de Dentro,TCP,3860558.733,0.0,0.0
2020,330455705057,Água Santa,ADA,2443119.047,0.0,0.0
2020,330455705057,Água Santa,CV,2443119.047,8827.196,0.361308
2020,330455705057,Água Santa,Milicia,2443119.047,75825.197,3.103623
2020,330455705057,Água Santa,TCP,2443119.047,0.0,0.0
2020,330455705058,Encantado,ADA,1017956.092,0.0,0.0
2020,330455705058,Encantado,CV,1017956.092,5034.295,0.494549
2020,330455705058,Encantado,Milicia,1017956.092,68703.434,6.749155
2020,330455705058,Encantado,TCP,1017956.092,0.0,0.0
2020,330455705059,Piedade,ADA,3975814.299,34023.132,0.855753
2020,330455705059,Piedade,CV,3975814.299,60355.295,1.518061
2020,330455705059,Piedade,Milicia,3975814.299,2322231.1,58.408943
2020,330455705059,Piedade,TCP,3975814.299,0.0,0.0
2020,330455705060,Abolição,ADA,681919.203,0.0,0.0
2020,330455705060,Abolição,CV,681919.203,119.689,0.017552
2020,330455705060,Abolição,Milicia,681919.203,186569.559,27.359482
2020,330455705060,Abolição,TCP,681919.203,0.0,0.0
2020,330455705061,Pilares,ADA,1736724.672,11.029,0.000635
2020,330455705061,Pilares,CV,1736724.672,312823.22,18.012252
2020,330455705061,Pilares,Milicia,1736724.672,504694.424,29.060129
2020,330455705061,Pilares,TCP,1736724.672,0.0,0.0
2020,330455705062,Vila Kosmos,ADA,1459829.177,0.0,0.0
2020,330455705062,Vila Kosmos,CV,1459829.177,677428.74,46.404658
2020,330455705062,Vila Kosmos,Milicia,1459829.177,199974.579,13.698492
2020,330455705062,Vila Kosmos,TCP,1459829.177,0.0,0.0
2020,330455705063,Vicente de Carvalho,ADA,1861712.205,0.0,0.0
2020,330455705063,Vicente de Carvalho,CV,1861712.205,712922.948,38.29394
2020,330455705063,Vicente de Carvalho,Milicia,1861712.205,774.192,0.041585
2020,330455705063,Vicente de Carvalho,TCP,1861712.205,135.146,0.007259
2020,330455705064,Vila da Penha,ADA,1459935.08,0.0,0.0
2020,330455705064,Vila da Penha,CV,1459935.08,32.071,0.002197
2020,330455705064,Vila da Penha,Milicia,1459935.08,73066.856,5.004802
2020,330455705064,Vila da Penha,TCP,1459935.08,0.0,0.0
2020,330455705065,Vista Alegre,ADA,543631.474,0.0,0.0
2020,330455705065,Vista Alegre,CV,543631.474,670.515,0.12334
2020,330455705065,Vista Alegre,Milicia,543631.474,0.425,7.8e-05
2020,330455705065,Vista Alegre,TCP,543631.474,0.0,0.0
2020,330455705066,Irajá,ADA,7756434.911,0.0,0.0
2020,330455705066,Irajá,CV,7756434.911,151035.744,1.947232
2020,330455705066,Irajá,Milicia,7756434.911,634479.819,8.180044
2020,330455705066,Irajá,TCP,7756434.911,62919.347,0.811189
2020,330455705067,Colégio,ADA,1977696.341,0.0,0.0
2020,330455705067,Colégio,CV,1977696.341,45498.33,2.300572
2020,330455705067,Colégio,Milicia,1977696.341,169.332,0.008562
2020,330455705067,Colégio,TCP,1977696.341,438301.149,22.162207
2020,330455705068,Campinho,ADA,818895.95,0.0,0.0
2020,330455705068,Campinho,CV,818895.95,0.0,0.0
2020,330455705068,Campinho,Milicia,818895.95,635072.781,77.552317
2020,330455705068,Campinho,TCP,818895.95,0.0,0.0
2020,330455705069,Quintino Bocaiúva,ADA,4327748.625,16754.555,0.387143
2020,330455705069,Quintino Bocaiúva,CV,4327748.625,0.0,0.0
2020,330455705069,Quintino Bocaiúva,Milicia,4327748.625,1628114.522,37.620358
2020,330455705069,Quintino Bocaiúva,TCP,4327748.625,0.0,0.0
2020,330455705070,Cavalcanti,ADA,1841740.248,13292.973,0.721762
2020,330455705070,Cavalcanti,CV,1841740.248,0.0,0.0
2020,330455705070,Cavalcanti,Milicia,1841740.248,96336.145,5.230713
2020,330455705070,Cavalcanti,TCP,1841740.248,276668.578,15.022128
2020,330455705071,Engenheiro Leal,ADA,666173.029,0.0,0.0
2020,330455705071,Engenheiro Leal,CV,666173.029,0.0,0.0
2020,330455705071,Engenheiro Leal,Milicia,666173.029,69620.313,10.450785
2020,330455705071,Engenheiro Leal,TCP,666173.029,69849.801,10.485234
2020,330455705072,Cascadura,ADA,3007879.708,0.0,0.0
2020,330455705072,Cascadura,CV,3007879.708,0.0,0.0
2020,330455705072,Cascadura,Milicia,3007879.708,2070459.03,68.834502
2020,330455705072,Cascadura,TCP,3007879.708,0.0,0.0
2020,330455705073,Madureira,ADA,3784149.277,0.0,0.0
2020,330455705073,Madureira,CV,3784149.277,219332.656,5.796089
2020,330455705073,Madureira,Milicia,3784149.277,1400504.873,37.009768
2020,330455705073,Madureira,TCP,3784149.277,362395.85,9.57668
2020,330455705074,Vaz Lobo,ADA,1053976.763,0.0,0.0
2020,330455705074,Vaz Lobo,CV,1053976.763,20201.915,1.916733
2020,330455705074,Vaz Lobo,Milicia,1053976.763,56125.397,5.325108
2020,330455705074,Vaz Lobo,TCP,1053976.763,111474.327,10.576545
2020,330455705075,Turiaçu,ADA,1312987.215,0.0,0.0
2020,330455705075,Turiaçu,CV,1312987.215,402269.248,30.637713
2020,330455705075,Turiaçu,Milicia,1312987.215,1663.177,0.126671
2020,330455705075,Turiaçu,TCP,1312987.215,0.0,0.0
2020,330455705076,Rocha Miranda,ADA,2931197.068,0.0,0.0
2020,330455705076,Rocha Miranda,CV,2931197.068,388834.655,13.265388
2020,330455705076,Rocha Miranda,Milicia,2931197.068,65396.705,2.231058
2020,330455705076,Rocha Miranda,TCP,2931197.068,0.0,0.0
2020,330455705077,Honório Gurgel,ADA,1291655.929,55.307,0.004282
2020,330455705077,Honório Gurgel,CV,1291655.929,138373.682,10.71289
2020,330455705077,Honório Gurgel,Milicia,1291655.929,247203.431,19.138489
2020,330455705077,Honório Gurgel,TCP,1291655.929,0.0,0.0
2020,330455705078,Oswaldo Cruz,ADA,2109374.788,0.0,0.0
2020,330455705078,Oswaldo Cruz,CV,2109374.788,6228.193,0.295263
2020,330455705078,Oswaldo Cruz,Milicia,2109374.788,365794.13,17.341353
2020,330455705078,Oswaldo Cruz,TCP,2109374.788,0.0,0.0
2020,330455705079,Bento Ribeiro,ADA,3148947.915,0.0,0.0
2020,330455705079,Bento Ribeiro,CV,3148947.915,8335.575,0.26471
2020,330455705079,Bento Ribeiro,Milicia,3148947.915,571050.219,18.134635
2020,330455705079,Bento Ribeiro,TCP,3148947.915,0.0,0.0
2020,330455705080,Marechal Hermes,ADA,3842053.359,0.0,0.0
2020,330455705080,Marechal Hermes,CV,3842053.359,98317.686,2.558988
2020,330455705080,Marechal Hermes,Milicia,3842053.359,208077.861,5.415798
2020,330455705080,Marechal Hermes,TCP,3842053.359,193682.261,5.041113
2020,330455705081,Jacarepaguá,ADA,74749389.951,0.0,0.0
2020,330455705081,Jacarepaguá,CV,74749389.951,232448.355,0.31097
2020,330455705081,Jacarepaguá,Milicia,74749389.951,16518989.48,22.099163
2020,330455705081,Jacarepaguá,TCP,74749389.951,0.0,0.0
2020,330455705082,Anil,ADA,3773328.725,0.0,0.0
2020,330455705082,Anil,CV,3773328.725,14291.005,0.378737
2020,330455705082,Anil,Milicia,3773328.725,1209959.214,32.066096
2020,330455705082,Anil,TCP,3773328.725,0.0,0.0
2020,330455705083,Gardênia Azul,ADA,949103.226,0.0,0.0
2020,330455705083,Gardênia Azul,CV,949103.226,111.158,0.011712
2020,330455705083,Gardênia Azul,Milicia,949103.226,775097.35,81.666285
2020,330455705083,Gardênia Azul,TCP,949103.226,0.0,0.0
2020,330455705084,Cidade de Deus,ADA,1390931.874,0.0,0.0
2020,330455705084,Cidade de Deus,CV,1390931.874,1141805.235,82.089228
2020,330455705084,Cidade de Deus,Milicia,1390931.874,105.795,0.007606
2020,330455705084,Cidade de Deus,TCP,1390931.874,0.0,0.0
2020,330455705085,Curicica,ADA,3339007.728,0.0,0.0
2020,330455705085,Curicica,CV,3339007.728,0.0,0.0
2020,330455705085,Curicica,Milicia,3339007.728,2346525.995,70.276147
2020,330455705085,Curicica,TCP,3339007.728,0.0,0.0
2020,330455705086,Freguesia (Jacarepaguá),ADA,10108021.173,0.0,0.0
2020,330455705086,Freguesia (Jacarepaguá),CV,10108021.173,275569.295,2.726244
2020,330455705086,Freguesia (Jacarepaguá),Milicia,10108021.173,881074.698,8.716589
2020,330455705086,Freguesia (Jacarepaguá),TCP,10108021.173,0.0,0.0
2020,330455705087,Pechincha,ADA,3127046.955,0.0,0.0
2020,330455705087,Pechincha,CV,3127046.955,60403.722,1.931654
2020,330455705087,Pechincha,Milicia,3127046.955,109862.681,3.513304
2020,330455705087,Pechincha,TCP,3127046.955,0.0,0.0
2020,330455705088,Taquara,ADA,13409639.819,0.0,0.0
2020,330455705088,Taquara,CV,13409639.819,112101.516,0.835977
2020,330455705088,Taquara,Milicia,13409639.819,7384591.129,55.069273
2020,330455705088,Taquara,TCP,13409639.819,0.0,0.0
2020,330455705089,Tanque,ADA,5758334.63,0.0,0.0
2020,330455705089,Tanque,CV,5758334.63,0.0,0.0
2020,330455705089,Tanque,Milicia,5758334.63,3475385.628,60.354006
2020,330455705089,Tanque,TCP,5758334.63,0.0,0.0
2020,330455705090,Praça Seca,ADA,6556015.532,0.0,0.0
2020,330455705090,Praça Seca,CV,6556015.532,0.0,0.0
2020,330455705090,Praça Seca,Milicia,6556015.532,5078346.643,77.46087
2020,330455705090,Praça Seca,TCP,6556015.532,0.0,0.0
2020,330455705091,Vila Valqueire,ADA,4013527.509,0.0,0.0
2020,330455705091,Vila Valqueire,CV,4013527.509,0.0,0.0
2020,330455705091,Vila Valqueire,Milicia,4013527.509,1218159.586,30.351345
2020,330455705091,Vila Valqueire,TCP,4013527.509,0.0,0.0
2020,330455705092,Deodoro,ADA,4683193.264,0.0,0.0
2020,330455705092,Deodoro,CV,4683193.264,0.0,0.0
2020,330455705092,Deodoro,Milicia,4683193.264,482248.614,10.297431
2020,330455705092,Deodoro,TCP,4683193.264,298515.733,6.374192
2020,330455705093,Vila Militar,ADA,10520035.885,0.0,0.0
2020,330455705093,Vila Militar,CV,10520035.885,0.0,0.0
2020,330455705093,Vila Militar,Milicia,10520035.885,393309.756,3.738673
2020,330455705093,Vila Militar,TCP,10520035.885,0.0,0.0
2020,330455705094,Campo dos Afonsos,ADA,3173081.541,0.0,0.0
2020,330455705094,Campo dos Afonsos,CV,3173081.541,0.0,0.0
2020,330455705094,Campo dos Afonsos,Milicia,3173081.541,0.0,0.0
2020,330455705094,Campo dos Afonsos,TCP,3173081.541,0.0,0.0
2020,330455705095,Jardim Sulacap,ADA,7838000.908,0.0,0.0
2020,330455705095,Jardim Sulacap,CV,7838000.908,0.0,0.0
2020,330455705095,Jardim Sulacap,Milicia,7838000.908,21726.051,0.277189
2020,330455705095,Jardim Sulacap,TCP,7838000.908,0.0,0.0
2020,330455705096,Magalhães Bastos,ADA,2054160.612,87299.092,4.249867
2020,330455705096,Magalhães Bastos,CV,2054160.612,0.0,0.0
2020,330455705096,Magalhães Bastos,Milicia,2054160.612,388400.449,18.907988
2020,330455705096,Magalhães Bastos,TCP,2054160.612,0.0,0.0
2020,330455705097,Realengo,ADA,25902981.11,1091532.492,4.213926
2020,330455705097,Realengo,CV,25902981.11,27699.798,0.106937
2020,330455705097,Realengo,Milicia,25902981.11,2897625.276,11.186455
2020,330455705097,Realengo,TCP,25902981.11,78267.471,0.302156
2020,330455705098,Padre Miguel,ADA,4845945.365,1044355.155,21.551113
2020,330455705098,Padre Miguel,CV,4845945.365,21766.829,0.449176
2020,330455705098,Padre Miguel,Milicia,4845945.365,479064.761,9.885889
2020,330455705098,Padre Miguel,TCP,4845945.365,0.0,0.0
2020,330455705099,Bangu,ADA,37830395.943,1378887.035,3.644918
2020,330455705099,Bangu,CV,37830395.943,2571586.956,6.797674
2020,330455705099,Bangu,Milicia,37830395.943,5326941.441,14.081115
2020,330455705099,Bangu,TCP,37830395.943,1351324.053,3.572059
2020,330455705100,Senador Camará,ADA,17294389.899,73189.169,0.423196
2020,330455705100,Senador Camará,CV,17294389.899,178696.798,1.033265
2020,330455705100,Senador Camará,Milicia,17294389.899,39900.044,0.230711
2020,330455705100,Senador Camará,TCP,17294389.899,2415577.743,13.967407
2020,330455705101,Santíssimo,ADA,8471414.284,0.0,0.0
2020,330455705101,Santíssimo,CV,8471414.284,0.0,0.0
2020,330455705101,Santíssimo,Milicia,8471414.284,1380855.219,16.300173
2020,330455705101,Santíssimo,TCP,8471414.284,129403.484,1.527531
2020,330455705102,Campo Grande,ADA,104874675.28,0.0,0.0
2020,330455705102,Campo Grande,CV,104874675.28,83666.498,0.079778
2020,330455705102,Campo Grande,Milicia,104874675.28,26822808.373,25.576059
2020,330455705102,Campo Grande,TCP,104874675.28,0.0,0.0
2020,330455705103,Senador Vasconcelos,ADA,6282463.302,0.0,0.0
2020,330455705103,Senador Vasconcelos,CV,6282463.302,0.0,0.0
2020,330455705103,Senador Vasconcelos,Milicia,6282463.302,1364651.079,21.721593
2020,330455705103,Senador Vasconcelos,TCP,6282463.302,0.0,0.0
2020,330455705104,Inhoaíba,ADA,8246887.204,0.0,0.0
2020,330455705104,Inhoaíba,CV,8246887.204,231.804,0.002811
2020,330455705104,Inhoaíba,Milicia,8246887.204,4015166.723,48.687058
2020,330455705104,Inhoaíba,TCP,8246887.204,0.0,0.0
2020,330455705105,Cosmos,ADA,11341801.939,0.0,0.0
2020,330455705105,Cosmos,CV,11341801.939,0.0,0.0
2020,330455705105,Cosmos,Milicia,11341801.939,5542165.434,48.864946
2020,330455705105,Cosmos,TCP,11341801.939,0.0,0.0
2020,330455705106,Paciência,ADA,26711558.485,0.0,0.0
2020,330455705106,Paciência,CV,26711558.485,71825.336,0.268892
2020,330455705106,Paciência,Milicia,26711558.485,8994276.124,33.671851
2020,330455705106,Paciência,TCP,26711558.485,0.0,0.0
2020,330455705107,Santa Cruz,ADA,123060884.941,0.0,0.0
2020,330455705107,Santa Cruz,CV,123060884.941,469556.876,0.381565
2020,330455705107,Santa Cruz,Milicia,123060884.941,22026410.848,17.898791
2020,330455705107,Santa Cruz,TCP,123060884.941,0.0,0.0
2020,330455705108,Sepetiba,ADA,11867945.594,0.0,0.0
2020,330455705108,Sepetiba,CV,11867945.594,0.0,0.0
2020,330455705108,Sepetiba,Milicia,11867945.594,7343140.494,61.873729
2020,330455705108,Sepetiba,TCP,11867945.594,0.0,0.0
2020,330455705109,Ribeira,ADA,873943.13,0.0,0.0
2020,330455705109,Ribeira,CV,873943.13,0.0,0.0
2020,330455705109,Ribeira,Milicia,873943.13,0.0,0.0
2020,330455705109,Ribeira,TCP,873943.13,0.0,0.0
2020,330455705110,Zumbi,ADA,182858.391,0.0,0.0
2020,330455705110,Zumbi,CV,182858.391,0.0,0.0
2020,330455705110,Zumbi,Milicia,182858.391,0.0,0.0
2020,330455705110,Zumbi,TCP,182858.391,0.0,0.0
2020,330455705111,Cacuia,ADA,2145636.701,0.0,0.0
2020,330455705111,Cacuia,CV,2145636.701,0.0,0.0
2020,330455705111,Cacuia,Milicia,2145636.701,106866.432,4.98064
2020,330455705111,Cacuia,TCP,2145636.701,0.014,1e-06
2020,330455705112,Pitangueiras,ADA,619268.101,0.0,0.0
2020,330455705112,Pitangueiras,CV,619268.101,0.0,0.0
2020,330455705112,Pitangueiras,Milicia,619268.101,113803.834,18.377151
2020,330455705112,Pitangueiras,TCP,619268.101,0.0,0.0
2020,330455705113,Praia da Bandeira,ADA,332647.93,0.0,0.0
2020,330455705113,Praia da Bandeira,CV,332647.93,0.0,0.0
2020,330455705113,Praia da Bandeira,Milicia,332647.93,171974.666,51.698703
2020,330455705113,Praia da Bandeira,TCP,332647.93,0.0,0.0
2020,330455705114,Cocotá,ADA,579176.523,0.0,0.0
2020,330455705114,Cocotá,CV,579176.523,0.0,0.0
2020,330455705114,Cocotá,Milicia,579176.523,300692.868,51.91731
2020,330455705114,Cocotá,TCP,579176.523,729.966,0.126035
2020,330455705115,Bancários,ADA,1020691.23,57075.198,5.591818
2020,330455705115,Bancários,CV,1020691.23,0.0,0.0
2020,330455705115,Bancários,Milicia,1020691.23,227.211,0.022261
2020,330455705115,Bancários,TCP,1020691.23,92668.727,9.079017
2020,330455705116,Freguesia (Ilha do Governador),ADA,4109015.707,0.0,0.0
2020,330455705116,Freguesia (Ilha do Governador),CV,4109015.707,0.0,0.0
2020,330455705116,Freguesia (Ilha do Governador),Milicia,4109015.707,0.0,0.0
2020,330455705116,Freguesia (Ilha do Governador),TCP,4109015.707,229217.357,5.578401
2020,330455705117,Jardim Guanabara,ADA,3207591.058,0.0,0.0
2020,330455705117,Jardim Guanabara,CV,3207591.058,0.0,0.0
2020,330455705117,Jardim Guanabara,Milicia,3207591.058,0.0,0.0
2020,330455705117,Jardim Guanabara,TCP,3207591.058,13300.394,0.414654
2020,330455705118,Jardim Carioca,ADA,1569958.828,0.0,0.0
2020,330455705118,Jardim Carioca,CV,1569958.828,0.0,0.0
2020,330455705118,Jardim Carioca,Milicia,1569958.828,264.973,0.016878
2020,330455705118,Jardim Carioca,TCP,1569958.828,125714.505,8.007503
2020,330455705119,Tauá,ADA,1617763.743,539.288,0.033335
2020,330455705119,Tauá,CV,1617763.743,0.0,0.0
2020,330455705119,Tauá,Milicia,1617763.743,49219.313,3.042429
2020,330455705119,Tauá,TCP,1617763.743,246104.47,15.212634
2020,330455705120,Moneró,ADA,532864.681,0.0,0.0
2020,330455705120,Moneró,CV,532864.681,0.0,0.0
2020,330455705120,Moneró,Milicia,532864.681,0.0,0.0
2020,330455705120,Moneró,TCP,532864.681,0.0,0.0
2020,330455705121,Portuguesa,ADA,1208445.694,0.0,0.0
2020,330455705121,Portuguesa,CV,1208445.694,0.0,0.0
2020,330455705121,Portuguesa,Milicia,1208445.694,0.0,0.0
2020,330455705121,Portuguesa,TCP,1208445.694,189073.847,15.646036
2020,330455705122,Galeão,ADA,18992288.329,0.0,0.0
2020,330455705122,Galeão,CV,18992288.329,341503.063,1.798114
2020,330455705122,Galeão,Milicia,18992288.329,0.0,0.0
2020,330455705122,Galeão,TCP,18992288.329,118171.304,0.622207
2020,330455705123,Cidade Universitária,ADA,4947976.897,0.0,0.0
2020,330455705123,Cidade Universitária,CV,4947976.897,0.0,0.0
2020,330455705123,Cidade Universitária,Milicia,4947976.897,0.0,0.0
2020,330455705123,Cidade Universitária,TCP,4947976.897,0.0,0.0
2020,330455705124,Guadalupe,ADA,3803468.412,196.506,0.005166
2020,330455705124,Guadalupe,CV,3803468.412,515655.745,13.557514
2020,330455705124,Guadalupe,Milicia,3803468.412,656216.418,17.253106
2020,330455705124,Guadalupe,TCP,3803468.412,637.983,0.016774
2020,330455705125,Anchieta,ADA,4330770.883,7.788,0.00018
2020,330455705125,Anchieta,CV,4330770.883,1746416.281,40.32576
2020,330455705125,Anchieta,Milicia,4330770.883,107694.87,2.486737
2020,330455705125,Anchieta,TCP,4330770.883,146981.485,3.393887
2020,330455705126,Parque Anchieta,ADA,3956592.823,0.0,0.0
2020,330455705126,Parque Anchieta,CV,3956592.823,34315.886,0.867309
2020,330455705126,Parque Anchieta,Milicia,3956592.823,318122.308,8.040309
2020,330455705126,Parque Anchieta,TCP,3956592.823,472.145,0.011933
2020,330455705127,Ricardo de Albuquerque,ADA,2278207.357,0.0,0.0
2020,330455705127,Ricardo de Albuquerque,CV,2278207.357,372471.778,16.349336
2020,330455705127,Ricardo de Albuquerque,Milicia,2278207.357,42663.367,1.872673
2020,330455705127,Ricardo de Albuquerque,TCP,2278207.357,0.0,0.0
2020,330455705128,Santa Teresa,ADA,5083505.53,0.0,0.0
2020,330455705128,Santa Teresa,CV,5083505.53,311334.21,6.1244
2020,330455705128,Santa Teresa,Milicia,5083505.53,3420.642,0.067289
2020,330455705128,Santa Teresa,TCP,5083505.53,0.0,0.0
2020,330455705129,Joá,ADA,1704745.172,0.0,0.0
2020,330455705129,Joá,CV,1704745.172,0.0,0.0
2020,330455705129,Joá,Milicia,1704745.172,0.0,0.0
2020,330455705129,Joá,TCP,1704745.172,0.0,0.0
2020,330455705130,Itanhangá,ADA,13103660.398,0.0,0.0
2020,330455705130,Itanhangá,CV,13103660.398,290692.248,2.218405
2020,330455705130,Itanhangá,Milicia,13103660.398,2164919.322,16.521485
2020,330455705130,Itanhangá,TCP,13103660.398,0.0,0.0
2020,330455705131,Barra da Tijuca,ADA,49110465.087,0.0,0.0
2020,330455705131,Barra da Tijuca,CV,49110465.087,0.0,0.0
2020,330455705131,Barra da Tijuca,Milicia,49110465.087,335005.669,0.682147
2020,330455705131,Barra da Tijuca,TCP,49110465.087,0.0,0.0
2020,330455705132,Camorim,ADA,8382818.669,0.0,0.0
2020,330455705132,Camorim,CV,8382818.669,0.0,0.0
2020,330455705132,Camorim,Milicia,8382818.669,1600431.357,19.091805
2020,330455705132,Camorim,TCP,8382818.669,0.0,0.0
2020,330455705133,Vargem Pequena,ADA,14217990.568,0.0,0.0
2020,330455705133,Vargem Pequena,CV,14217990.568,0.0,0.0
2020,330455705133,Vargem Pequena,Milicia,14217990.568,3310297.904,23.28246
2020,330455705133,Vargem Pequena,TCP,14217990.568,0.0,0.0
2020,330455705134,Vargem Grande,ADA,39432003.265,0.0,0.0
2020,330455705134,Vargem Grande,CV,39432003.265,0.0,0.0
2020,330455705134,Vargem Grande,Milicia,39432003.265,6101154.32,15.472595
2020,330455705134,Vargem Grande,TCP,39432003.265,0.0,0.0
2020,330455705135,Recreio dos Bandeirantes,ADA,31185606.999,0.0,0.0
2020,330455705135,Recreio dos Bandeirantes,CV,31185606.999,0.0,0.0
2020,330455705135,Recreio dos Bandeirantes,Milicia,31185606.999,4955827.812,15.891394
2020,330455705135,Recreio dos Bandeirantes,TCP,31185606.999,0.0,0.0
2020,330455705136,Grumari,ADA,9952429.072,0.0,0.0
2020,330455705136,Grumari,CV,9952429.072,0.0,0.0
2020,330455705136,Grumari,Milicia,9952429.072,0.0,0.0
2020,330455705136,Grumari,TCP,9952429.072,0.0,0.0
2020,330455705137,Coelho Neto,ADA,2502135.272,656.054,0.02622
2020,330455705137,Coelho Neto,CV,2502135.272,90105.213,3.601133
2020,330455705137,Coelho Neto,Milicia,2502135.272,172850.472,6.908119
2020,330455705137,Coelho Neto,TCP,2502135.272,164817.357,6.587068
2020,330455705138,Acari,ADA,1585077.274,0.0,0.0
2020,330455705138,Acari,CV,1585077.274,0.0,0.0
2020,330455705138,Acari,Milicia,1585077.274,103790.533,6.547979
2020,330455705138,Acari,TCP,1585077.274,665076.698,41.958629
2020,330455705139,Barros Filho,ADA,1761486.011,759967.875,43.143566
2020,330455705139,Barros Filho,CV,1761486.011,78087.148,4.433027
2020,330455705139,Barros Filho,Milicia,1761486.011,0.0,0.0
2020,330455705139,Barros Filho,TCP,1761486.011,0.0,0.0
2020,330455705140,Costa Barros,ADA,1854314.876,433929.852,23.401088
2020,330455705140,Costa Barros,CV,1854314.876,546570.164,29.475585
2020,330455705140,Costa Barros,Milicia,1854314.876,0.0,0.0
2020,330455705140,Costa Barros,TCP,1854314.876,3291.565,0.177508
2020,330455705141,Pavuna,ADA,8250574.787,75901.366,0.919952
2020,330455705141,Pavuna,CV,8250574.787,1582764.423,19.183687
2020,330455705141,Pavuna,Milicia,8250574.787,1422397.152,17.239976
2020,330455705141,Pavuna,TCP,8250574.787,881991.001,10.690055
2020,330455705142,Guaratiba,ADA,135062990.914,0.0,0.0
2020,330455705142,Guaratiba,CV,135062990.914,0.0,0.0
2020,330455705142,Guaratiba,Milicia,135062990.914,11607115.423,8.593853
2020,330455705142,Guaratiba,TCP,135062990.914,0.0,0.0
2020,330455705143,Barra de Guaratiba,ADA,9977019.052,0.0,0.0
2020,330455705143,Barra de Guaratiba,CV,9977019.052,0.0,0.0
2020,330455705143,Barra de Guaratiba,Milicia,9977019.052,358457.102,3.592828
2020,330455705143,Barra de Guaratiba,TCP,9977019.052,0.0,0.0
2020,330455705144,Pedra de Guaratiba,ADA,3641094.955,0.0,0.0
2020,330455705144,Pedra de Guaratiba,CV,3641094.955,0.0,0.0
2020,330455705144,Pedra de Guaratiba,Milicia,3641094.955,655830.487,18.011903
2020,330455705144,Pedra de Guaratiba,TCP,3641094.955,0.0,0.0
2020,330455705145,Higienópolis,ADA,1151794.312,0.0,0.0
2020,330455705145,Higienópolis,CV,1151794.312,11302.359,0.981283
2020,330455705145,Higienópolis,Milicia,1151794.312,16509.437,1.433367
2020,330455705145,Higienópolis,TCP,1151794.312,0.0,0.0
2020,330455705146,Jacaré,ADA,904148.125,0.0,0.0
2020,330455705146,Jacaré,CV,904148.125,64709.921,7.157004
2020,330455705146,Jacaré,Milicia,904148.125,0.0,0.0
2020,330455705146,Jacaré,TCP,904148.125,0.0,0.0
2020,330455705147,Maria da Graça,ADA,874970.376,0.0,0.0
2020,330455705147,Maria da Graça,CV,874970.376,294.941,0.033709
2020,330455705147,Maria da Graça,Milicia,874970.376,0.0,0.0
2020,330455705147,Maria da Graça,TCP,874970.376,0.0,0.0
2020,330455705148,Del Castilho,ADA,1383449.914,0.0,0.0
2020,330455705148,Del Castilho,CV,1383449.914,21055.936,1.521988
2020,330455705148,Del Castilho,Milicia,1383449.914,829836.42,59.98312
2020,330455705148,Del Castilho,TCP,1383449.914,0.0,0.0
2020,330455705149,Inhaúma,ADA,3496464.039,0.0,0.0
2020,330455705149,Inhaúma,CV,3496464.039,339198.823,9.701196
2020,330455705149,Inhaúma,Milicia,3496464.039,1014608.265,29.018124
2020,330455705149,Inhaúma,TCP,3496464.039,0.0,0.0
2020,330455705150,Engenho da Rainha,ADA,2257186.131,0.0,0.0
2020,330455705150,Engenho da Rainha,CV,2257186.131,578608.203,25.634049
2020,330455705150,Engenho da Rainha,Milicia,2257186.131,0.0,0.0
2020,330455705150,Engenho da Rainha,TCP,2257186.131,0.0,0.0
2020,330455705151,Tomás Coelho,ADA,1774340.341,44447.025,2.504989
2020,330455705151,Tomás Coelho,CV,1774340.341,119178.503,6.716778
2020,330455705151,Tomás Coelho,Milicia,1774340.341,0.0,0.0
2020,330455705151,Tomás Coelho,TCP,1774340.341,120850.542,6.811012
2020,330455705152,Saúde,ADA,344572.668,0.0,0.0
2020,330455705152,Saúde,CV,344572.668,0.0,0.0
2020,330455705152,Saúde,Milicia,344572.668,2474.188,0.718045
2020,330455705152,Saúde,TCP,344572.668,0.0,0.0
2020,330455705153,Paquetá,ADA,1675845.054,163725.228,9.769712
2020,330455705153,Paquetá,CV,1675845.054,24864.53,1.483701
2020,330455705153,Paquetá,Milicia,1675845.054,0.0,0.0
2020,330455705153,Paquetá,TCP,1675845.054,0.0,0.0
2020,330455705154,Parque Columbia,ADA,1519835.366,20488.098,1.348047
2020,330455705154,Parque Columbia,CV,1519835.366,0.0,0.0
2020,330455705154,Parque Columbia,Milicia,1519835.366,18.606,0.001224
2020,330455705154,Parque Columbia,TCP,1519835.366,113570.98,7.472584
2020,330455705155,Jacarezinho,ADA,991554.655,0.0,0.0
2020,330455705155,Jacarezinho,CV,991554.655,526225.999,53.070801
2020,330455705155,Jacarezinho,Milicia,991554.655,0.0,0.0
2020,330455705155,Jacarezinho,TCP,991554.655,0.0,0.0
2020,330455705156,Rocinha,ADA,1460252.789,0.0,0.0
2020,330455705156,Rocinha,CV,1460252.789,906640.158,62.087891
2020,330455705156,Rocinha,Milicia,1460252.789,0.0,0.0
2020,330455705156,Rocinha,TCP,1460252.789,0.0,0.0
2020,330455705157,Complexo do Alemão,ADA,2854606.277,0.0,0.0
2020,330455705157,Complexo do Alemão,CV,2854606.277,1973590.552,69.137049
2020,330455705157,Complexo do Alemão,Milicia,2854606.277,0.0,0.0
2020,330455705157,Complexo do Alemão,TCP,2854606.277,0.0,0.0
2020,330455705158,Maré,ADA,4347749.885,0.0,0.0
2020,330455705158,Maré,CV,4347749.885,952214.684,21.901322
2020,330455705158,Maré,Milicia,4347749.885,1119256.0,25.743339
2020,330455705158,Maré,TCP,4347749.885,1237801.578,28.469935
2020,330455705159,Vasco da Gama,ADA,1051322.951,0.0,0.0
2020,330455705159,Vasco da Gama,CV,1051322.951,107375.1,10.213332
2020,330455705159,Vasco da Gama,Milicia,1051322.951,0.0,0.0
2020,330455705159,Vasco da Gama,TCP,1051322.951,0.0,0.0
2020,330455705160,Gericinó,ADA,1903405.18,0.0,0.0
2020,330455705160,Gericinó,CV,1903405.18,56429.813,2.964677
2020,330455705160,Gericinó,Milicia,1903405.18,1731846.824,90.986766
2020,330455705160,Gericinó,TCP,1903405.18,0.0,0.0
2021,330455705001,Centro,ADA,5999470.914,0.0,0.0
2021,330455705001,Centro,CV,5999470.914,0.0,0.0
2021,330455705001,Centro,Milicia,5999470.914,247067.115,4.118148
2021,330455705001,Centro,TCP,5999470.914,0.0,0.0
2021,330455705002,Gamboa,ADA,1136868.144,0.0,0.0
2021,330455705002,Gamboa,CV,1136868.144,108806.99,9.570766
2021,330455705002,Gamboa,Milicia,1136868.144,0.0,0.0
2021,330455705002,Gamboa,TCP,1136868.144,0.0,0.0
2021,330455705003,Santo Cristo,ADA,1672344.478,0.0,0.0
2021,330455705003,Santo Cristo,CV,1672344.478,39947.24,2.388697
2021,330455705003,Santo Cristo,Milicia,1672344.478,0.0,0.0
2021,330455705003,Santo Cristo,TCP,1672344.478,0.0,0.0
2021,330455705004,Caju,ADA,5067155.95,91643.157,1.808572
2021,330455705004,Caju,CV,5067155.95,56895.643,1.122832
2021,330455705004,Caju,Milicia,5067155.95,0.0,0.0
2021,330455705004,Caju,TCP,5067155.95,107482.115,2.121153
2021,330455705005,Catumbi,ADA,632389.034,21930.767,3.467923
2021,330455705005,Catumbi,CV,632389.034,2266.287,0.358369
2021,330455705005,Catumbi,Milicia,632389.034,0.0,0.0
2021,330455705005,Catumbi,TCP,632389.034,123597.865,19.544593
2021,330455705006,Rio Comprido,ADA,3330278.597,101987.743,3.062439
2021,330455705006,Rio Comprido,CV,3330278.597,367807.978,11.044361
2021,330455705006,Rio Comprido,Milicia,3330278.597,0.0,0.0
2021,330455705006,Rio Comprido,TCP,3330278.597,434.056,0.013034
2021,330455705007,Cidade Nova,ADA,936691.34,0.0,0.0
2021,330455705007,Cidade Nova,CV,936691.34,0.187,2e-05
2021,330455705007,Cidade Nova,Milicia,936691.34,0.0,0.0
2021,330455705007,Cidade Nova,TCP,936691.34,0.0,0.0
2021,330455705008,Estácio,ADA,914078.001,5691.636,0.622664
2021,330455705008,Estácio,CV,914078.001,0.0,0.0
2021,330455705008,Estácio,Milicia,914078.001,0.0,0.0
2021,330455705008,Estácio,TCP,914078.001,152673.967,16.70251
2021,330455705009,Flamengo,ADA,1652155.006,23906.883,1.447012
2021,330455705009,Flamengo,CV,1652155.006,0.0,0.0
2021,330455705009,Flamengo,Milicia,1652155.006,0.0,0.0
2021,330455705009,Flamengo,TCP,1652155.006,0.0,0.0
2021,330455705010,Glória,ADA,1125643.202,0.0,0.0
2021,330455705010,Glória,CV,1125643.202,13.885,0.001234
2021,330455705010,Glória,Milicia,1125643.202,0.0,0.0
2021,330455705010,Glória,TCP,1125643.202,0.0,0.0
2021,330455705011,Laranjeiras,ADA,2488268.891,370.463,0.014888
2021,330455705011,Laranjeiras,CV,2488268.891,72703.449,2.921849
2021,330455705011,Laranjeiras,Milicia,2488268.891,0.0,0.0
2021,330455705011,Laranjeiras,TCP,2488268.891,0.0,0.0
2021,330455705012,Catete,ADA,690904.333,0.0,0.0
2021,330455705012,Catete,CV,690904.333,44946.383,6.505442
2021,330455705012,Catete,Milicia,690904.333,0.0,0.0
2021,330455705012,Catete,TCP,690904.333,0.0,0.0
2021,330455705013,Cosme Velho,ADA,933880.948,0.0,0.0
2021,330455705013,Cosme Velho,CV,933880.948,96808.358,10.366242
2021,330455705013,Cosme Velho,Milicia,933880.948,0.0,0.0
2021,330455705013,Cosme Velho,TCP,933880.948,0.0,0.0
2021,330455705014,Botafogo,ADA,4793518.99,181.399,0.003784
2021,330455705014,Botafogo,CV,4793518.99,168157.725,3.508023
2021,330455705014,Botafogo,Milicia,4793518.99,0.0,0.0
2021,330455705014,Botafogo,TCP,4793518.99,0.0,0.0
2021,330455705015,Urca,ADA,2443671.98,0.0,0.0
2021,330455705015,Urca,CV,2443671.98,0.0,0.0
2021,330455705015,Urca,Milicia,2443671.98,0.0,0.0
2021,330455705015,Urca,TCP,2443671.98,0.0,0.0
2021,330455705016,Humaitá,ADA,1068177.754,0.0,0.0
2021,330455705016,Humaitá,CV,1068177.754,5547.437,0.519337
2021,330455705016,Humaitá,Milicia,1068177.754,0.0,0.0
2021,330455705016,Humaitá,TCP,1068177.754,0.0,0.0
2021,330455705017,Leme,ADA,1017046.998,0.0,0.0
2021,330455705017,Leme,CV,1017046.998,154956.837,15.235956
2021,330455705017,Leme,Milicia,1017046.998,0.0,0.0
2021,330455705017,Leme,TCP,1017046.998,0.0,0.0
2021,330455705018,Copacabana,ADA,4201270.477,0.0,0.0
2021,330455705018,Copacabana,CV,4201270.477,211677.584,5.038418
2021,330455705018,Copacabana,Milicia,4201270.477,0.0,0.0
2021,330455705018,Copacabana,TCP,4201270.477,0.0,0.0
2021,330455705019,Ipanema,ADA,3060078.202,0.0,0.0
2021,330455705019,Ipanema,CV,3060078.202,46130.548,1.507496
2021,330455705019,Ipanema,Milicia,3060078.202,0.0,0.0
2021,330455705019,Ipanema,TCP,3060078.202,0.0,0.0
2021,330455705020,Leblon,ADA,2118156.856,11750.6,0.554756
2021,330455705020,Leblon,CV,2118156.856,0.0,0.0
2021,330455705020,Leblon,Milicia,2118156.856,0.0,0.0
2021,330455705020,Leblon,TCP,2118156.856,0.0,0.0
2021,330455705021,Lagoa,ADA,5193577.874,5.53,0.000106
2021,330455705021,Lagoa,CV,5193577.874,845.013,0.01627
2021,330455705021,Lagoa,Milicia,5193577.874,0.0,0.0
2021,330455705021,Lagoa,TCP,5193577.874,0.0,0.0
2021,330455705022,Jardim Botânico,ADA,2817694.6,0.0,0.0
2021,330455705022,Jardim Botânico,CV,2817694.6,0.0,0.0
2021,330455705022,Jardim Botânico,Milicia,2817694.6,0.0,0.0
2021,330455705022,Jardim Botânico,TCP,2817694.6,0.0,0.0
2021,330455705023,Gávea,ADA,2733785.645,0.0,0.0
2021,330455705023,Gávea,CV,2733785.645,31232.71,1.142471
2021,330455705023,Gávea,Milicia,2733785.645,0.0,0.0
2021,330455705023,Gávea,TCP,2733785.645,0.0,0.0
2021,330455705024,Vidigal,ADA,1781818.869,25090.597,1.408145
2021,330455705024,Vidigal,CV,1781818.869,223397.282,12.537598
2021,330455705024,Vidigal,Milicia,1781818.869,0.0,0.0
2021,330455705024,Vidigal,TCP,1781818.869,0.0,0.0
2021,330455705025,São Conrado,ADA,6668231.159,20172.682,0.302519
2021,330455705025,São Conrado,CV,6668231.159,411955.571,6.177884
2021,330455705025,São Conrado,Milicia,6668231.159,0.0,0.0
2021,330455705025,São Conrado,TCP,6668231.159,0.0,0.0
2021,330455705026,São Cristóvão,ADA,3794648.396,0.0,0.0
2021,330455705026,São Cristóvão,CV,3794648.396,339592.846,8.949257
2021,330455705026,São Cristóvão,Milicia,3794648.396,0.0,0.0
2021,330455705026,São Cristóvão,TCP,3794648.396,227.141,0.005986
2021,330455705027,Mangueira,ADA,965517.733,0.0,0.0
2021,330455705027,Mangueira,CV,965517.733,356854.481,36.95991
2021,330455705027,Mangueira,Milicia,965517.733,0.0,0.0
2021,330455705027,Mangueira,TCP,965517.733,0.0,0.0
2021,330455705028,Benfica,ADA,1803020.832,1136.645,0.063041
2021,330455705028,Benfica,CV,1803020.832,156507.949,8.680318
2021,330455705028,Benfica,Milicia,1803020.832,26264.679,1.456704
2021,330455705028,Benfica,TCP,1803020.832,2203.972,0.122238
2021,330455705029,Praça da Bandeira,ADA,759082.679,0.0,0.0
2021,330455705029,Praça da Bandeira,CV,759082.679,0.0,0.0
2021,330455705029,Praça da Bandeira,Milicia,759082.679,0.0,0.0
2021,330455705029,Praça da Bandeira,TCP,759082.679,0.0,0.0
2021,330455705030,Tijuca,ADA,9943019.197,19227.095,0.193373
2021,330455705030,Tijuca,CV,9943019.197,755771.433,7.601026
2021,330455705030,Tijuca,Milicia,9943019.197,649746.012,6.534695
2021,330455705030,Tijuca,TCP,9943019.197,91200.49,0.917231
2021,330455705031,Alto da Boa Vista,ADA,31327174.846,0.0,0.0
2021,330455705031,Alto da Boa Vista,CV,31327174.846,214619.037,0.685089
2021,330455705031,Alto da Boa Vista,Milicia,31327174.846,2479.521,0.007915
2021,330455705031,Alto da Boa Vista,TCP,31327174.846,0.0,0.0
2021,330455705032,Maracanã,ADA,1618236.441,0.0,0.0
2021,330455705032,Maracanã,CV,1618236.441,6310.973,0.389991
2021,330455705032,Maracanã,Milicia,1618236.441,0.0,0.0
2021,330455705032,Maracanã,TCP,1618236.441,0.0,0.0
2021,330455705033,Vila Isabel,ADA,3335039.051,271270.393,8.13395
2021,330455705033,Vila Isabel,CV,3335039.051,0.0,0.0
2021,330455705033,Vila Isabel,Milicia,3335039.051,0.0,0.0
2021,330455705033,Vila Isabel,TCP,3335039.051,0.0,0.0
2021,330455705034,Andaraí,ADA,2288826.412,0.0,0.0
2021,330455705034,Andaraí,CV,2288826.412,305923.495,13.365954
2021,330455705034,Andaraí,Milicia,2288826.412,811437.805,35.452134
2021,330455705034,Andaraí,TCP,2288826.412,8059.709,0.352133
2021,330455705035,Grajaú,ADA,5666000.278,0.0,0.0
2021,330455705035,Grajaú,CV,5666000.278,262375.008,4.630692
2021,330455705035,Grajaú,Milicia,5666000.278,1862.294,0.032868
2021,330455705035,Grajaú,TCP,5666000.278,0.0,0.0
2021,330455705036,Manguinhos,ADA,2904792.726,0.0,0.0
2021,330455705036,Manguinhos,CV,2904792.726,376244.55,12.952544
2021,330455705036,Manguinhos,Milicia,2904792.726,66727.796,2.297162
2021,330455705036,Manguinhos,TCP,2904792.726,157.452,0.00542
2021,330455705037,Bonsucesso,ADA,2246914.385,0.0,0.0
2021,330455705037,Bonsucesso,CV,2246914.385,40041.623,1.782072
2021,330455705037,Bonsucesso,Milicia,2246914.385,377996.375,16.82291
2021,330455705037,Bonsucesso,TCP,2246914.385,226.526,0.010082
2021,330455705038,Ramos,ADA,2803461.571,0.0,0.0
2021,330455705038,Ramos,CV,2803461.571,207044.006,7.385299
2021,330455705038,Ramos,Milicia,2803461.571,986302.929,35.18161
2021,330455705038,Ramos,TCP,2803461.571,0.0,0.0
2021,330455705039,Olaria,ADA,3777725.993,0.0,0.0
2021,330455705039,Olaria,CV,3777725.993,770200.103,20.387929
2021,330455705039,Olaria,Milicia,3777725.993,226215.576,5.988141
2021,330455705039,Olaria,TCP,3777725.993,0.0,0.0
2021,330455705040,Penha,ADA,5667327.123,0.0,0.0
2021,330455705040,Penha,CV,5667327.123,1158017.241,20.433217
2021,330455705040,Penha,Milicia,5667327.123,17771.862,0.313585
2021,330455705040,Penha,TCP,5667327.123,0.0,0.0
2021,330455705041,Penha Circular,ADA,4750762.719,0.0,0.0
2021,330455705041,Penha Circular,CV,4750762.719,752420.595,15.83789
2021,330455705041,Penha Circular,Milicia,4750762.719,157562.618,3.316575
2021,330455705041,Penha Circular,TCP,4750762.719,647.437,0.013628
2021,330455705042,Brás de Pina,ADA,3512571.928,0.0,0.0
2021,330455705042,Brás de Pina,CV,3512571.928,163522.551,4.655351
2021,330455705042,Brás de Pina,Milicia,3512571.928,1519137.423,43.248578
2021,330455705042,Brás de Pina,TCP,3512571.928,644721.042,18.354672
2021,330455705043,Cordovil,ADA,3753939.247,0.0,0.0
2021,330455705043,Cordovil,CV,3753939.247,214398.121,5.711284
2021,330455705043,Cordovil,Milicia,3753939.247,865990.51,23.068847
2021,330455705043,Cordovil,TCP,3753939.247,705571.23,18.795489
2021,330455705044,Parada de Lucas,ADA,2297621.975,0.0,0.0
2021,330455705044,Parada de Lucas,CV,2297621.975,1060.991,0.046178
2021,330455705044,Parada de Lucas,Milicia,2297621.975,298706.231,13.000669
2021,330455705044,Parada de Lucas,TCP,2297621.975,694981.066,30.247842
2021,330455705045,Vigário Geral,ADA,3417305.816,0.0,0.0
2021,330455705045,Vigário Geral,CV,3417305.816,321721.571,9.41448
2021,330455705045,Vigário Geral,Milicia,3417305.816,3454.342,0.101084
2021,330455705045,Vigário Geral,TCP,3417305.816,161833.148,4.735694
2021,330455705046,Jardim América,ADA,1948170.717,0.0,0.0
2021,330455705046,Jardim América,CV,1948170.717,209897.526,10.774083
2021,330455705046,Jardim América,Milicia,1948170.717,0.0,0.0
2021,330455705046,Jardim América,TCP,1948170.717,0.0,0.0
2021,330455705047,São Francisco Xavier,ADA,665866.707,0.0,0.0
2021,330455705047,São Francisco Xavier,CV,665866.707,8657.787,1.300228
2021,330455705047,São Francisco Xavier,Milicia,665866.707,0.0,0.0
2021,330455705047,São Francisco Xavier,TCP,665866.707,0.0,0.0
2021,330455705048,Rocha,ADA,1195663.72,0.0,0.0
2021,330455705048,Rocha,CV,1195663.72,0.0,0.0
2021,330455705048,Rocha,Milicia,1195663.72,0.0,0.0
2021,330455705048,Rocha,TCP,1195663.72,0.0,0.0
2021,330455705049,Riachuelo,ADA,1007501.654,0.0,0.0
2021,330455705049,Riachuelo,CV,1007501.654,0.0,0.0
2021,330455705049,Riachuelo,Milicia,1007501.654,0.0,0.0
2021,330455705049,Riachuelo,TCP,1007501.654,0.0,0.0
2021,330455705050,Sampaio,ADA,834065.511,0.0,0.0
2021,330455705050,Sampaio,CV,834065.511,29032.545,3.480847
2021,330455705050,Sampaio,Milicia,834065.511,0.0,0.0
2021,330455705050,Sampaio,TCP,834065.511,0.0,0.0
2021,330455705051,Engenho Novo,ADA,2670486.436,1106.168,0.041422
2021,330455705051,Engenho Novo,CV,2670486.436,522982.587,19.583795
2021,330455705051,Engenho Novo,Milicia,2670486.436,872.648,0.032677
2021,330455705051,Engenho Novo,TCP,2670486.436,0.0,0.0
2021,330455705052,Lins de Vasconcelos,ADA,2795375.736,0.0,0.0
2021,330455705052,Lins de Vasconcelos,CV,2795375.736,747280.068,26.732724
2021,330455705052,Lins de Vasconcelos,Milicia,2795375.736,0.0,0.0
2021,330455705052,Lins de Vasconcelos,TCP,2795375.736,0.0,0.0
2021,330455705053,Méier,ADA,2365369.616,0.0,0.0
2021,330455705053,Méier,CV,2365369.616,83586.886,3.533777
2021,330455705053,Méier,Milicia,2365369.616,252228.789,10.663399
2021,330455705053,Méier,TCP,2365369.616,0.0,0.0
2021,330455705054,Todos os Santos,ADA,1096583.584,0.0,0.0
2021,330455705054,Todos os Santos,CV,1096583.584,0.024,2e-06
2021,330455705054,Todos os Santos,Milicia,1096583.584,122054.169,11.130403
2021,330455705054,Todos os Santos,TCP,1096583.584,0.0,0.0
2021,330455705055,Cachambi,ADA,2184248.384,0.0,0.0
2021,330455705055,Cachambi,CV,2184248.384,24161.522,1.106171
2021,330455705055,Cachambi,Milicia,2184248.384,520288.944,23.820045
2021,330455705055,Cachambi,TCP,2184248.384,0.0,0.0
2021,330455705056,Engenho de Dentro,ADA,3860558.733,0.0,0.0
2021,330455705056,Engenho de Dentro,CV,3860558.733,372604.023,9.651557
2021,330455705056,Engenho de Dentro,Milicia,3860558.733,559751.942,14.499247
2021,330455705056,Engenho de Dentro,TCP,3860558.733,0.0,0.0
2021,330455705057,Água Santa,ADA,2443119.047,0.0,0.0
2021,330455705057,Água Santa,CV,2443119.047,8827.196,0.361308
2021,330455705057,Água Santa,Milicia,2443119.047,132353.056,5.417381
2021,330455705057,Água Santa,TCP,2443119.047,0.0,0.0
2021,330455705058,Encantado,ADA,1017956.092,0.0,0.0
2021,330455705058,Encantado,CV,1017956.092,5034.295,0.494549
2021,330455705058,Encantado,Milicia,1017956.092,158544.933,15.57483
2021,330455705058,Encantado,TCP,1017956.092,0.0,0.0
2021,330455705059,Piedade,ADA,3975814.299,34023.132,0.855753
2021,330455705059,Piedade,CV,3975814.299,310576.42,7.811643
2021,330455705059,Piedade,Milicia,3975814.299,1076344.124,27.072294
2021,330455705059,Piedade,TCP,3975814.299,0.0,0.0
2021,330455705060,Abolição,ADA,681919.203,0.0,0.0
2021,330455705060,Abolição,CV,681919.203,119.689,0.017552
2021,330455705060,Abolição,Milicia,681919.203,186569.559,27.359482
2021,330455705060,Abolição,TCP,681919.203,0.0,0.0
2021,330455705061,Pilares,ADA,1736724.672,11.029,0.000635
2021,330455705061,Pilares,CV,1736724.672,312823.22,18.012252
2021,330455705061,Pilares,Milicia,1736724.672,504694.424,29.060129
2021,330455705061,Pilares,TCP,1736724.672,0.0,0.0
2021,330455705062,Vila Kosmos,ADA,1459829.177,0.0,0.0
2021,330455705062,Vila Kosmos,CV,1459829.177,677488.767,46.40877
2021,330455705062,Vila Kosmos,Milicia,1459829.177,199974.579,13.698492
2021,330455705062,Vila Kosmos,TCP,1459829.177,0.0,0.0
2021,330455705063,Vicente de Carvalho,ADA,1861712.205,0.0,0.0
2021,330455705063,Vicente de Carvalho,CV,1861712.205,712922.948,38.29394
2021,330455705063,Vicente de Carvalho,Milicia,1861712.205,774.192,0.041585
2021,330455705063,Vicente de Carvalho,TCP,1861712.205,135.146,0.007259
2021,330455705064,Vila da Penha,ADA,1459935.08,0.0,0.0
2021,330455705064,Vila da Penha,CV,1459935.08,32.071,0.002197
2021,330455705064,Vila da Penha,Milicia,1459935.08,35100.763,2.404269
2021,330455705064,Vila da Penha,TCP,1459935.08,0.0,0.0
2021,330455705065,Vista Alegre,ADA,543631.474,0.0,0.0
2021,330455705065,Vista Alegre,CV,543631.474,670.515,0.12334
2021,330455705065,Vista Alegre,Milicia,543631.474,0.425,7.8e-05
2021,330455705065,Vista Alegre,TCP,543631.474,0.0,0.0
2021,330455705066,Irajá,ADA,7756434.911,0.0,0.0
2021,330455705066,Irajá,CV,7756434.911,151035.744,1.947232
2021,330455705066,Irajá,Milicia,7756434.911,736719.249,9.498168
2021,330455705066,Irajá,TCP,7756434.911,62919.347,0.811189
2021,330455705067,Colégio,ADA,1977696.341,0.0,0.0
2021,330455705067,Colégio,CV,1977696.341,45498.33,2.300572
2021,330455705067,Colégio,Milicia,1977696.341,222.288,0.01124
2021,330455705067,Colégio,TCP,1977696.341,438301.149,22.162207
2021,330455705068,Campinho,ADA,818895.95,0.0,0.0
2021,330455705068,Campinho,CV,818895.95,0.0,0.0
2021,330455705068,Campinho,Milicia,818895.95,635072.781,77.552317
2021,330455705068,Campinho,TCP,818895.95,0.0,0.0
2021,330455705069,Quintino Bocaiúva,ADA,4327748.625,16754.555,0.387143
2021,330455705069,Quintino Bocaiúva,CV,4327748.625,62615.83,1.446845
2021,330455705069,Quintino Bocaiúva,Milicia,4327748.625,1584818.843,36.619938
2021,330455705069,Quintino Bocaiúva,TCP,4327748.625,0.0,0.0
2021,330455705070,Cavalcanti,ADA,1841740.248,13292.973,0.721762
2021,330455705070,Cavalcanti,CV,1841740.248,0.0,0.0
2021,330455705070,Cavalcanti,Milicia,1841740.248,229883.293,12.481852
2021,330455705070,Cavalcanti,TCP,1841740.248,467393.782,25.377834
2021,330455705071,Engenheiro Leal,ADA,666173.029,0.0,0.0
2021,330455705071,Engenheiro Leal,CV,666173.029,0.0,0.0
2021,330455705071,Engenheiro Leal,Milicia,666173.029,2865.522,0.430147
2021,330455705071,Engenheiro Leal,TCP,666173.029,69849.801,10.485234
2021,330455705072,Cascadura,ADA,3007879.708,0.0,0.0
2021,330455705072,Cascadura,CV,3007879.708,0.0,0.0
2021,330455705072,Cascadura,Milicia,3007879.708,1919450.426,63.814069
2021,330455705072,Cascadura,TCP,3007879.708,0.0,0.0
2021,330455705073,Madureira,ADA,3784149.277,0.0,0.0
2021,330455705073,Madureira,CV,3784149.277,266821.831,7.051039
2021,330455705073,Madureira,Milicia,3784149.277,1400504.534,37.009759
2021,330455705073,Madureira,TCP,3784149.277,362395.85,9.57668
2021,330455705074,Vaz Lobo,ADA,1053976.763,0.0,0.0
2021,330455705074,Vaz Lobo,CV,1053976.763,20201.915,1.916733
2021,330455705074,Vaz Lobo,Milicia,1053976.763,56125.397,5.325108
2021,330455705074,Vaz Lobo,TCP,1053976.763,111474.327,10.576545
2021,330455705075,Turiaçu,ADA,1312987.215,0.0,0.0
2021,330455705075,Turiaçu,CV,1312987.215,404188.179,30.783862
2021,330455705075,Turiaçu,Milicia,1312987.215,1663.177,0.126671
2021,330455705075,Turiaçu,TCP,1312987.215,0.0,0.0
2021,330455705076,Rocha Miranda,ADA,2931197.068,0.0,0.0
2021,330455705076,Rocha Miranda,CV,2931197.068,615471.45,20.997273
2021,330455705076,Rocha Miranda,Milicia,2931197.068,65396.705,2.231058
2021,330455705076,Rocha Miranda,TCP,2931197.068,0.0,0.0
2021,330455705077,Honório Gurgel,ADA,1291655.929,0.0,0.0
2021,330455705077,Honório Gurgel,CV,1291655.929,138373.682,10.71289
2021,330455705077,Honório Gurgel,Milicia,1291655.929,247203.431,19.138489
2021,330455705077,Honório Gurgel,TCP,1291655.929,55.307,0.004282
2021,330455705078,Oswaldo Cruz,ADA,2109374.788,0.0,0.0
2021,330455705078,Oswaldo Cruz,CV,2109374.788,6228.193,0.295263
2021,330455705078,Oswaldo Cruz,Milicia,2109374.788,306498.94,14.530322
2021,330455705078,Oswaldo Cruz,TCP,2109374.788,0.0,0.0
2021,330455705079,Bento Ribeiro,ADA,3148947.915,0.0,0.0
2021,330455705079,Bento Ribeiro,CV,3148947.915,8335.575,0.26471
2021,330455705079,Bento Ribeiro,Milicia,3148947.915,675916.149,21.464825
2021,330455705079,Bento Ribeiro,TCP,3148947.915,0.0,0.0
2021,330455705080,Marechal Hermes,ADA,3842053.359,0.0,0.0
2021,330455705080,Marechal Hermes,CV,3842053.359,98317.686,2.558988
2021,330455705080,Marechal Hermes,Milicia,3842053.359,161546.325,4.204687
2021,330455705080,Marechal Hermes,TCP,3842053.359,193687.413,5.041247
2021,330455705081,Jacarepaguá,ADA,74749389.951,0.0,0.0
2021,330455705081,Jacarepaguá,CV,74749389.951,232448.355,0.31097
2021,330455705081,Jacarepaguá,Milicia,74749389.951,16685127.201,22.321423
2021,330455705081,Jacarepaguá,TCP,74749389.951,0.0,0.0
2021,330455705082,Anil,ADA,3773328.725,0.0,0.0
2021,330455705082,Anil,CV,3773328.725,14291.005,0.378737
2021,330455705082,Anil,Milicia,3773328.725,982304.554,26.032838
2021,330455705082,Anil,TCP,3773328.725,0.0,0.0
2021,330455705083,Gardênia Azul,ADA,949103.226,0.0,0.0
2021,330455705083,Gardênia Azul,CV,949103.226,111.158,0.011712
2021,330455705083,Gardênia Azul,Milicia,949103.226,775097.35,81.666285
2021,330455705083,Gardênia Azul,TCP,949103.226,0.0,0.0
2021,330455705084,Cidade de Deus,ADA,1390931.874,0.0,0.0
2021,330455705084,Cidade de Deus,CV,1390931.874,1141841.868,82.091861
2021,330455705084,Cidade de Deus,Milicia,1390931.874,105.795,0.007606
2021,330455705084,Cidade de Deus,TCP,1390931.874,0.0,0.0
2021,330455705085,Curicica,ADA,3339007.728,0.0,0.0
2021,330455705085,Curicica,CV,3339007.728,0.0,0.0
2021,330455705085,Curicica,Milicia,3339007.728,2215801.808,66.361087
2021,330455705085,Curicica,TCP,3339007.728,0.0,0.0
2021,330455705086,Freguesia (Jacarepaguá),ADA,10108021.173,0.0,0.0
2021,330455705086,Freguesia (Jacarepaguá),CV,10108021.173,275571.111,2.726262
2021,330455705086,Freguesia (Jacarepaguá),Milicia,10108021.173,674725.615,6.67515
2021,330455705086,Freguesia (Jacarepaguá),TCP,10108021.173,0.0,0.0
2021,330455705087,Pechincha,ADA,3127046.955,0.0,0.0
2021,330455705087,Pechincha,CV,3127046.955,87571.214,2.800444
2021,330455705087,Pechincha,Milicia,3127046.955,107104.096,3.425088
2021,330455705087,Pechincha,TCP,3127046.955,0.0,0.0
2021,330455705088,Taquara,ADA,13409639.819,0.0,0.0
2021,330455705088,Taquara,CV,13409639.819,112101.516,0.835977
2021,330455705088,Taquara,Milicia,13409639.819,6926095.015,51.65012
2021,330455705088,Taquara,TCP,13409639.819,0.0,0.0
2021,330455705089,Tanque,ADA,5758334.63,0.0,0.0
2021,330455705089,Tanque,CV,5758334.63,0.0,0.0
2021,330455705089,Tanque,Milicia,5758334.63,3416002.425,59.322749
2021,330455705089,Tanque,TCP,5758334.63,0.0,0.0
2021,330455705090,Praça Seca,ADA,6556015.532,0.0,0.0
2021,330455705090,Praça Seca,CV,6556015.532,0.0,0.0
2021,330455705090,Praça Seca,Milicia,6556015.532,5078346.643,77.46087
2021,330455705090,Praça Seca,TCP,6556015.532,0.0,0.0
2021,330455705091,Vila Valqueire,ADA,4013527.509,0.0,0.0
2021,330455705091,Vila Valqueire,CV,4013527.509,0.0,0.0
2021,330455705091,Vila Valqueire,Milicia,4013527.509,1218303.31,30.354926
2021,330455705091,Vila Valqueire,TCP,4013527.509,0.0,0.0
2021,330455705092,Deodoro,ADA,4683193.264,0.0,0.0
2021,330455705092,Deodoro,CV,4683193.264,0.0,0.0
2021,330455705092,Deodoro,Milicia,4683193.264,482248.614,10.297431
2021,330455705092,Deodoro,TCP,4683193.264,299013.152,6.384813
2021,330455705093,Vila Militar,ADA,10520035.885,0.0,0.0
2021,330455705093,Vila Militar,CV,10520035.885,0.0,0.0
2021,330455705093,Vila Militar,Milicia,10520035.885,393309.756,3.738673
2021,330455705093,Vila Militar,TCP,10520035.885,0.0,0.0
2021,330455705094,Campo dos Afonsos,ADA,3173081.541,0.0,0.0
2021,330455705094,Campo dos Afonsos,CV,3173081.541,0.0,0.0
2021,330455705094,Campo dos Afonsos,Milicia,3173081.541,0.0,0.0
2021,330455705094,Campo dos Afonsos,TCP,3173081.541,0.0,0.0
2021,330455705095,Jardim Sulacap,ADA,7838000.908,0.0,0.0
2021,330455705095,Jardim Sulacap,CV,7838000.908,0.0,0.0
2021,330455705095,Jardim Sulacap,Milicia,7838000.908,21726.051,0.277189
2021,330455705095,Jardim Sulacap,TCP,7838000.908,0.0,0.0
2021,330455705096,Magalhães Bastos,ADA,2054160.612,87299.092,4.249867
2021,330455705096,Magalhães Bastos,CV,2054160.612,0.0,0.0
2021,330455705096,Magalhães Bastos,Milicia,2054160.612,388382.439,18.907112
2021,330455705096,Magalhães Bastos,TCP,2054160.612,0.0,0.0
2021,330455705097,Realengo,ADA,25902981.11,1148224.324,4.432788
2021,330455705097,Realengo,CV,25902981.11,27699.798,0.106937
2021,330455705097,Realengo,Milicia,25902981.11,3320298.044,12.818208
2021,330455705097,Realengo,TCP,25902981.11,78267.471,0.302156
2021,330455705098,Padre Miguel,ADA,4845945.365,1044355.155,21.551113
2021,330455705098,Padre Miguel,CV,4845945.365,21766.829,0.449176
2021,330455705098,Padre Miguel,Milicia,4845945.365,565105.807,11.661415
2021,330455705098,Padre Miguel,TCP,4845945.365,0.0,0.0
2021,330455705099,Bangu,ADA,37830395.943,1378887.035,3.644918
2021,330455705099,Bangu,CV,37830395.943,2536029.258,6.703682
2021,330455705099,Bangu,Milicia,37830395.943,5872798.727,15.524021
2021,330455705099,Bangu,TCP,37830395.943,1351324.053,3.572059
2021,330455705100,Senador Camará,ADA,17294389.899,52130.693,0.301431
2021,330455705100,Senador Camará,CV,17294389.899,178696.798,1.033265
2021,330455705100,Senador Camará,Milicia,17294389.899,39900.044,0.230711
2021,330455705100,Senador Camará,TCP,17294389.899,2436636.22,14.089171
2021,330455705101,Santíssimo,ADA,8471414.284,0.0,0.0
2021,330455705101,Santíssimo,CV,8471414.284,0.0,0.0
2021,330455705101,Santíssimo,Milicia,8471414.284,1191192.843,14.061322
2021,330455705101,Santíssimo,TCP,8471414.284,129403.484,1.527531
2021,330455705102,Campo Grande,ADA,104874675.28,0.0,0.0
2021,330455705102,Campo Grande,CV,104874675.28,83666.498,0.079778
2021,330455705102,Campo Grande,Milicia,104874675.28,23031658.961,21.961125
2021,330455705102,Campo Grande,TCP,104874675.28,0.0,0.0
2021,330455705103,Senador Vasconcelos,ADA,6282463.302,0.0,0.0
2021,330455705103,Senador Vasconcelos,CV,6282463.302,0.0,0.0
2021,330455705103,Senador Vasconcelos,Milicia,6282463.302,1364651.079,21.721593
2021,330455705103,Senador Vasconcelos,TCP,6282463.302,0.0,0.0
2021,330455705104,Inhoaíba,ADA,8246887.204,0.0,0.0
2021,330455705104,Inhoaíba,CV,8246887.204,231.804,0.002811
2021,330455705104,Inhoaíba,Milicia,8246887.204,3909007.859,47.399798
2021,330455705104,Inhoaíba,TCP,8246887.204,0.0,0.0
2021,330455705105,Cosmos,ADA,11341801.939,0.0,0.0
2021,330455705105,Cosmos,CV,11341801.939,0.0,0.0
2021,330455705105,Cosmos,Milicia,11341801.939,5601107.2,49.384632
2021,330455705105,Cosmos,TCP,11341801.939,0.0,0.0
2021,330455705106,Paciência,ADA,26711558.485,0.0,0.0
2021,330455705106,Paciência,CV,26711558.485,71825.336,0.268892
2021,330455705106,Paciência,Milicia,26711558.485,9446878.308,35.366257
2021,330455705106,Paciência,TCP,26711558.485,0.0,0.0
2021,330455705107,Santa Cruz,ADA,123060884.941,0.0,0.0
2021,330455705107,Santa Cruz,CV,123060884.941,469556.876,0.381565
2021,330455705107,Santa Cruz,Milicia,123060884.941,21773822.653,17.693537
2021,330455705107,Santa Cruz,TCP,123060884.941,0.0,0.0
2021,330455705108,Sepetiba,ADA,11867945.594,0.0,0.0
2021,330455705108,Sepetiba,CV,11867945.594,0.0,0.0
2021,330455705108,Sepetiba,Milicia,11867945.594,6142454.629,51.75668
2021,330455705108,Sepetiba,TCP,11867945.594,0.0,0.0
2021,330455705109,Ribeira,ADA,873943.13,0.0,0.0
2021,330455705109,Ribeira,CV,873943.13,0.0,0.0
2021,330455705109,Ribeira,Milicia,873943.13,0.0,0.0
2021,330455705109,Ribeira,TCP,873943.13,0.0,0.0
2021,330455705110,Zumbi,ADA,182858.391,0.0,0.0
2021,330455705110,Zumbi,CV,182858.391,0.0,0.0
2021,330455705110,Zumbi,Milicia,182858.391,0.0,0.0
2021,330455705110,Zumbi,TCP,182858.391,0.0,0.0
2021,330455705111,Cacuia,ADA,2145636.701,0.0,0.0
2021,330455705111,Cacuia,CV,2145636.701,0.0,0.0
2021,330455705111,Cacuia,Milicia,2145636.701,106866.432,4.98064
2021,330455705111,Cacuia,TCP,2145636.701,0.014,1e-06
2021,330455705112,Pitangueiras,ADA,619268.101,0.0,0.0
2021,330455705112,Pitangueiras,CV,619268.101,0.0,0.0
2021,330455705112,Pitangueiras,Milicia,619268.101,113803.834,18.377151
2021,330455705112,Pitangueiras,TCP,619268.101,0.0,0.0
2021,330455705113,Praia da Bandeira,ADA,332647.93,0.0,0.0
2021,330455705113,Praia da Bandeira,CV,332647.93,0.0,0.0
2021,330455705113,Praia da Bandeira,Milicia,332647.93,171974.666,51.698703
2021,330455705113,Praia da Bandeira,TCP,332647.93,0.0,0.0
2021,330455705114,Cocotá,ADA,579176.523,0.0,0.0
2021,330455705114,Cocotá,CV,579176.523,0.0,0.0
2021,330455705114,Cocotá,Milicia,579176.523,300692.868,51.91731
2021,330455705114,Cocotá,TCP,579176.523,729.966,0.126035
2021,330455705115,Bancários,ADA,1020691.23,57075.198,5.591818
2021,330455705115,Bancários,CV,1020691.23,0.0,0.0
2021,330455705115,Bancários,Milicia,1020691.23,227.211,0.022261
2021,330455705115,Bancários,TCP,1020691.23,92668.727,9.079017
2021,330455705116,Freguesia (Ilha do Governador),ADA,4109015.707,0.0,0.0
2021,330455705116,Freguesia (Ilha do Governador),CV,4109015.707,0.0,0.0
2021,330455705116,Freguesia (Ilha do Governador),Milicia,4109015.707,0.0,0.0
2021,330455705116,Freguesia (Ilha do Governador),TCP,4109015.707,229217.357,5.578401
2021,330455705117,Jardim Guanabara,ADA,3207591.058,0.0,0.0
2021,330455705117,Jardim Guanabara,CV,3207591.058,0.0,0.0
2021,330455705117,Jardim Guanabara,Milicia,3207591.058,0.0,0.0
2021,330455705117,Jardim Guanabara,TCP,3207591.058,13300.394,0.414654
2021,330455705118,Jardim Carioca,ADA,1569958.828,0.0,0.0
2021,330455705118,Jardim Carioca,CV,1569958.828,0.0,0.0
2021,330455705118,Jardim Carioca,Milicia,1569958.828,264.973,0.016878
2021,330455705118,Jardim Carioca,TCP,1569958.828,125714.505,8.007503
2021,330455705119,Tauá,ADA,1617763.743,539.288,0.033335
2021,330455705119,Tauá,CV,1617763.743,0.0,0.0
2021,330455705119,Tauá,Milicia,1617763.743,49219.313,3.042429
2021,330455705119,Tauá,TCP,1617763.743,246104.47,15.212634
2021,330455705120,Moneró,ADA,532864.681,0.0,0.0
2021,330455705120,Moneró,CV,532864.681,0.0,0.0
2021,330455705120,Moneró,Milicia,532864.681,0.0,0.0
2021,330455705120,Moneró,TCP,532864.681,0.0,0.0
2021,330455705121,Portuguesa,ADA,1208445.694,0.0,0.0
2021,330455705121,Portuguesa,CV,1208445.694,0.0,0.0
2021,330455705121,Portuguesa,Milicia,1208445.694,0.0,0.0
2021,330455705121,Portuguesa,TCP,1208445.694,189073.847,15.646036
2021,330455705122,Galeão,ADA,18992288.329,0.0,0.0
2021,330455705122,Galeão,CV,18992288.329,341503.063,1.798114
2021,330455705122,Galeão,Milicia,18992288.329,0.0,0.0
2021,330455705122,Galeão,TCP,18992288.329,118171.304,0.622207
2021,330455705123,Cidade Universitária,ADA,4947976.897,0.0,0.0
2021,330455705123,Cidade Universitária,CV,4947976.897,0.0,0.0
2021,330455705123,Cidade Universitária,Milicia,4947976.897,0.0,0.0
2021,330455705123,Cidade Universitária,TCP,4947976.897,0.0,0.0
2021,330455705124,Guadalupe,ADA,3803468.412,0.0,0.0
2021,330455705124,Guadalupe,CV,3803468.412,515655.745,13.557514
2021,330455705124,Guadalupe,Milicia,3803468.412,1072196.533,28.189968
2021,330455705124,Guadalupe,TCP,3803468.412,56760.825,1.492344
2021,330455705125,Anchieta,ADA,4330770.883,7.788,0.00018
2021,330455705125,Anchieta,CV,4330770.883,1736209.146,40.090072
2021,330455705125,Anchieta,Milicia,4330770.883,359564.817,8.302559
2021,330455705125,Anchieta,TCP,4330770.883,146981.485,3.393887
2021,330455705126,Parque Anchieta,ADA,3956592.823,0.0,0.0
2021,330455705126,Parque Anchieta,CV,3956592.823,34315.886,0.867309
2021,330455705126,Parque Anchieta,Milicia,3956592.823,209827.241,5.303231
2021,330455705126,Parque Anchieta,TCP,3956592.823,472.145,0.011933
2021,330455705127,Ricardo de Albuquerque,ADA,2278207.357,0.0,0.0
2021,330455705127,Ricardo de Albuquerque,CV,2278207.357,372471.778,16.349336
2021,330455705127,Ricardo de Albuquerque,Milicia,2278207.357,92616.983,4.065345
2021,330455705127,Ricardo de Albuquerque,TCP,2278207.357,0.0,0.0
2021,330455705128,Santa Teresa,ADA,5083505.53,0.0,0.0
2021,330455705128,Santa Teresa,CV,5083505.53,311334.21,6.1244
2021,330455705128,Santa Teresa,Milicia,5083505.53,3420.642,0.067289
2021,330455705128,Santa Teresa,TCP,5083505.53,0.0,0.0
2021,330455705129,Joá,ADA,1704745.172,0.0,0.0
2021,330455705129,Joá,CV,1704745.172,0.0,0.0
2021,330455705129,Joá,Milicia,1704745.172,0.0,0.0
2021,330455705129,Joá,TCP,1704745.172,0.0,0.0
2021,330455705130,Itanhangá,ADA,13103660.398,0.0,0.0
2021,330455705130,Itanhangá,CV,13103660.398,290692.248,2.218405
2021,330455705130,Itanhangá,Milicia,13103660.398,2164919.322,16.521485
2021,330455705130,Itanhangá,TCP,13103660.398,0.0,0.0
2021,330455705131,Barra da Tijuca,ADA,49110465.087,0.0,0.0
2021,330455705131,Barra da Tijuca,CV,49110465.087,0.0,0.0
2021,330455705131,Barra da Tijuca,Milicia,49110465.087,335005.669,0.682147
2021,330455705131,Barra da Tijuca,TCP,49110465.087,0.0,0.0
2021,330455705132,Camorim,ADA,8382818.669,0.0,0.0
2021,330455705132,Camorim,CV,8382818.669,0.0,0.0
2021,330455705132,Camorim,Milicia,8382818.669,1600431.357,19.091805
2021,330455705132,Camorim,TCP,8382818.669,0.0,0.0
2021,330455705133,Vargem Pequena,ADA,14217990.568,0.0,0.0
2021,330455705133,Vargem Pequena,CV,14217990.568,0.0,0.0
2021,330455705133,Vargem Pequena,Milicia,14217990.568,3310465.335,23.283637
2021,330455705133,Vargem Pequena,TCP,14217990.568,0.0,0.0
2021,330455705134,Vargem Grande,ADA,39432003.265,0.0,0.0
2021,330455705134,Vargem Grande,CV,39432003.265,0.0,0.0
2021,330455705134,Vargem Grande,Milicia,39432003.265,6498179.94,16.479457
2021,330455705134,Vargem Grande,TCP,39432003.265,0.0,0.0
2021,330455705135,Recreio dos Bandeirantes,ADA,31185606.999,0.0,0.0
2021,330455705135,Recreio dos Bandeirantes,CV,31185606.999,0.0,0.0
2021,330455705135,Recreio dos Bandeirantes,Milicia,31185606.999,5337385.375,17.1149
2021,330455705135,Recreio dos Bandeirantes,TCP,31185606.999,0.0,0.0
2021,330455705136,Grumari,ADA,9952429.072,0.0,0.0
2021,330455705136,Grumari,CV,9952429.072,0.0,0.0
2021,330455705136,Grumari,Milicia,9952429.072,0.0,0.0
2021,330455705136,Grumari,TCP,9952429.072,0.0,0.0
2021,330455705137,Coelho Neto,ADA,2502135.272,0.0,0.0
2021,330455705137,Coelho Neto,CV,2502135.272,90761.268,3.627353
2021,330455705137,Coelho Neto,Milicia,2502135.272,169730.855,6.78344
2021,330455705137,Coelho Neto,TCP,2502135.272,167936.975,6.711746
2021,330455705138,Acari,ADA,1585077.274,0.0,0.0
2021,330455705138,Acari,CV,1585077.274,0.0,0.0
2021,330455705138,Acari,Milicia,1585077.274,848.821,0.053551
2021,330455705138,Acari,TCP,1585077.274,768018.409,48.453058
2021,330455705139,Barros Filho,ADA,1761486.011,103551.192,5.878627
2021,330455705139,Barros Filho,CV,1761486.011,443646.274,25.18591
2021,330455705139,Barros Filho,Milicia,1761486.011,3.03,0.000172
2021,330455705139,Barros Filho,TCP,1761486.011,290857.556,16.512056
2021,330455705140,Costa Barros,ADA,1854314.876,402325.82,21.696737
2021,330455705140,Costa Barros,CV,1854314.876,550497.017,29.687354
2021,330455705140,Costa Barros,Milicia,1854314.876,0.15,8e-06
2021,330455705140,Costa Barros,TCP,1854314.876,30968.745,1.670091
2021,330455705141,Pavuna,ADA,8250574.787,74730.951,0.905767
2021,330455705141,Pavuna,CV,8250574.787,1582767.776,19.183727
2021,330455705141,Pavuna,Milicia,8250574.787,1203326.172,14.584756
2021,330455705141,Pavuna,TCP,8250574.787,883158.062,10.7042
2021,330455705142,Guaratiba,ADA,135062990.914,0.0,0.0
2021,330455705142,Guaratiba,CV,135062990.914,0.0,0.0
2021,330455705142,Guaratiba,Milicia,135062990.914,12032320.025,8.908673
2021,330455705142,Guaratiba,TCP,135062990.914,0.0,0.0
2021,330455705143,Barra de Guaratiba,ADA,9977019.052,0.0,0.0
2021,330455705143,Barra de Guaratiba,CV,9977019.052,0.0,0.0
2021,330455705143,Barra de Guaratiba,Milicia,9977019.052,983448.392,9.857137
2021,330455705143,Barra de Guaratiba,TCP,9977019.052,0.0,0.0
2021,330455705144,Pedra de Guaratiba,ADA,3641094.955,0.0,0.0
2021,330455705144,Pedra de Guaratiba,CV,3641094.955,0.0,0.0
2021,330455705144,Pedra de Guaratiba,Milicia,3641094.955,843076.18,23.154468
2021,330455705144,Pedra de Guaratiba,TCP,3641094.955,0.0,0.0
2021,330455705145,Higienópolis,ADA,1151794.312,0.0,0.0
2021,330455705145,Higienópolis,CV,1151794.312,11302.359,0.981283
2021,330455705145,Higienópolis,Milicia,1151794.312,16509.437,1.433367
2021,330455705145,Higienópolis,TCP,1151794.312,0.0,0.0
2021,330455705146,Jacaré,ADA,904148.125,0.0,0.0
2021,330455705146,Jacaré,CV,904148.125,64709.921,7.157004
2021,330455705146,Jacaré,Milicia,904148.125,0.0,0.0
2021,330455705146,Jacaré,TCP,904148.125,0.0,0.0
2021,330455705147,Maria da Graça,ADA,874970.376,0.0,0.0
2021,330455705147,Maria da Graça,CV,874970.376,294.941,0.033709
2021,330455705147,Maria da Graça,Milicia,874970.376,0.0,0.0
2021,330455705147,Maria da Graça,TCP,874970.376,0.0,0.0
2021,330455705148,Del Castilho,ADA,1383449.914,0.0,0.0
2021,330455705148,Del Castilho,CV,1383449.914,21055.936,1.521988
2021,330455705148,Del Castilho,Milicia,1383449.914,829836.42,59.98312
2021,330455705148,Del Castilho,TCP,1383449.914,0.0,0.0
2021,330455705149,Inhaúma,ADA,3496464.039,0.0,0.0
2021,330455705149,Inhaúma,CV,3496464.039,339198.823,9.701196
2021,330455705149,Inhaúma,Milicia,3496464.039,1014608.265,29.018124
2021,330455705149,Inhaúma,TCP,3496464.039,0.0,0.0
2021,330455705150,Engenho da Rainha,ADA,2257186.131,0.0,0.0
2021,330455705150,Engenho da Rainha,CV,2257186.131,578608.203,25.634049
2021,330455705150,Engenho da Rainha,Milicia,2257186.131,0.0,0.0
2021,330455705150,Engenho da Rainha,TCP,2257186.131,0.0,0.0
2021,330455705151,Tomás Coelho,ADA,1774340.341,44447.025,2.504989
2021,330455705151,Tomás Coelho,CV,1774340.341,119178.503,6.716778
2021,330455705151,Tomás Coelho,Milicia,1774340.341,0.0,0.0
2021,330455705151,Tomás Coelho,TCP,1774340.341,236451.006,13.326136
2021,330455705152,Saúde,ADA,344572.668,0.0,0.0
2021,330455705152,Saúde,CV,344572.668,0.0,0.0
2021,330455705152,Saúde,Milicia,344572.668,2474.188,0.718045
2021,330455705152,Saúde,TCP,344572.668,0.0,0.0
2021,330455705153,Paquetá,ADA,1675845.054,163725.228,9.769712
2021,330455705153,Paquetá,CV,1675845.054,24864.53,1.483701
2021,330455705153,Paquetá,Milicia,1675845.054,0.0,0.0
2021,330455705153,Paquetá,TCP,1675845.054,0.0,0.0
2021,330455705154,Parque Columbia,ADA,1519835.366,20488.098,1.348047
2021,330455705154,Parque Columbia,CV,1519835.366,0.0,0.0
2021,330455705154,Parque Columbia,Milicia,1519835.366,18.606,0.001224
2021,330455705154,Parque Columbia,TCP,1519835.366,113570.98,7.472584
2021,330455705155,Jacarezinho,ADA,991554.655,0.0,0.0
2021,330455705155,Jacarezinho,CV,991554.655,526225.999,53.070801
2021,330455705155,Jacarezinho,Milicia,991554.655,0.0,0.0
2021,330455705155,Jacarezinho,TCP,991554.655,0.0,0.0
2021,330455705156,Rocinha,ADA,1460252.789,0.0,0.0
2021,330455705156,Rocinha,CV,1460252.789,906640.158,62.087891
2021,330455705156,Rocinha,Milicia,1460252.789,0.0,0.0
2021,330455705156,Rocinha,TCP,1460252.789,0.0,0.0
2021,330455705157,Complexo do Alemão,ADA,2854606.277,0.0,0.0
2021,330455705157,Complexo do Alemão,CV,2854606.277,1973590.552,69.137049
2021,330455705157,Complexo do Alemão,Milicia,2854606.277,0.0,0.0
2021,330455705157,Complexo do Alemão,TCP,2854606.277,0.0,0.0
2021,330455705158,Maré,ADA,4347749.885,0.0,0.0
2021,330455705158,Maré,CV,4347749.885,952214.684,21.901322
2021,330455705158,Maré,Milicia,4347749.885,1039114.647,23.900056
2021,330455705158,Maré,TCP,4347749.885,1237801.578,28.469935
2021,330455705159,Vasco da Gama,ADA,1051322.951,0.0,0.0
2021,330455705159,Vasco da Gama,CV,1051322.951,107375.1,10.213332
2021,330455705159,Vasco da Gama,Milicia,1051322.951,0.0,0.0
2021,330455705159,Vasco da Gama,TCP,1051322.951,0.0,0.0
2021,330455705160,Gericinó,ADA,1903405.18,0.0,0.0
2021,330455705160,Gericinó,CV,1903405.18,0.0,0.0
2021,330455705160,Gericinó,Milicia,1903405.18,1751423.781,92.015289
2021,330455705160,Gericinó,TCP,1903405.18,0.0,0.0
2022,330455705001,Centro,ADA,5999470.914,0.0,0.0
2022,330455705001,Centro,CV,5999470.914,0.0,0.0
2022,330455705001,Centro,Milicia,5999470.914,144303.669,2.405273
2022,330455705001,Centro,TCP,5999470.914,0.0,0.0
2022,330455705002,Gamboa,ADA,1136868.144,0.0,0.0
2022,330455705002,Gamboa,CV,1136868.144,108806.99,9.570766
2022,330455705002,Gamboa,Milicia,1136868.144,0.0,0.0
2022,330455705002,Gamboa,TCP,1136868.144,0.0,0.0
2022,330455705003,Santo Cristo,ADA,1672344.478,0.0,0.0
2022,330455705003,Santo Cristo,CV,1672344.478,39947.24,2.388697
2022,330455705003,Santo Cristo,Milicia,1672344.478,0.0,0.0
2022,330455705003,Santo Cristo,TCP,1672344.478,0.0,0.0
2022,330455705004,Caju,ADA,5067155.95,91643.157,1.808572
2022,330455705004,Caju,CV,5067155.95,56895.643,1.122832
2022,330455705004,Caju,Milicia,5067155.95,0.0,0.0
2022,330455705004,Caju,TCP,5067155.95,107482.115,2.121153
2022,330455705005,Catumbi,ADA,632389.034,21930.767,3.467923
2022,330455705005,Catumbi,CV,632389.034,2266.287,0.358369
2022,330455705005,Catumbi,Milicia,632389.034,0.0,0.0
2022,330455705005,Catumbi,TCP,632389.034,123597.865,19.544593
2022,330455705006,Rio Comprido,ADA,3330278.597,56551.532,1.698102
2022,330455705006,Rio Comprido,CV,3330278.597,367807.978,11.044361
2022,330455705006,Rio Comprido,Milicia,3330278.597,0.0,0.0
2022,330455705006,Rio Comprido,TCP,3330278.597,45870.267,1.37737
2022,330455705007,Cidade Nova,ADA,936691.34,0.0,0.0
2022,330455705007,Cidade Nova,CV,936691.34,0.187,2e-05
2022,330455705007,Cidade Nova,Milicia,936691.34,0.0,0.0
2022,330455705007,Cidade Nova,TCP,936691.34,0.0,0.0
2022,330455705008,Estácio,ADA,914078.001,5050.074,0.552477
2022,330455705008,Estácio,CV,914078.001,0.0,0.0
2022,330455705008,Estácio,Milicia,914078.001,0.0,0.0
2022,330455705008,Estácio,TCP,914078.001,153315.529,16.772697
2022,330455705009,Flamengo,ADA,1652155.006,23906.883,1.447012
2022,330455705009,Flamengo,CV,1652155.006,0.0,0.0
2022,330455705009,Flamengo,Milicia,1652155.006,0.0,0.0
2022,330455705009,Flamengo,TCP,1652155.006,0.0,0.0
2022,330455705010,Glória,ADA,1125643.202,0.0,0.0
2022,330455705010,Glória,CV,1125643.202,13.885,0.001234
2022,330455705010,Glória,Milicia,1125643.202,0.0,0.0
2022,330455705010,Glória,TCP,1125643.202,0.0,0.0
2022,330455705011,Laranjeiras,ADA,2488268.891,370.463,0.014888
2022,330455705011,Laranjeiras,CV,2488268.891,72703.449,2.921849
2022,330455705011,Laranjeiras,Milicia,2488268.891,0.0,0.0
2022,330455705011,Laranjeiras,TCP,2488268.891,0.0,0.0
2022,330455705012,Catete,ADA,690904.333,0.0,0.0
2022,330455705012,Catete,CV,690904.333,44946.383,6.505442
2022,330455705012,Catete,Milicia,690904.333,0.0,0.0
2022,330455705012,Catete,TCP,690904.333,0.0,0.0
2022,330455705013,Cosme Velho,ADA,933880.948,0.0,0.0
2022,330455705013,Cosme Velho,CV,933880.948,96808.358,10.366242
2022,330455705013,Cosme Velho,Milicia,933880.948,0.0,0.0
2022,330455705013,Cosme Velho,TCP,933880.948,0.0,0.0
2022,330455705014,Botafogo,ADA,4793518.99,181.399,0.003784
2022,330455705014,Botafogo,CV,4793518.99,66804.744,1.393647
2022,330455705014,Botafogo,Milicia,4793518.99,0.0,0.0
2022,330455705014,Botafogo,TCP,4793518.99,0.0,0.0
2022,330455705015,Urca,ADA,2443671.98,0.0,0.0
2022,330455705015,Urca,CV,2443671.98,0.0,0.0
2022,330455705015,Urca,Milicia,2443671.98,0.0,0.0
2022,330455705015,Urca,TCP,2443671.98,0.0,0.0
2022,330455705016,Humaitá,ADA,1068177.754,0.0,0.0
2022,330455705016,Humaitá,CV,1068177.754,5547.437,0.519337
2022,330455705016,Humaitá,Milicia,1068177.754,0.0,0.0
2022,330455705016,Humaitá,TCP,1068177.754,0.0,0.0
2022,330455705017,Leme,ADA,1017046.998,0.0,0.0
2022,330455705017,Leme,CV,1017046.998,154956.837,15.235956
2022,330455705017,Leme,Milicia,1017046.998,0.0,0.0
2022,330455705017,Leme,TCP,1017046.998,0.0,0.0
2022,330455705018,Copacabana,ADA,4201270.477,0.0,0.0
2022,330455705018,Copacabana,CV,4201270.477,204885.728,4.876756
2022,330455705018,Copacabana,Milicia,4201270.477,0.0,0.0
2022,330455705018,Copacabana,TCP,4201270.477,0.0,0.0
2022,330455705019,Ipanema,ADA,3060078.202,0.0,0.0
2022,330455705019,Ipanema,CV,3060078.202,46130.548,1.507496
2022,330455705019,Ipanema,Milicia,3060078.202,0.0,0.0
2022,330455705019,Ipanema,TCP,3060078.202,0.0,0.0
2022,330455705020,Leblon,ADA,2118156.856,0.0,0.0
2022,330455705020,Leblon,CV,2118156.856,11750.6,0.554756
2022,330455705020,Leblon,Milicia,2118156.856,0.0,0.0
2022,330455705020,Leblon,TCP,2118156.856,0.0,0.0
2022,330455705021,Lagoa,ADA,5193577.874,0.0,0.0
2022,330455705021,Lagoa,CV,5193577.874,850.543,0.016377
2022,330455705021,Lagoa,Milicia,5193577.874,0.0,0.0
2022,330455705021,Lagoa,TCP,5193577.874,0.0,0.0
2022,330455705022,Jardim Botânico,ADA,2817694.6,0.0,0.0
2022,330455705022,Jardim Botânico,CV,2817694.6,0.0,0.0
2022,330455705022,Jardim Botânico,Milicia,2817694.6,0.0,0.0
2022,330455705022,Jardim Botânico,TCP,2817694.6,0.0,0.0
2022,330455705023,Gávea,ADA,2733785.645,0.0,0.0
2022,330455705023,Gávea,CV,2733785.645,31232.71,1.142471
2022,330455705023,Gávea,Milicia,2733785.645,0.0,0.0
2022,330455705023,Gávea,TCP,2733785.645,0.0,0.0
2022,330455705024,Vidigal,ADA,1781818.869,25090.597,1.408145
2022,330455705024,Vidigal,CV,1781818.869,223397.282,12.537598
2022,330455705024,Vidigal,Milicia,1781818.869,0.0,0.0
2022,330455705024,Vidigal,TCP,1781818.869,0.0,0.0
2022,330455705025,São Conrado,ADA,6668231.159,20172.682,0.302519
2022,330455705025,São Conrado,CV,6668231.159,411955.571,6.177884
2022,330455705025,São Conrado,Milicia,6668231.159,0.0,0.0
2022,330455705025,São Conrado,TCP,6668231.159,0.0,0.0
2022,330455705026,São Cristóvão,ADA,3794648.396,0.0,0.0
2022,330455705026,São Cristóvão,CV,3794648.396,339592.846,8.949257
2022,330455705026,São Cristóvão,Milicia,3794648.396,0.0,0.0
2022,330455705026,São Cristóvão,TCP,3794648.396,227.141,0.005986
2022,330455705027,Mangueira,ADA,965517.733,0.0,0.0
2022,330455705027,Mangueira,CV,965517.733,356854.481,36.95991
2022,330455705027,Mangueira,Milicia,965517.733,0.0,0.0
2022,330455705027,Mangueira,TCP,965517.733,0.0,0.0
2022,330455705028,Benfica,ADA,1803020.832,1136.645,0.063041
2022,330455705028,Benfica,CV,1803020.832,156507.949,8.680318
2022,330455705028,Benfica,Milicia,1803020.832,26264.679,1.456704
2022,330455705028,Benfica,TCP,1803020.832,2203.972,0.122238
2022,330455705029,Praça da Bandeira,ADA,759082.679,0.0,0.0
2022,330455705029,Praça da Bandeira,CV,759082.679,0.0,0.0
2022,330455705029,Praça da Bandeira,Milicia,759082.679,0.0,0.0
2022,330455705029,Praça da Bandeira,TCP,759082.679,0.0,0.0
2022,330455705030,Tijuca,ADA,9943019.197,19227.095,0.193373
2022,330455705030,Tijuca,CV,9943019.197,755671.568,7.600021
2022,330455705030,Tijuca,Milicia,9943019.197,649746.012,6.534695
2022,330455705030,Tijuca,TCP,9943019.197,91200.49,0.917231
2022,330455705031,Alto da Boa Vista,ADA,31327174.846,0.0,0.0
2022,330455705031,Alto da Boa Vista,CV,31327174.846,214619.037,0.685089
2022,330455705031,Alto da Boa Vista,Milicia,31327174.846,2479.521,0.007915
2022,330455705031,Alto da Boa Vista,TCP,31327174.846,0.0,0.0
2022,330455705032,Maracanã,ADA,1618236.441,0.0,0.0
2022,330455705032,Maracanã,CV,1618236.441,6310.973,0.389991
2022,330455705032,Maracanã,Milicia,1618236.441,0.0,0.0
2022,330455705032,Maracanã,TCP,1618236.441,0.0,0.0
2022,330455705033,Vila Isabel,ADA,3335039.051,271270.393,8.13395
2022,330455705033,Vila Isabel,CV,3335039.051,0.0,0.0
2022,330455705033,Vila Isabel,Milicia,3335039.051,0.0,0.0
2022,330455705033,Vila Isabel,TCP,3335039.051,0.0,0.0
2022,330455705034,Andaraí,ADA,2288826.412,0.0,0.0
2022,330455705034,Andaraí,CV,2288826.412,159190.285,6.955105
2022,330455705034,Andaraí,Milicia,2288826.412,811437.805,35.452134
2022,330455705034,Andaraí,TCP,2288826.412,8059.709,0.352133
2022,330455705035,Grajaú,ADA,5666000.278,0.0,0.0
2022,330455705035,Grajaú,CV,5666000.278,262375.008,4.630692
2022,330455705035,Grajaú,Milicia,5666000.278,1862.294,0.032868
2022,330455705035,Grajaú,TCP,5666000.278,0.0,0.0
2022,330455705036,Manguinhos,ADA,2904792.726,0.0,0.0
2022,330455705036,Manguinhos,CV,2904792.726,442000.541,15.216251
2022,330455705036,Manguinhos,Milicia,2904792.726,971.805,0.033455
2022,330455705036,Manguinhos,TCP,2904792.726,157.452,0.00542
2022,330455705037,Bonsucesso,ADA,2246914.385,0.0,0.0
2022,330455705037,Bonsucesso,CV,2246914.385,40253.718,1.791511
2022,330455705037,Bonsucesso,Milicia,2246914.385,253838.011,11.297182
2022,330455705037,Bonsucesso,TCP,2246914.385,226.526,0.010082
2022,330455705038,Ramos,ADA,2803461.571,0.0,0.0
2022,330455705038,Ramos,CV,2803461.571,247652.946,8.833827
2022,330455705038,Ramos,Milicia,2803461.571,994336.374,35.468165
2022,330455705038,Ramos,TCP,2803461.571,0.0,0.0
2022,330455705039,Olaria,ADA,3777725.993,0.0,0.0
2022,330455705039,Olaria,CV,3777725.993,770200.103,20.387929
2022,330455705039,Olaria,Milicia,3777725.993,116082.237,3.072807
2022,330455705039,Olaria,TCP,3777725.993,0.0,0.0
2022,330455705040,Penha,ADA,5667327.123,0.0,0.0
2022,330455705040,Penha,CV,5667327.123,1158017.241,20.433217
2022,330455705040,Penha,Milicia,5667327.123,17771.862,0.313585
2022,330455705040,Penha,TCP,5667327.123,0.0,0.0
2022,330455705041,Penha Circular,ADA,4750762.719,0.0,0.0
2022,330455705041,Penha Circular,CV,4750762.719,791912.082,16.669157
2022,330455705041,Penha Circular,Milicia,4750762.719,155205.299,3.266955
2022,330455705041,Penha Circular,TCP,4750762.719,647.437,0.013628
2022,330455705042,Brás de Pina,ADA,3512571.928,0.0,0.0
2022,330455705042,Brás de Pina,CV,3512571.928,189003.915,5.380784
2022,330455705042,Brás de Pina,Milicia,3512571.928,1351553.879,38.477614
2022,330455705042,Brás de Pina,TCP,3512571.928,683253.67,19.451663
2022,330455705043,Cordovil,ADA,3753939.247,0.0,0.0
2022,330455705043,Cordovil,CV,3753939.247,26139.178,0.696313
2022,330455705043,Cordovil,Milicia,3753939.247,252504.933,6.726399
2022,330455705043,Cordovil,TCP,3753939.247,901291.772,24.009226
2022,330455705044,Parada de Lucas,ADA,2297621.975,0.0,0.0
2022,330455705044,Parada de Lucas,CV,2297621.975,626.77,0.027279
2022,330455705044,Parada de Lucas,Milicia,2297621.975,18203.319,0.792268
2022,330455705044,Parada de Lucas,TCP,2297621.975,695415.287,30.266741
2022,330455705045,Vigário Geral,ADA,3417305.816,0.0,0.0
2022,330455705045,Vigário Geral,CV,3417305.816,321721.571,9.41448
2022,330455705045,Vigário Geral,Milicia,3417305.816,0.0,0.0
2022,330455705045,Vigário Geral,TCP,3417305.816,161833.148,4.735694
2022,330455705046,Jardim América,ADA,1948170.717,0.0,0.0
2022,330455705046,Jardim América,CV,1948170.717,209897.526,10.774083
2022,330455705046,Jardim América,Milicia,1948170.717,0.0,0.0
2022,330455705046,Jardim América,TCP,1948170.717,0.0,0.0
2022,330455705047,São Francisco Xavier,ADA,665866.707,0.0,0.0
2022,330455705047,São Francisco Xavier,CV,665866.707,8657.787,1.300228
2022,330455705047,São Francisco Xavier,Milicia,665866.707,0.0,0.0
2022,330455705047,São Francisco Xavier,TCP,665866.707,0.0,0.0
2022,330455705048,Rocha,ADA,1195663.72,0.0,0.0
2022,330455705048,Rocha,CV,1195663.72,0.0,0.0
2022,330455705048,Rocha,Milicia,1195663.72,0.0,0.0
2022,330455705048,Rocha,TCP,1195663.72,0.0,0.0
2022,330455705049,Riachuelo,ADA,1007501.654,0.0,0.0
2022,330455705049,Riachuelo,CV,1007501.654,0.0,0.0
2022,330455705049,Riachuelo,Milicia,1007501.654,0.0,0.0
2022,330455705049,Riachuelo,TCP,1007501.654,0.0,0.0
2022,330455705050,Sampaio,ADA,834065.511,0.0,0.0
2022,330455705050,Sampaio,CV,834065.511,29032.545,3.480847
2022,330455705050,Sampaio,Milicia,834065.511,0.0,0.0
2022,330455705050,Sampaio,TCP,834065.511,0.0,0.0
2022,330455705051,Engenho Novo,ADA,2670486.436,1106.168,0.041422
2022,330455705051,Engenho Novo,CV,2670486.436,522982.587,19.583795
2022,330455705051,Engenho Novo,Milicia,2670486.436,872.648,0.032677
2022,330455705051,Engenho Novo,TCP,2670486.436,0.0,0.0
2022,330455705052,Lins de Vasconcelos,ADA,2795375.736,0.0,0.0
2022,330455705052,Lins de Vasconcelos,CV,2795375.736,747280.068,26.732724
2022,330455705052,Lins de Vasconcelos,Milicia,2795375.736,0.0,0.0
2022,330455705052,Lins de Vasconcelos,TCP,2795375.736,0.0,0.0
2022,330455705053,Méier,ADA,2365369.616,0.0,0.0
2022,330455705053,Méier,CV,2365369.616,83586.886,3.533777
2022,330455705053,Méier,Milicia,2365369.616,108213.338,4.574902
2022,330455705053,Méier,TCP,2365369.616,0.0,0.0
2022,330455705054,Todos os Santos,ADA,1096583.584,0.0,0.0
2022,330455705054,Todos os Santos,CV,1096583.584,0.024,2e-06
2022,330455705054,Todos os Santos,Milicia,1096583.584,116418.733,10.616494
2022,330455705054,Todos os Santos,TCP,1096583.584,0.0,0.0
2022,330455705055,Cachambi,ADA,2184248.384,0.0,0.0
2022,330455705055,Cachambi,CV,2184248.384,24161.522,1.106171
2022,330455705055,Cachambi,Milicia,2184248.384,520288.944,23.820045
2022,330455705055,Cachambi,TCP,2184248.384,0.0,0.0
2022,330455705056,Engenho de Dentro,ADA,3860558.733,0.0,0.0
2022,330455705056,Engenho de Dentro,CV,3860558.733,372604.023,9.651557
2022,330455705056,Engenho de Dentro,Milicia,3860558.733,559751.942,14.499247
2022,330455705056,Engenho de Dentro,TCP,3860558.733,0.0,0.0
2022,330455705057,Água Santa,ADA,2443119.047,0.0,0.0
2022,330455705057,Água Santa,CV,2443119.047,8827.196,0.361308
2022,330455705057,Água Santa,Milicia,2443119.047,69132.818,2.829695
2022,330455705057,Água Santa,TCP,2443119.047,0.0,0.0
2022,330455705058,Encantado,ADA,1017956.092,0.0,0.0
2022,330455705058,Encantado,CV,1017956.092,5034.295,0.494549
2022,330455705058,Encantado,Milicia,1017956.092,65084.733,6.393668
2022,330455705058,Encantado,TCP,1017956.092,0.0,0.0
2022,330455705059,Piedade,ADA,3975814.299,666.806,0.016772
2022,330455705059,Piedade,CV,3975814.299,395492.267,9.947453
2022,330455705059,Piedade,Milicia,3975814.299,318707.337,8.016152
2022,330455705059,Piedade,TCP,3975814.299,0.0,0.0
2022,330455705060,Abolição,ADA,681919.203,0.0,0.0
2022,330455705060,Abolição,CV,681919.203,119.689,0.017552
2022,330455705060,Abolição,Milicia,681919.203,186657.952,27.372444
2022,330455705060,Abolição,TCP,681919.203,0.0,0.0
2022,330455705061,Pilares,ADA,1736724.672,11.029,0.000635
2022,330455705061,Pilares,CV,1736724.672,312823.22,18.012252
2022,330455705061,Pilares,Milicia,1736724.672,553952.177,31.896373
2022,330455705061,Pilares,TCP,1736724.672,0.0,0.0
2022,330455705062,Vila Kosmos,ADA,1459829.177,0.0,0.0
2022,330455705062,Vila Kosmos,CV,1459829.177,881891.663,60.410607
2022,330455705062,Vila Kosmos,Milicia,1459829.177,199974.579,13.698492
2022,330455705062,Vila Kosmos,TCP,1459829.177,0.0,0.0
2022,330455705063,Vicente de Carvalho,ADA,1861712.205,0.0,0.0
2022,330455705063,Vicente de Carvalho,CV,1861712.205,718109.478,38.572529
2022,330455705063,Vicente de Carvalho,Milicia,1861712.205,774.192,0.041585
2022,330455705063,Vicente de Carvalho,TCP,1861712.205,135.146,0.007259
2022,330455705064,Vila da Penha,ADA,1459935.08,0.0,0.0
2022,330455705064,Vila da Penha,CV,1459935.08,202.899,0.013898
2022,330455705064,Vila da Penha,Milicia,1459935.08,108543.706,7.434831
2022,330455705064,Vila da Penha,TCP,1459935.08,0.0,0.0
2022,330455705065,Vista Alegre,ADA,543631.474,0.0,0.0
2022,330455705065,Vista Alegre,CV,543631.474,670.515,0.12334
2022,330455705065,Vista Alegre,Milicia,543631.474,0.425,7.8e-05
2022,330455705065,Vista Alegre,TCP,543631.474,0.0,0.0
2022,330455705066,Irajá,ADA,7756434.911,0.0,0.0
2022,330455705066,Irajá,CV,7756434.911,151035.744,1.947232
2022,330455705066,Irajá,Milicia,7756434.911,816419.583,10.525707
2022,330455705066,Irajá,TCP,7756434.911,62919.347,0.811189
2022,330455705067,Colégio,ADA,1977696.341,0.0,0.0
2022,330455705067,Colégio,CV,1977696.341,45498.33,2.300572
2022,330455705067,Colégio,Milicia,1977696.341,0.0,0.0
2022,330455705067,Colégio,TCP,1977696.341,438301.149,22.162207
2022,330455705068,Campinho,ADA,818895.95,0.0,0.0
2022,330455705068,Campinho,CV,818895.95,0.0,0.0
2022,330455705068,Campinho,Milicia,818895.95,625600.88,76.395649
2022,330455705068,Campinho,TCP,818895.95,0.0,0.0
2022,330455705069,Quintino Bocaiúva,ADA,4327748.625,16754.555,0.387143
2022,330455705069,Quintino Bocaiúva,CV,4327748.625,63113.611,1.458347
2022,330455705069,Quintino Bocaiúva,Milicia,4327748.625,1385041.795,32.003749
2022,330455705069,Quintino Bocaiúva,TCP,4327748.625,0.0,0.0
2022,330455705070,Cavalcanti,ADA,1841740.248,13292.973,0.721762
2022,330455705070,Cavalcanti,CV,1841740.248,0.0,0.0
2022,330455705070,Cavalcanti,Milicia,1841740.248,126047.624,6.843941
2022,330455705070,Cavalcanti,TCP,1841740.248,467393.782,25.377834
2022,330455705071,Engenheiro Leal,ADA,666173.029,0.0,0.0
2022,330455705071,Engenheiro Leal,CV,666173.029,0.0,0.0
2022,330455705071,Engenheiro Leal,Milicia,666173.029,173676.028,26.070709
2022,330455705071,Engenheiro Leal,TCP,666173.029,69849.801,10.485234
2022,330455705072,Cascadura,ADA,3007879.708,0.0,0.0
2022,330455705072,Cascadura,CV,3007879.708,12681.274,0.421602
2022,330455705072,Cascadura,Milicia,3007879.708,2377438.709,79.040352
2022,330455705072,Cascadura,TCP,3007879.708,0.0,0.0
2022,330455705073,Madureira,ADA,3784149.277,0.0,0.0
2022,330455705073,Madureira,CV,3784149.277,266821.831,7.051039
2022,330455705073,Madureira,Milicia,3784149.277,1611482.095,42.585056
2022,330455705073,Madureira,TCP,3784149.277,358642.206,9.477486
2022,330455705074,Vaz Lobo,ADA,1053976.763,0.0,0.0
2022,330455705074,Vaz Lobo,CV,1053976.763,20201.915,1.916733
2022,330455705074,Vaz Lobo,Milicia,1053976.763,165.706,0.015722
2022,330455705074,Vaz Lobo,TCP,1053976.763,111474.327,10.576545
2022,330455705075,Turiaçu,ADA,1312987.215,0.0,0.0
2022,330455705075,Turiaçu,CV,1312987.215,404188.179,30.783862
2022,330455705075,Turiaçu,Milicia,1312987.215,1663.177,0.126671
2022,330455705075,Turiaçu,TCP,1312987.215,0.0,0.0
2022,330455705076,Rocha Miranda,ADA,2931197.068,0.0,0.0
2022,330455705076,Rocha Miranda,CV,2931197.068,662096.455,22.58792
2022,330455705076,Rocha Miranda,Milicia,2931197.068,64969.787,2.216493
2022,330455705076,Rocha Miranda,TCP,2931197.068,0.0,0.0
2022,330455705077,Honório Gurgel,ADA,1291655.929,0.0,0.0
2022,330455705077,Honório Gurgel,CV,1291655.929,138373.682,10.71289
2022,330455705077,Honório Gurgel,Milicia,1291655.929,247106.097,19.130954
2022,330455705077,Honório Gurgel,TCP,1291655.929,55.307,0.004282
2022,330455705078,Oswaldo Cruz,ADA,2109374.788,0.0,0.0
2022,330455705078,Oswaldo Cruz,CV,2109374.788,6228.193,0.295263
2022,330455705078,Oswaldo Cruz,Milicia,2109374.788,155348.296,7.364661
2022,330455705078,Oswaldo Cruz,TCP,2109374.788,0.0,0.0
2022,330455705079,Bento Ribeiro,ADA,3148947.915,0.0,0.0
2022,330455705079,Bento Ribeiro,CV,3148947.915,8335.575,0.26471
2022,330455705079,Bento Ribeiro,Milicia,3148947.915,331870.257,10.539084
2022,330455705079,Bento Ribeiro,TCP,3148947.915,0.0,0.0
2022,330455705080,Marechal Hermes,ADA,3842053.359,0.0,0.0
2022,330455705080,Marechal Hermes,CV,3842053.359,66824.944,1.739303
2022,330455705080,Marechal Hermes,Milicia,3842053.359,67418.48,1.754751
2022,330455705080,Marechal Hermes,TCP,3842053.359,225180.155,5.860933
2022,330455705081,Jacarepaguá,ADA,74749389.951,0.0,0.0
2022,330455705081,Jacarepaguá,CV,74749389.951,232718.863,0.311332
2022,330455705081,Jacarepaguá,Milicia,74749389.951,15580317.589,20.843404
2022,330455705081,Jacarepaguá,TCP,74749389.951,0.0,0.0
2022,330455705082,Anil,ADA,3773328.725,0.0,0.0
2022,330455705082,Anil,CV,3773328.725,14291.005,0.378737
2022,330455705082,Anil,Milicia,3773328.725,1208413.595,32.025134
2022,330455705082,Anil,TCP,3773328.725,0.0,0.0
2022,330455705083,Gardênia Azul,ADA,949103.226,0.0,0.0
2022,330455705083,Gardênia Azul,CV,949103.226,111.158,0.011712
2022,330455705083,Gardênia Azul,Milicia,949103.226,775097.35,81.666285
2022,330455705083,Gardênia Azul,TCP,949103.226,0.0,0.0
2022,330455705084,Cidade de Deus,ADA,1390931.874,0.0,0.0
2022,330455705084,Cidade de Deus,CV,1390931.874,1141841.868,82.091861
2022,330455705084,Cidade de Deus,Milicia,1390931.874,105.795,0.007606
2022,330455705084,Cidade de Deus,TCP,1390931.874,0.0,0.0
2022,330455705085,Curicica,ADA,3339007.728,0.0,0.0
2022,330455705085,Curicica,CV,3339007.728,0.0,0.0
2022,330455705085,Curicica,Milicia,3339007.728,2346525.995,70.276147
2022,330455705085,Curicica,TCP,3339007.728,0.0,0.0
2022,330455705086,Freguesia (Jacarepaguá),ADA,10108021.173,0.0,0.0
2022,330455705086,Freguesia (Jacarepaguá),CV,10108021.173,420625.407,4.161303
2022,330455705086,Freguesia (Jacarepaguá),Milicia,10108021.173,203512.155,2.013373
2022,330455705086,Freguesia (Jacarepaguá),TCP,10108021.173,0.0,0.0
2022,330455705087,Pechincha,ADA,3127046.955,0.0,0.0
2022,330455705087,Pechincha,CV,3127046.955,87571.214,2.800444
2022,330455705087,Pechincha,Milicia,3127046.955,107104.096,3.425088
2022,330455705087,Pechincha,TCP,3127046.955,0.0,0.0
2022,330455705088,Taquara,ADA,13409639.819,0.0,0.0
2022,330455705088,Taquara,CV,13409639.819,112101.516,0.835977
2022,330455705088,Taquara,Milicia,13409639.819,6753153.564,50.36044
2022,330455705088,Taquara,TCP,13409639.819,0.0,0.0
2022,330455705089,Tanque,ADA,5758334.63,0.0,0.0
2022,330455705089,Tanque,CV,5758334.63,0.0,0.0
2022,330455705089,Tanque,Milicia,5758334.63,3040552.243,52.802632
2022,330455705089,Tanque,TCP,5758334.63,0.0,0.0
2022,330455705090,Praça Seca,ADA,6556015.532,0.0,0.0
2022,330455705090,Praça Seca,CV,6556015.532,0.0,0.0
2022,330455705090,Praça Seca,Milicia,6556015.532,4962351.654,75.691579
2022,330455705090,Praça Seca,TCP,6556015.532,0.0,0.0
2022,330455705091,Vila Valqueire,ADA,4013527.509,0.0,0.0
2022,330455705091,Vila Valqueire,CV,4013527.509,0.0,0.0
2022,330455705091,Vila Valqueire,Milicia,4013527.509,1218303.31,30.354926
2022,330455705091,Vila Valqueire,TCP,4013527.509,0.0,0.0
2022,330455705092,Deodoro,ADA,4683193.264,0.0,0.0
2022,330455705092,Deodoro,CV,4683193.264,0.0,0.0
2022,330455705092,Deodoro,Milicia,4683193.264,2688.484,0.057407
2022,330455705092,Deodoro,TCP,4683193.264,299013.152,6.384813
2022,330455705093,Vila Militar,ADA,10520035.885,0.0,0.0
2022,330455705093,Vila Militar,CV,10520035.885,0.0,0.0
2022,330455705093,Vila Militar,Milicia,10520035.885,393309.756,3.738673
2022,330455705093,Vila Militar,TCP,10520035.885,0.0,0.0
2022,330455705094,Campo dos Afonsos,ADA,3173081.541,0.0,0.0
2022,330455705094,Campo dos Afonsos,CV,3173081.541,0.0,0.0
2022,330455705094,Campo dos Afonsos,Milicia,3173081.541,0.0,0.0
2022,330455705094,Campo dos Afonsos,TCP,3173081.541,0.0,0.0
2022,330455705095,Jardim Sulacap,ADA,7838000.908,0.0,0.0
2022,330455705095,Jardim Sulacap,CV,7838000.908,0.0,0.0
2022,330455705095,Jardim Sulacap,Milicia,7838000.908,16074.652,0.205086
2022,330455705095,Jardim Sulacap,TCP,7838000.908,0.0,0.0
2022,330455705096,Magalhães Bastos,ADA,2054160.612,87299.092,4.249867
2022,330455705096,Magalhães Bastos,CV,2054160.612,0.0,0.0
2022,330455705096,Magalhães Bastos,Milicia,2054160.612,388382.439,18.907112
2022,330455705096,Magalhães Bastos,TCP,2054160.612,0.0,0.0
2022,330455705097,Realengo,ADA,25902981.11,1148224.324,4.432788
2022,330455705097,Realengo,CV,25902981.11,27699.798,0.106937
2022,330455705097,Realengo,Milicia,25902981.11,3454179.712,13.335066
2022,330455705097,Realengo,TCP,25902981.11,78267.471,0.302156
2022,330455705098,Padre Miguel,ADA,4845945.365,1026628.705,21.185313
2022,330455705098,Padre Miguel,CV,4845945.365,21766.829,0.449176
2022,330455705098,Padre Miguel,Milicia,4845945.365,479064.761,9.885889
2022,330455705098,Padre Miguel,TCP,4845945.365,0.0,0.0
2022,330455705099,Bangu,ADA,37830395.943,1161299.374,3.069752
2022,330455705099,Bangu,CV,37830395.943,2536029.258,6.703682
2022,330455705099,Bangu,Milicia,37830395.943,5789921.969,15.304947
2022,330455705099,Bangu,TCP,37830395.943,1351324.053,3.572059
2022,330455705100,Senador Camará,ADA,17294389.899,52130.693,0.301431
2022,330455705100,Senador Camará,CV,17294389.899,178696.798,1.033265
2022,330455705100,Senador Camará,Milicia,17294389.899,8835.574,0.051089
2022,330455705100,Senador Camará,TCP,17294389.899,2474994.933,14.31097
2022,330455705101,Santíssimo,ADA,8471414.284,0.0,0.0
2022,330455705101,Santíssimo,CV,8471414.284,0.0,0.0
2022,330455705101,Santíssimo,Milicia,8471414.284,1283494.954,15.150893
2022,330455705101,Santíssimo,TCP,8471414.284,129403.484,1.527531
2022,330455705102,Campo Grande,ADA,104874675.28,0.0,0.0
2022,330455705102,Campo Grande,CV,104874675.28,83666.498,0.079778
2022,330455705102,Campo Grande,Milicia,104874675.28,21320891.509,20.329876
2022,330455705102,Campo Grande,TCP,104874675.28,0.0,0.0
2022,330455705103,Senador Vasconcelos,ADA,6282463.302,0.0,0.0
2022,330455705103,Senador Vasconcelos,CV,6282463.302,0.0,0.0
2022,330455705103,Senador Vasconcelos,Milicia,6282463.302,1065958.729,16.96721
2022,330455705103,Senador Vasconcelos,TCP,6282463.302,0.0,0.0
2022,330455705104,Inhoaíba,ADA,8246887.204,0.0,0.0
2022,330455705104,Inhoaíba,CV,8246887.204,231.804,0.002811
2022,330455705104,Inhoaíba,Milicia,8246887.204,3639089.365,44.126824
2022,330455705104,Inhoaíba,TCP,8246887.204,0.0,0.0
2022,330455705105,Cosmos,ADA,11341801.939,0.0,0.0
2022,330455705105,Cosmos,CV,11341801.939,0.0,0.0
2022,330455705105,Cosmos,Milicia,11341801.939,5588746.952,49.275653
2022,330455705105,Cosmos,TCP,11341801.939,0.0,0.0
2022,330455705106,Paciência,ADA,26711558.485,0.0,0.0
2022,330455705106,Paciência,CV,26711558.485,71825.336,0.268892
2022,330455705106,Paciência,Milicia,26711558.485,7957974.246,29.79225
2022,330455705106,Paciência,TCP,26711558.485,0.0,0.0
2022,330455705107,Santa Cruz,ADA,123060884.941,0.0,0.0
2022,330455705107,Santa Cruz,CV,123060884.941,83118.316,0.067542
2022,330455705107,Santa Cruz,Milicia,123060884.941,22024674.201,17.89738
2022,330455705107,Santa Cruz,TCP,123060884.941,0.0,0.0
2022,330455705108,Sepetiba,ADA,11867945.594,0.0,0.0
2022,330455705108,Sepetiba,CV,11867945.594,0.0,0.0
2022,330455705108,Sepetiba,Milicia,11867945.594,7375659.694,62.147738
2022,330455705108,Sepetiba,TCP,11867945.594,0.0,0.0
2022,330455705109,Ribeira,ADA,873943.13,0.0,0.0
2022,330455705109,Ribeira,CV,873943.13,0.0,0.0
2022,330455705109,Ribeira,Milicia,873943.13,0.0,0.0
2022,330455705109,Ribeira,TCP,873943.13,0.0,0.0
2022,330455705110,Zumbi,ADA,182858.391,0.0,0.0
2022,330455705110,Zumbi,CV,182858.391,0.0,0.0
2022,330455705110,Zumbi,Milicia,182858.391,0.0,0.0
2022,330455705110,Zumbi,TCP,182858.391,0.0,0.0
2022,330455705111,Cacuia,ADA,2145636.701,0.0,0.0
2022,330455705111,Cacuia,CV,2145636.701,0.0,0.0
2022,330455705111,Cacuia,Milicia,2145636.701,106866.432,4.98064
2022,330455705111,Cacuia,TCP,2145636.701,0.014,1e-06
2022,330455705112,Pitangueiras,ADA,619268.101,0.0,0.0
2022,330455705112,Pitangueiras,CV,619268.101,0.0,0.0
2022,330455705112,Pitangueiras,Milicia,619268.101,113803.834,18.377151
2022,330455705112,Pitangueiras,TCP,619268.101,0.0,0.0
2022,330455705113,Praia da Bandeira,ADA,332647.93,0.0,0.0
2022,330455705113,Praia da Bandeira,CV,332647.93,0.0,0.0
2022,330455705113,Praia da Bandeira,Milicia,332647.93,171974.666,51.698703
2022,330455705113,Praia da Bandeira,TCP,332647.93,0.0,0.0
2022,330455705114,Cocotá,ADA,579176.523,0.0,0.0
2022,330455705114,Cocotá,CV,579176.523,0.0,0.0
2022,330455705114,Cocotá,Milicia,579176.523,301416.772,52.042298
2022,330455705114,Cocotá,TCP,579176.523,6.062,0.001047
2022,330455705115,Bancários,ADA,1020691.23,57075.198,5.591818
2022,330455705115,Bancários,CV,1020691.23,0.0,0.0
2022,330455705115,Bancários,Milicia,1020691.23,227.211,0.022261
2022,330455705115,Bancários,TCP,1020691.23,91996.693,9.013176
2022,330455705116,Freguesia (Ilha do Governador),ADA,4109015.707,0.0,0.0
2022,330455705116,Freguesia (Ilha do Governador),CV,4109015.707,0.0,0.0
2022,330455705116,Freguesia (Ilha do Governador),Milicia,4109015.707,0.0,0.0
2022,330455705116,Freguesia (Ilha do Governador),TCP,4109015.707,161353.678,3.926821
2022,330455705117,Jardim Guanabara,ADA,3207591.058,0.0,0.0
2022,330455705117,Jardim Guanabara,CV,3207591.058,0.0,0.0
2022,330455705117,Jardim Guanabara,Milicia,3207591.058,0.0,0.0
2022,330455705117,Jardim Guanabara,TCP,3207591.058,13300.394,0.414654
2022,330455705118,Jardim Carioca,ADA,1569958.828,0.0,0.0
2022,330455705118,Jardim Carioca,CV,1569958.828,0.0,0.0
2022,330455705118,Jardim Carioca,Milicia,1569958.828,1446.78,0.092154
2022,330455705118,Jardim Carioca,TCP,1569958.828,124532.698,7.932227
2022,330455705119,Tauá,ADA,1617763.743,539.288,0.033335
2022,330455705119,Tauá,CV,1617763.743,0.0,0.0
2022,330455705119,Tauá,Milicia,1617763.743,172440.002,10.659159
2022,330455705119,Tauá,TCP,1617763.743,122883.781,7.595904
2022,330455705120,Moneró,ADA,532864.681,0.0,0.0
2022,330455705120,Moneró,CV,532864.681,0.0,0.0
2022,330455705120,Moneró,Milicia,532864.681,0.0,0.0
2022,330455705120,Moneró,TCP,532864.681,0.0,0.0
2022,330455705121,Portuguesa,ADA,1208445.694,0.0,0.0
2022,330455705121,Portuguesa,CV,1208445.694,0.0,0.0
2022,330455705121,Portuguesa,Milicia,1208445.694,0.0,0.0
2022,330455705121,Portuguesa,TCP,1208445.694,189073.847,15.646036
2022,330455705122,Galeão,ADA,18992288.329,0.0,0.0
2022,330455705122,Galeão,CV,18992288.329,341503.063,1.798114
2022,330455705122,Galeão,Milicia,18992288.329,0.0,0.0
2022,330455705122,Galeão,TCP,18992288.329,118171.304,0.622207
2022,330455705123,Cidade Universitária,ADA,4947976.897,0.0,0.0
2022,330455705123,Cidade Universitária,CV,4947976.897,0.0,0.0
2022,330455705123,Cidade Universitária,Milicia,4947976.897,0.0,0.0
2022,330455705123,Cidade Universitária,TCP,4947976.897,0.0,0.0
2022,330455705124,Guadalupe,ADA,3803468.412,0.0,0.0
2022,330455705124,Guadalupe,CV,3803468.412,495234.2,13.020595
2022,330455705124,Guadalupe,Milicia,3803468.412,1076021.923,28.290544
2022,330455705124,Guadalupe,TCP,3803468.412,77182.371,2.029263
2022,330455705125,Anchieta,ADA,4330770.883,0.0,0.0
2022,330455705125,Anchieta,CV,4330770.883,1746416.281,40.32576
2022,330455705125,Anchieta,Milicia,4330770.883,262823.572,6.068748
2022,330455705125,Anchieta,TCP,4330770.883,146981.485,3.393887
2022,330455705126,Parque Anchieta,ADA,3956592.823,0.0,0.0
2022,330455705126,Parque Anchieta,CV,3956592.823,34315.886,0.867309
2022,330455705126,Parque Anchieta,Milicia,3956592.823,210878.382,5.329797
2022,330455705126,Parque Anchieta,TCP,3956592.823,472.145,0.011933
2022,330455705127,Ricardo de Albuquerque,ADA,2278207.357,0.0,0.0
2022,330455705127,Ricardo de Albuquerque,CV,2278207.357,372471.778,16.349336
2022,330455705127,Ricardo de Albuquerque,Milicia,2278207.357,0.0,0.0
2022,330455705127,Ricardo de Albuquerque,TCP,2278207.357,0.0,0.0
2022,330455705128,Santa Teresa,ADA,5083505.53,0.0,0.0
2022,330455705128,Santa Teresa,CV,5083505.53,311334.21,6.1244
2022,330455705128,Santa Teresa,Milicia,5083505.53,3420.642,0.067289
2022,330455705128,Santa Teresa,TCP,5083505.53,0.0,0.0
2022,330455705129,Joá,ADA,1704745.172,0.0,0.0
2022,330455705129,Joá,CV,1704745.172,0.0,0.0
2022,330455705129,Joá,Milicia,1704745.172,0.0,0.0
2022,330455705129,Joá,TCP,1704745.172,0.0,0.0
2022,330455705130,Itanhangá,ADA,13103660.398,0.0,0.0
2022,330455705130,Itanhangá,CV,13103660.398,290692.248,2.218405
2022,330455705130,Itanhangá,Milicia,13103660.398,2164919.322,16.521485
2022,330455705130,Itanhangá,TCP,13103660.398,0.0,0.0
2022,330455705131,Barra da Tijuca,ADA,49110465.087,0.0,0.0
2022,330455705131,Barra da Tijuca,CV,49110465.087,0.0,0.0
2022,330455705131,Barra da Tijuca,Milicia,49110465.087,335005.669,0.682147
2022,330455705131,Barra da Tijuca,TCP,49110465.087,0.0,0.0
2022,330455705132,Camorim,ADA,8382818.669,0.0,0.0
2022,330455705132,Camorim,CV,8382818.669,0.0,0.0
2022,330455705132,Camorim,Milicia,8382818.669,1600431.357,19.091805
2022,330455705132,Camorim,TCP,8382818.669,0.0,0.0
2022,330455705133,Vargem Pequena,ADA,14217990.568,0.0,0.0
2022,330455705133,Vargem Pequena,CV,14217990.568,0.0,0.0
2022,330455705133,Vargem Pequena,Milicia,14217990.568,3080205.112,21.664138
2022,330455705133,Vargem Pequena,TCP,14217990.568,0.0,0.0
2022,330455705134,Vargem Grande,ADA,39432003.265,0.0,0.0
2022,330455705134,Vargem Grande,CV,39432003.265,0.0,0.0
2022,330455705134,Vargem Grande,Milicia,39432003.265,6672405.535,16.921295
2022,330455705134,Vargem Grande,TCP,39432003.265,0.0,0.0
2022,330455705135,Recreio dos Bandeirantes,ADA,31185606.999,0.0,0.0
2022,330455705135,Recreio dos Bandeirantes,CV,31185606.999,0.0,0.0
2022,330455705135,Recreio dos Bandeirantes,Milicia,31185606.999,5405757.381,17.334142
2022,330455705135,Recreio dos Bandeirantes,TCP,31185606.999,0.0,0.0
2022,330455705136,Grumari,ADA,9952429.072,0.0,0.0
2022,330455705136,Grumari,CV,9952429.072,0.0,0.0
2022,330455705136,Grumari,Milicia,9952429.072,0.0,0.0
2022,330455705136,Grumari,TCP,9952429.072,0.0,0.0
2022,330455705137,Coelho Neto,ADA,2502135.272,0.0,0.0
2022,330455705137,Coelho Neto,CV,2502135.272,90761.268,3.627353
2022,330455705137,Coelho Neto,Milicia,2502135.272,0.0,0.0
2022,330455705137,Coelho Neto,TCP,2502135.272,167936.975,6.711746
2022,330455705138,Acari,ADA,1585077.274,0.0,0.0
2022,330455705138,Acari,CV,1585077.274,0.0,0.0
2022,330455705138,Acari,Milicia,1585077.274,330.579,0.020856
2022,330455705138,Acari,TCP,1585077.274,768018.409,48.453058
2022,330455705139,Barros Filho,ADA,1761486.011,79.097,0.00449
2022,330455705139,Barros Filho,CV,1761486.011,443646.274,25.18591
2022,330455705139,Barros Filho,Milicia,1761486.011,61.221,0.003476
2022,330455705139,Barros Filho,TCP,1761486.011,291074.499,16.524372
2022,330455705140,Costa Barros,ADA,1854314.876,120109.862,6.477317
2022,330455705140,Costa Barros,CV,1854314.876,550497.017,29.687354
2022,330455705140,Costa Barros,Milicia,1854314.876,54364.514,2.931784
2022,330455705140,Costa Barros,TCP,1854314.876,355074.116,19.148534
2022,330455705141,Pavuna,ADA,8250574.787,74730.951,0.905767
2022,330455705141,Pavuna,CV,8250574.787,1582767.776,19.183727
2022,330455705141,Pavuna,Milicia,8250574.787,1422397.152,17.239976
2022,330455705141,Pavuna,TCP,8250574.787,883158.062,10.7042
2022,330455705142,Guaratiba,ADA,135062990.914,0.0,0.0
2022,330455705142,Guaratiba,CV,135062990.914,0.0,0.0
2022,330455705142,Guaratiba,Milicia,135062990.914,10153783.413,7.517813
2022,330455705142,Guaratiba,TCP,135062990.914,0.0,0.0
2022,330455705143,Barra de Guaratiba,ADA,9977019.052,0.0,0.0
2022,330455705143,Barra de Guaratiba,CV,9977019.052,0.0,0.0
2022,330455705143,Barra de Guaratiba,Milicia,9977019.052,983448.392,9.857137
2022,330455705143,Barra de Guaratiba,TCP,9977019.052,0.0,0.0
2022,330455705144,Pedra de Guaratiba,ADA,3641094.955,0.0,0.0
2022,330455705144,Pedra de Guaratiba,CV,3641094.955,0.0,0.0
2022,330455705144,Pedra de Guaratiba,Milicia,3641094.955,923848.684,25.372826
2022,330455705144,Pedra de Guaratiba,TCP,3641094.955,0.0,0.0
2022,330455705145,Higienópolis,ADA,1151794.312,0.0,0.0
2022,330455705145,Higienópolis,CV,1151794.312,11302.359,0.981283
2022,330455705145,Higienópolis,Milicia,1151794.312,16509.437,1.433367
2022,330455705145,Higienópolis,TCP,1151794.312,0.0,0.0
2022,330455705146,Jacaré,ADA,904148.125,0.0,0.0
2022,330455705146,Jacaré,CV,904148.125,64709.921,7.157004
2022,330455705146,Jacaré,Milicia,904148.125,0.0,0.0
2022,330455705146,Jacaré,TCP,904148.125,0.0,0.0
2022,330455705147,Maria da Graça,ADA,874970.376,0.0,0.0
2022,330455705147,Maria da Graça,CV,874970.376,294.941,0.033709
2022,330455705147,Maria da Graça,Milicia,874970.376,0.0,0.0
2022,330455705147,Maria da Graça,TCP,874970.376,0.0,0.0
2022,330455705148,Del Castilho,ADA,1383449.914,0.0,0.0
2022,330455705148,Del Castilho,CV,1383449.914,21055.936,1.521988
2022,330455705148,Del Castilho,Milicia,1383449.914,829836.42,59.98312
2022,330455705148,Del Castilho,TCP,1383449.914,0.0,0.0
2022,330455705149,Inhaúma,ADA,3496464.039,0.0,0.0
2022,330455705149,Inhaúma,CV,3496464.039,339198.823,9.701196
2022,330455705149,Inhaúma,Milicia,3496464.039,1014608.265,29.018124
2022,330455705149,Inhaúma,TCP,3496464.039,0.0,0.0
2022,330455705150,Engenho da Rainha,ADA,2257186.131,0.0,0.0
2022,330455705150,Engenho da Rainha,CV,2257186.131,578608.203,25.634049
2022,330455705150,Engenho da Rainha,Milicia,2257186.131,0.0,0.0
2022,330455705150,Engenho da Rainha,TCP,2257186.131,0.0,0.0
2022,330455705151,Tomás Coelho,ADA,1774340.341,44441.436,2.504674
2022,330455705151,Tomás Coelho,CV,1774340.341,98586.504,5.556234
2022,330455705151,Tomás Coelho,Milicia,1774340.341,20598.12,1.160889
2022,330455705151,Tomás Coelho,TCP,1774340.341,236451.006,13.326136
2022,330455705152,Saúde,ADA,344572.668,0.0,0.0
2022,330455705152,Saúde,CV,344572.668,0.0,0.0
2022,330455705152,Saúde,Milicia,344572.668,2474.188,0.718045
2022,330455705152,Saúde,TCP,344572.668,0.0,0.0
2022,330455705153,Paquetá,ADA,1675845.054,163725.228,9.769712
2022,330455705153,Paquetá,CV,1675845.054,24864.53,1.483701
2022,330455705153,Paquetá,Milicia,1675845.054,0.0,0.0
2022,330455705153,Paquetá,TCP,1675845.054,0.0,0.0
2022,330455705154,Parque Columbia,ADA,1519835.366,20488.098,1.348047
2022,330455705154,Parque Columbia,CV,1519835.366,0.0,0.0
2022,330455705154,Parque Columbia,Milicia,1519835.366,18.606,0.001224
2022,330455705154,Parque Columbia,TCP,1519835.366,113570.98,7.472584
2022,330455705155,Jacarezinho,ADA,991554.655,0.0,0.0
2022,330455705155,Jacarezinho,CV,991554.655,526225.999,53.070801
2022,330455705155,Jacarezinho,Milicia,991554.655,0.0,0.0
2022,330455705155,Jacarezinho,TCP,991554.655,0.0,0.0
2022,330455705156,Rocinha,ADA,1460252.789,0.0,0.0
2022,330455705156,Rocinha,CV,1460252.789,906640.158,62.087891
2022,330455705156,Rocinha,Milicia,1460252.789,0.0,0.0
2022,330455705156,Rocinha,TCP,1460252.789,0.0,0.0
2022,330455705157,Complexo do Alemão,ADA,2854606.277,0.0,0.0
2022,330455705157,Complexo do Alemão,CV,2854606.277,1973593.349,69.137147
2022,330455705157,Complexo do Alemão,Milicia,2854606.277,0.0,0.0
2022,330455705157,Complexo do Alemão,TCP,2854606.277,0.0,0.0
2022,330455705158,Maré,ADA,4347749.885,0.0,0.0
2022,330455705158,Maré,CV,4347749.885,900265.154,20.706461
2022,330455705158,Maré,Milicia,4347749.885,1119075.023,25.739177
2022,330455705158,Maré,TCP,4347749.885,1289751.107,29.664795
2022,330455705159,Vasco da Gama,ADA,1051322.951,0.0,0.0
2022,330455705159,Vasco da Gama,CV,1051322.951,107375.1,10.213332
2022,330455705159,Vasco da Gama,Milicia,1051322.951,0.0,0.0
2022,330455705159,Vasco da Gama,TCP,1051322.951,0.0,0.0
2022,330455705160,Gericinó,ADA,1903405.18,0.0,0.0
2022,330455705160,Gericinó,CV,1903405.18,0.0,0.0
2022,330455705160,Gericinó,Milicia,1903405.18,1751423.781,92.015289
2022,330455705160,Gericinó,TCP,1903405.18,0.0,0.0
